000001	稚内	45.416163	141.6773	北海道旅客鉄道・宗谷線
000002	南稚内	45.397925	141.68294	北海道旅客鉄道・宗谷線
000004	勇知	45.25923	141.68517	北海道旅客鉄道・宗谷線
000005	兜沼	45.22031	141.69747	北海道旅客鉄道・宗谷線
000006	豊富	45.104403	141.772383	北海道旅客鉄道・宗谷線
000007	下沼	45.03723	141.758205	北海道旅客鉄道・宗谷線
000008	幌延	45.0144	141.845985	北海道旅客鉄道・宗谷線
000010	糠南	44.920792	142.000902	北海道旅客鉄道・宗谷線
000011	問寒別	44.91232	142.025585	北海道旅客鉄道・宗谷線
000013	天塩中川	44.81195	142.075355	北海道旅客鉄道・宗谷線
000014	佐久	44.74417	142.048683	北海道旅客鉄道・宗谷線
000015	筬島	44.738885	142.19785	北海道旅客鉄道・宗谷線
000016	音威子府	44.72944	142.25988	北海道旅客鉄道・宗谷線
000017	咲来	44.69267	142.267543	北海道旅客鉄道・宗谷線
000018	天塩川温泉	44.665075	142.25872	北海道旅客鉄道・宗谷線
000021	美深	44.4829	142.350655	北海道旅客鉄道・宗谷線
000022	智北	44.461235	142.395275	北海道旅客鉄道・宗谷線
000023	智恵文	44.45551	142.41481	北海道旅客鉄道・宗谷線
000024	日進	44.3819	142.46716	北海道旅客鉄道・宗谷線
000025	名寄	44.349353	142.465415	北海道旅客鉄道・宗谷線
000026	名寄高校	44.331173	142.465483	北海道旅客鉄道・宗谷線
000027	風連	44.29231	142.421625	北海道旅客鉄道・宗谷線
000028	瑞穂	44.266435	142.39638	北海道旅客鉄道・宗谷線
000029	多寄	44.24039	142.39636	北海道旅客鉄道・宗谷線
000030	士別	44.172195	142.38794	北海道旅客鉄道・宗谷線
000031	剣淵	44.09645	142.36461	北海道旅客鉄道・宗谷線
000032	遠軽	44.06028	143.52068	北海道旅客鉄道・石北線
000033	和寒	44.027365	142.415285	北海道旅客鉄道・宗谷線
000034	網走	44.019915	144.25418	北海道旅客鉄道・釧網線
000035	網走	44.019915	144.25418	北海道旅客鉄道・石北線
000036	桂台	44.01697	144.273235	北海道旅客鉄道・釧網線
000037	瀬戸瀬	44.008755	143.421095	北海道旅客鉄道・石北線
000038	丸瀬布	44.00632	143.33581	北海道旅客鉄道・石北線
000039	安国	43.993325	143.535785	北海道旅客鉄道・石北線
000040	鱒浦	43.98253	144.296535	北海道旅客鉄道・釧網線
000041	藻琴	43.968395	144.32001	北海道旅客鉄道・釧網線
000042	塩狩	43.968065	142.454915	北海道旅客鉄道・宗谷線
000043	呼人	43.963785	144.218955	北海道旅客鉄道・石北線
000044	北浜	43.958535	144.35246	北海道旅客鉄道・釧網線
000046	原生花園	43.94102	144.41439	北海道旅客鉄道・釧網線
000047	浜小清水	43.93403	144.45313	北海道旅客鉄道・釧網線
000048	蘭留	43.925015	142.473465	北海道旅客鉄道・宗谷線
000049	生田原	43.923695	143.534635	北海道旅客鉄道・石北線
000050	止別	43.92147	144.520045	北海道旅客鉄道・釧網線
000051	女満別	43.915965	144.170805	北海道旅客鉄道・石北線
000053	知床斜里	43.910825	144.66164	北海道旅客鉄道・釧網線
000054	愛別	43.898665	142.582195	北海道旅客鉄道・石北線
000055	中愛別	43.896225	142.65548	北海道旅客鉄道・石北線
000057	白滝	43.88447	143.180817	北海道旅客鉄道・石北線
000058	緋牛内	43.8805	143.999705	北海道旅客鉄道・石北線
000059	西女満別	43.880025	144.14829	北海道旅客鉄道・石北線
000060	伊香牛	43.87606	142.52535	北海道旅客鉄道・石北線
000061	比布	43.874515	142.47134	北海道旅客鉄道・宗谷線
000062	中斜里	43.87447	144.659095	北海道旅客鉄道・釧網線
000065	安足間	43.851985	142.69388	北海道旅客鉄道・石北線
000066	端野	43.851365	143.94237	北海道旅客鉄道・石北線
000069	上川	43.848515	142.766795	北海道旅客鉄道・石北線
000070	愛し野	43.841405	143.93281	北海道旅客鉄道・石北線
000071	清里町	43.83869	144.59399	北海道旅客鉄道・釧網線
000072	美幌	43.837037	144.105577	北海道旅客鉄道・石北線
000074	北永山	43.826753	142.454483	北海道旅客鉄道・宗谷線
000075	当麻	43.825535	142.51703	北海道旅客鉄道・石北線
000076	柏陽	43.82502	143.916955	北海道旅客鉄道・石北線
000077	永山	43.814195	142.434395	北海道旅客鉄道・宗谷線
000078	石狩沼田	43.81012	141.93414	北海道旅客鉄道・留萌線
000079	東相内	43.805445	143.809465	北海道旅客鉄道・石北線
000080	北見	43.80542	143.898135	北海道旅客鉄道・石北線
000081	西北見	43.80315	143.84158	北海道旅客鉄道・石北線
000082	桜岡	43.80194	142.487037	北海道旅客鉄道・石北線
000083	相内	43.795915	143.7564	北海道旅客鉄道・石北線
000084	北秩父別	43.78934	141.96099	北海道旅客鉄道・留萌線
000085	近文	43.78926	142.32537	北海道旅客鉄道・函館線
000086	札弦	43.786525	144.53162	北海道旅客鉄道・釧網線
000087	留辺蘂	43.785567	143.621293	北海道旅客鉄道・石北線
000088	西留辺蘂	43.785315	143.603365	北海道旅客鉄道・石北線
000089	南永山	43.78055	142.408615	北海道旅客鉄道・石北線
000090	新旭川	43.780215	142.384755	北海道旅客鉄道・宗谷線
000091	新旭川	43.780215	142.384755	北海道旅客鉄道・石北線
000092	東旭川	43.776605	142.441485	北海道旅客鉄道・石北線
000093	秩父別	43.76908	141.96772	北海道旅客鉄道・留萌線
000094	旭川四条	43.76401	142.37582	北海道旅客鉄道・宗谷線
000095	旭川	43.76344	142.35792	北海道旅客鉄道・宗谷線
000096	旭川	43.76344	142.35792	北海道旅客鉄道・函館線
000097	旭川	43.76229	142.35822	北海道旅客鉄道・富良野線
000098	神楽岡	43.745052	142.358252	北海道旅客鉄道・富良野線
000099	北一已	43.74208	142.014735	北海道旅客鉄道・留萌線
000100	納内	43.732555	142.13005	北海道旅客鉄道・函館線
000101	緑が丘	43.73114	142.36567	北海道旅客鉄道・富良野線
000102	深川	43.72125	142.041448	北海道旅客鉄道・函館線
000103	深川	43.72125	142.041448	北海道旅客鉄道・留萌線
000104	西御料	43.720845	142.37155	北海道旅客鉄道・富良野線
000105	緑	43.718285	144.50551	北海道旅客鉄道・釧網線
000106	西瑞穂	43.702465	142.382115	北海道旅客鉄道・富良野線
000107	妹背牛	43.690955	141.96665	北海道旅客鉄道・函館線
000108	西神楽	43.68224	142.39366	北海道旅客鉄道・富良野線
000109	西聖和	43.669027	142.41512	北海道旅客鉄道・富良野線
000110	千代ヶ岡	43.643745	142.451115	北海道旅客鉄道・富良野線
000111	江部乙	43.62763	141.93592	北海道旅客鉄道・函館線
000112	北美瑛	43.61791	142.47965	北海道旅客鉄道・富良野線
000113	川湯温泉	43.616475	144.45805	北海道旅客鉄道・釧網線
000114	美瑛	43.591185	142.461695	北海道旅客鉄道・富良野線
000116	美留和	43.55536	144.437675	北海道旅客鉄道・釧網線
000117	滝川	43.555215	141.900785	北海道旅客鉄道・根室線
000118	滝川	43.555215	141.900785	北海道旅客鉄道・函館線
000119	赤平	43.55488	142.04866	北海道旅客鉄道・根室線
000120	平岸	43.541295	142.125275	北海道旅客鉄道・根室線
000121	美馬牛	43.537435	142.44714	北海道旅客鉄道・富良野線
000122	茂尻	43.537105	142.08213	北海道旅客鉄道・根室線
000123	芦別	43.516655	142.184245	北海道旅客鉄道・根室線
000124	砂川	43.49361	141.909715	北海道旅客鉄道・函館線
000125	上芦別	43.488535	142.211075	北海道旅客鉄道・根室線
000126	摩周	43.48737	144.46374	北海道旅客鉄道・釧網線
000127	野花南	43.47447	142.26175	北海道旅客鉄道・根室線
000128	豊沼	43.46435	141.9011	北海道旅客鉄道・函館線
000129	上富良野	43.46412	142.468805	北海道旅客鉄道・富良野線
000130	西中	43.42947	142.441815	北海道旅客鉄道・富良野線
000131	奈井江	43.42401	141.88927	北海道旅客鉄道・函館線
000132	中富良野	43.405725	142.420915	北海道旅客鉄道・富良野線
000133	鹿討	43.387545	142.404945	北海道旅客鉄道・富良野線
000134	磯分内	43.37953	144.554175	北海道旅客鉄道・釧網線
000135	茶志内	43.369805	141.873355	北海道旅客鉄道・函館線
000136	学田	43.36652	142.38648	北海道旅客鉄道・富良野線
000137	富良野	43.3472	142.39143	北海道旅客鉄道・根室線
000138	富良野	43.3472	142.39143	北海道旅客鉄道・富良野線
000139	美唄	43.330665	141.86213	北海道旅客鉄道・函館線
000140	根室	43.326795	145.58304	北海道旅客鉄道・根室線
000142	標茶	43.298425	144.60844	北海道旅客鉄道・釧網線
000143	光珠内	43.29267	141.844685	北海道旅客鉄道・函館線
000145	西和田	43.268045	145.54189	北海道旅客鉄道・根室線
000146	峰延	43.264675	141.81468	北海道旅客鉄道・函館線
000148	北海道医療大学	43.2311	141.55014	北海道旅客鉄道・札沼線
000149	昆布盛	43.22857	145.54248	北海道旅客鉄道・根室線
000150	厚床	43.22822	145.25236	北海道旅客鉄道・根室線
000151	当別	43.22214	141.51379	北海道旅客鉄道・札沼線
000152	別当賀	43.21842	145.42362	北海道旅客鉄道・根室線
000153	岩見沢	43.20411	141.75924	北海道旅客鉄道・室蘭線
000154	岩見沢	43.20411	141.75924	北海道旅客鉄道・函館線
000155	塩谷	43.202435	140.92451	北海道旅客鉄道・函館線
000156	茅沼	43.202125	144.503775	北海道旅客鉄道・釧網線
000157	落石	43.198325	145.51946	北海道旅客鉄道・根室線
000159	小樽	43.19712	140.99368	北海道旅客鉄道・函館線
000160	蘭島	43.196535	140.854675	北海道旅客鉄道・函館線
000161	姉別	43.19634	145.1945	北海道旅客鉄道・根室線
000162	太美	43.189855	141.449065	北海道旅客鉄道・札沼線
000163	南小樽	43.18653	141.00789	北海道旅客鉄道・函館線
000164	余市	43.18639	140.794685	北海道旅客鉄道・函館線
000165	上幌向	43.18181	141.715265	北海道旅客鉄道・函館線
000166	小樽築港	43.180877	141.02789	北海道旅客鉄道・函館線
000167	ロイズタウン	43.179714	141.43649	北海道旅客鉄道・札沼線
000168	朝里	43.17686	141.0639	北海道旅客鉄道・函館線
000171	あいの里公園	43.1609	141.41303	北海道旅客鉄道・札沼線
000172	志文	43.159035	141.74451	北海道旅客鉄道・室蘭線
000173	浜中	43.157665	145.099735	北海道旅客鉄道・根室線
000174	拓北	43.155505	141.381085	北海道旅客鉄道・札沼線
000175	あいの里教育大	43.155115	141.398765	北海道旅客鉄道・札沼線
000176	仁木	43.154097	140.77082	北海道旅客鉄道・函館線
000177	塘路	43.151725	144.496785	北海道旅客鉄道・釧網線
000178	幌向	43.151562	141.65556	北海道旅客鉄道・函館線
000179	篠路	43.14508	141.36424	北海道旅客鉄道・札沼線
000180	銭函	43.143415	141.159925	北海道旅客鉄道・函館線
000181	豊幌	43.136485	141.624765	北海道旅客鉄道・函館線
000183	ほしみ	43.13346	141.1915	北海道旅客鉄道・函館線
000184	星置	43.132275	141.210645	北海道旅客鉄道・函館線
000185	百合が原	43.1314	141.360685	北海道旅客鉄道・札沼線
000186	茶内	43.129195	145.02807	北海道旅客鉄道・根室線
000187	稲穂	43.1284	141.22244	北海道旅客鉄道・函館線
000188	然別	43.12555	140.737215	北海道旅客鉄道・函館線
000190	太平	43.123925	141.34926	北海道旅客鉄道・札沼線
000191	栗沢	43.120385	141.739725	北海道旅客鉄道・室蘭線
000192	手稲	43.120125	141.24385	北海道旅客鉄道・函館線
000193	新琴似	43.113045	141.33514	北海道旅客鉄道・札沼線
000194	栄町	43.11302	141.367145	札幌市・東豊線
000195	稲積公園	43.11231	141.25676	北海道旅客鉄道・函館線
000196	江別	43.11014	141.556575	北海道旅客鉄道・函館線
000197	麻生	43.10834	141.33848	札幌市・南北線
000198	細岡	43.10501	144.46963	北海道旅客鉄道・釧網線
000199	新道東	43.104627	141.369197	札幌市・東豊線
000200	釧路湿原	43.100465	144.44781	北海道旅客鉄道・釧網線
000201	発寒	43.100185	141.27663	北海道旅客鉄道・函館線
000202	高砂	43.10016	141.5407	北海道旅客鉄道・函館線
000203	北34条	43.100105	141.34213	札幌市・南北線
000204	新川	43.098575	141.323735	北海道旅客鉄道・札沼線
000205	元町	43.09404	141.371785	札幌市・東豊線
000206	野幌	43.09262	141.529805	北海道旅客鉄道・函館線
000207	北24条	43.08961	141.344825	札幌市・南北線
000208	宮の沢	43.089525	141.27776	札幌市・東西線
000209	発寒中央	43.089265	141.294575	北海道旅客鉄道・函館線
000210	八軒	43.08607	141.319193	北海道旅客鉄道・札沼線
000211	栗丘	43.08559	141.744387	北海道旅客鉄道・室蘭線
000212	環状通東	43.08238	141.374425	札幌市・東豊線
000213	新得	43.08183	142.832655	北海道旅客鉄道・根室線
000214	新得	43.08183	142.832655	北海道旅客鉄道・石勝線
000215	北18条	43.081645	141.346755	札幌市・南北線
000216	発寒南	43.08153	141.29022	札幌市・東西線
000217	琴似	43.08151	141.307395	北海道旅客鉄道・函館線
000218	東区役所前	43.078215	141.36527	札幌市・東豊線
000219	北13条東	43.076825	141.354935	札幌市・東豊線
000220	琴似	43.075445	141.304445	札幌市・東西線
000221	北12条	43.0747	141.348495	札幌市・南北線
000222	大麻	43.072177	141.49658	北海道旅客鉄道・函館線
000223	桑園	43.07076	141.331895	北海道旅客鉄道・札沼線
000224	桑園	43.07076	141.331895	北海道旅客鉄道・函館線
000225	二十四軒	43.07045	141.313605	札幌市・東西線
000226	苗穂	43.068597	141.373705	北海道旅客鉄道・函館線
000227	札幌	43.068373	141.349993	北海道旅客鉄道・函館線
000228	さっぽろ	43.06624	141.353885	札幌市・東豊線
000229	さっぽろ	43.06586	141.350665	札幌市・南北線
000230	バスセンター前	43.061525	141.361925	札幌市・東西線
000231	西28丁目	43.060965	141.314565	札幌市・東西線
000232	大通	43.060687	141.355317	札幌市・東豊線
000233	大通	43.060083	141.352253	札幌市・東西線
000234	大通	43.060027	141.352137	札幌市・南北線
000235	西4丁目	43.058895	141.351845	一般社団法人札幌市交通事業振興公社・1条線
000236	西4丁目	43.058895	141.351845	一般社団法人札幌市交通事業振興公社・都心線
000237	西11丁目	43.058685	141.341395	札幌市・東西線
000238	西8丁目	43.05818	141.34672	一般社団法人札幌市交通事業振興公社・1条線
000239	栗山	43.05816	141.7756	北海道旅客鉄道・室蘭線
000240	門静	43.057565	144.782725	北海道旅客鉄道・根室線
000241	中央区役所前	43.057515	141.341975	一般社団法人札幌市交通事業振興公社・1条線
000242	狸小路	43.057044	141.35285	一般社団法人札幌市交通事業振興公社・都心線
000243	菊水	43.05726	141.372755	札幌市・東西線
000244	西18丁目	43.05724	141.330405	札幌市・東西線
000245	森林公園	43.056445	141.481525	北海道旅客鉄道・函館線
000246	厚岸	43.056263	144.84133	北海道旅客鉄道・根室線
000247	西15丁目	43.05624	141.335225	一般社団法人札幌市交通事業振興公社・1条線
000248	西15丁目	43.05624	141.335225	一般社団法人札幌市交通事業振興公社・山鼻西線
000249	トマム	43.05604	142.611155	北海道旅客鉄道・石勝線
000250	円山公園	43.055735	141.319515	札幌市・東西線
000251	すすきの	43.05556	141.35273	一般社団法人札幌市交通事業振興公社・山鼻線
000252	すすきの	43.05556	141.35273	一般社団法人札幌市交通事業振興公社・都心線
000253	すすきの	43.0553	141.353365	札幌市・南北線
000254	資生館小学校前	43.055115	141.34926	一般社団法人札幌市交通事業振興公社・山鼻線
000255	白石	43.05476	141.41407	北海道旅客鉄道・千歳線
000256	白石	43.05476	141.41407	北海道旅客鉄道・函館線
000257	豊水すすきの	43.054095	141.35699	札幌市・東豊線
000258	東札幌	43.051793	141.38472	札幌市・東西線
000259	東本願寺前	43.05171	141.349355	一般社団法人札幌市交通事業振興公社・山鼻線
000260	西線6条	43.05157	141.335035	一般社団法人札幌市交通事業振興公社・山鼻西線
000261	山鼻9条	43.049015	141.349765	一般社団法人札幌市交通事業振興公社・山鼻線
000262	中島公園	43.048475	141.355055	札幌市・南北線
000263	西線9条旭山公園通	43.048265	141.33546	一般社団法人札幌市交通事業振興公社・山鼻西線
000264	学園前	43.04771	141.368955	札幌市・東豊線
000265	遠矢	43.04751	144.45826	北海道旅客鉄道・釧網線
000266	平和	43.046995	141.438	北海道旅客鉄道・千歳線
000267	白石	43.04635	141.395705	札幌市・東西線
000268	中島公園通	43.045905	141.350145	一般社団法人札幌市交通事業振興公社・山鼻線
000269	厚別	43.044975	141.463235	北海道旅客鉄道・函館線
000270	西線11条	43.044955	141.33587	一般社団法人札幌市交通事業振興公社・山鼻西線
000271	豊平公園	43.04211	141.376165	札幌市・東豊線
000272	行啓通	43.04167	141.35067	一般社団法人札幌市交通事業振興公社・山鼻線
000273	銀山	43.04096	140.715327	北海道旅客鉄道・函館線
000274	西線14条	43.04064	141.336435	一般社団法人札幌市交通事業振興公社・山鼻西線
000275	南郷7丁目	43.040265	141.41097	札幌市・東西線
000276	幌平橋	43.04022	141.355835	札幌市・南北線
000277	新さっぽろ	43.03893	141.474015	札幌市・東西線
000278	新札幌	43.038685	141.472515	北海道旅客鉄道・千歳線
000279	静修学園前	43.03831	141.351115	一般社団法人札幌市交通事業振興公社・山鼻線
000280	中の島	43.03745	141.361195	札幌市・南北線
000281	西線16条	43.03731	141.336845	一般社団法人札幌市交通事業振興公社・山鼻西線
000282	美園	43.036183	141.385773	札幌市・東豊線
000283	南郷13丁目	43.035725	141.422965	札幌市・東西線
000284	山鼻19条	43.03506	141.351565	一般社団法人札幌市交通事業振興公社・山鼻線
000285	平岸	43.03462	141.36837	札幌市・南北線
000286	ロープウェイ入口	43.033965	141.33728	一般社団法人札幌市交通事業振興公社・山鼻西線
000287	上尾幌	43.03294	144.612445	北海道旅客鉄道・根室線
000288	幌南小学校前	43.032295	141.35191	一般社団法人札幌市交通事業振興公社・山鼻線
000289	ひばりが丘	43.032105	141.46447	札幌市・東西線
000290	東屯田通	43.031045	141.348835	一般社団法人札幌市交通事業振興公社・山鼻線
000291	石山通	43.03071	141.34422	一般社団法人札幌市交通事業振興公社・山鼻線
000292	電車事業所前	43.03066	141.3377	一般社団法人札幌市交通事業振興公社・山鼻西線
000293	中央図書館前	43.03042	141.34008	一般社団法人札幌市交通事業振興公社・山鼻西線
000294	中央図書館前	43.03042	141.34008	一般社団法人札幌市交通事業振興公社・山鼻線
000295	南郷18丁目	43.03033	141.435165	札幌市・東西線
000296	月寒中央	43.029927	141.396733	札幌市・東豊線
000297	大谷地	43.02793	141.453145	札幌市・東西線
000298	南平岸	43.02666	141.371343	札幌市・南北線
000299	福住	43.021825	141.402885	札幌市・東豊線
000300	尾幌	43.018495	144.70385	北海道旅客鉄道・根室線
000301	澄川	43.016825	141.36736	札幌市・南北線
000302	上野幌	43.016283	141.487143	北海道旅客鉄道・千歳線
000303	十勝清水	43.013015	142.879725	北海道旅客鉄道・根室線
000304	由仁	43.012245	141.78585	北海道旅客鉄道・室蘭線
000305	新大楽毛	43.00938	144.294765	北海道旅客鉄道・根室線
000306	大楽毛	43.0091	144.273895	北海道旅客鉄道・根室線
000307	自衛隊前	43.006005	141.364915	札幌市・南北線
000308	新富士	43.0016	144.350805	北海道旅客鉄道・根室線
000309	東釧路	42.9951	144.411375	北海道旅客鉄道・釧網線
000310	東釧路	42.9951	144.411375	北海道旅客鉄道・根室線
000311	別保	42.99429	144.469665	北海道旅客鉄道・根室線
000312	占冠	42.99298	142.40005	北海道旅客鉄道・石勝線
000313	武佐	42.99177	144.42566	北海道旅客鉄道・根室線
000314	真駒内	42.99118	141.358545	札幌市・南北線
000315	釧路	42.99057	144.382035	北海道旅客鉄道・根室線
000316	庶路	42.98359	144.15001	北海道旅客鉄道・根室線
000317	北広島	42.97919	141.563115	北海道旅客鉄道・千歳線
000318	西庶路	42.976125	144.129815	北海道旅客鉄道・根室線
000319	古山	42.97525	141.794015	北海道旅客鉄道・室蘭線
000320	小沢	42.971878	140.67765	北海道旅客鉄道・函館線
000321	白糠	42.95617	144.0769	北海道旅客鉄道・根室線
000322	三川	42.94505	141.80079	北海道旅客鉄道・室蘭線
000323	御影	42.94245	142.935735	北海道旅客鉄道・根室線
000324	新夕張	42.936375	142.035975	北海道旅客鉄道・石勝線
000325	利別	42.934765	143.42434	北海道旅客鉄道・根室線
000326	柏林台	42.9289	143.16454	北海道旅客鉄道・根室線
000327	西帯広	42.923935	143.126355	北海道旅客鉄道・根室線
000328	島松	42.922445	141.57314	北海道旅客鉄道・千歳線
000329	池田	42.92207	143.45312	北海道旅客鉄道・根室線
000330	帯広	42.91807	143.202105	北海道旅客鉄道・根室線
000331	大成	42.91604	143.06972	北海道旅客鉄道・根室線
000332	川端	42.91468	141.89486	北海道旅客鉄道・石勝線
000333	札内	42.912715	143.256205	北海道旅客鉄道・根室線
000335	芽室	42.90986	143.04811	北海道旅客鉄道・根室線
000336	幕別	42.907885	143.35938	北海道旅客鉄道・根室線
000337	恵み野	42.90261	141.57442	北海道旅客鉄道・千歳線
000338	倶知安	42.901685	140.74549	北海道旅客鉄道・函館線
000339	音別	42.889015	143.93247	北海道旅客鉄道・根室線
000340	恵庭	42.883105	141.58632	北海道旅客鉄道・千歳線
000341	追分	42.87328	141.8107	北海道旅客鉄道・室蘭線
000342	追分	42.87328	141.8107	北海道旅客鉄道・石勝線
000343	サッポロビール庭園	42.86697	141.60543	北海道旅客鉄道・千歳線
000344	十弗	42.8558	143.50084	北海道旅客鉄道・根室線
000345	長都	42.85217	141.623	北海道旅客鉄道・千歳線
000346	比羅夫	42.848545	140.72266	北海道旅客鉄道・函館線
000347	千歳	42.82819	141.65194	北海道旅客鉄道・千歳線
000348	豊頃	42.81748	143.53875	北海道旅客鉄道・根室線
000349	安平	42.814145	141.825245	北海道旅客鉄道・室蘭線
000350	浦幌	42.81043	143.651485	北海道旅客鉄道・根室線
000351	厚内	42.80952	143.814445	北海道旅客鉄道・根室線
000352	ニセコ	42.80874	140.684595	北海道旅客鉄道・函館線
000353	南千歳	42.808205	141.67521	北海道旅客鉄道・石勝線
000354	南千歳	42.808205	141.67521	北海道旅客鉄道・千歳線
000355	蘭越	42.804535	140.528955	北海道旅客鉄道・函館線
000356	昆布	42.798043	140.596107	北海道旅客鉄道・函館線
000357	新千歳空港	42.78754	141.68079	北海道旅客鉄道・千歳線
000358	新吉野	42.778245	143.608295	北海道旅客鉄道・根室線
000359	早来	42.765275	141.81411	北海道旅客鉄道・室蘭線
000360	目名	42.761405	140.465675	北海道旅客鉄道・函館線
000361	遠浅	42.729255	141.76917	北海道旅客鉄道・室蘭線
000362	植苗	42.713615	141.735285	北海道旅客鉄道・千歳線
000363	熱郛	42.6757	140.375135	北海道旅客鉄道・函館線
000364	沼ノ端	42.671955	141.69304	北海道旅客鉄道・室蘭線
000365	沼ノ端	42.671955	141.69304	北海道旅客鉄道・千歳線
000366	黒松内	42.66959	140.305735	北海道旅客鉄道・函館線
000367	苫小牧	42.639407	141.596137	北海道旅客鉄道・室蘭線
000368	苫小牧	42.639407	141.596137	北海道旅客鉄道・日高線
000369	勇払	42.632825	141.727655	北海道旅客鉄道・日高線
000370	青葉	42.63055	141.56992	北海道旅客鉄道・室蘭線
000371	糸井	42.62259	141.546265	北海道旅客鉄道・室蘭線
000372	浜厚真	42.60677	141.837005	北海道旅客鉄道・日高線
000373	錦岡	42.60255	141.48723	北海道旅客鉄道・室蘭線
000375	小幌	42.589688	140.537275	北海道旅客鉄道・室蘭線
000376	大岸	42.585785	140.63838	北海道旅客鉄道・室蘭線
000377	静狩	42.584065	140.46003	北海道旅客鉄道・室蘭線
000378	礼文	42.580445	140.59502	北海道旅客鉄道・室蘭線
000379	豊浦	42.580283	140.71543	北海道旅客鉄道・室蘭線
000380	社台	42.579055	141.41778	北海道旅客鉄道・室蘭線
000381	鵡川	42.578955	141.923955	北海道旅客鉄道・日高線
000382	二股	42.5759	140.32077	北海道旅客鉄道・函館線
000383	白老	42.554675	141.35991	北海道旅客鉄道・室蘭線
000384	洞爺	42.55105	140.763452	北海道旅客鉄道・室蘭線
000385	萩野	42.52145	141.306185	北海道旅客鉄道・室蘭線
000386	有珠	42.513235	140.794005	北海道旅客鉄道・室蘭線
000387	長万部	42.512638	140.375222	北海道旅客鉄道・室蘭線
000388	長万部	42.512638	140.375222	北海道旅客鉄道・函館線
000389	北吉原	42.50885	141.28584	北海道旅客鉄道・室蘭線
000390	竹浦	42.49294	141.26031	北海道旅客鉄道・室蘭線
000391	長和	42.48828	140.833705	北海道旅客鉄道・室蘭線
000393	伊達紋別	42.469357	140.8558	北海道旅客鉄道・室蘭線
000394	虎杖浜	42.464895	141.21518	北海道旅客鉄道・室蘭線
000395	登別	42.452065	141.18088	北海道旅客鉄道・室蘭線
000396	北舟岡	42.45055	140.88032	北海道旅客鉄道・室蘭線
000397	富浦	42.44187	141.156555	北海道旅客鉄道・室蘭線
000398	国縫	42.43871	140.320455	北海道旅客鉄道・函館線
000399	稀府	42.425615	140.89887	北海道旅客鉄道・室蘭線
000400	幌別	42.409677	141.107283	北海道旅客鉄道・室蘭線
000401	黄金	42.38645	140.90778	北海道旅客鉄道・室蘭線
000402	崎守	42.37399	140.927165	北海道旅客鉄道・室蘭線
000403	黒岩	42.368355	140.28818	北海道旅客鉄道・函館線
000404	鷲別	42.35952	141.042658	北海道旅客鉄道・室蘭線
000405	本輪西	42.358745	140.97756	北海道旅客鉄道・室蘭線
000406	東室蘭	42.34929	141.02621	北海道旅客鉄道・室蘭線
000407	輪西	42.333791	141.005684	北海道旅客鉄道・室蘭線
000408	御崎	42.328848	140.993967	北海道旅客鉄道・室蘭線
000409	室蘭	42.317825	140.976168	北海道旅客鉄道・室蘭線
000410	母恋	42.317297	140.989817	北海道旅客鉄道・室蘭線
000411	山崎	42.31461	140.274615	北海道旅客鉄道・函館線
000412	八雲	42.25308	140.273903	北海道旅客鉄道・函館線
000413	山越	42.231115	140.326715	北海道旅客鉄道・函館線
000414	野田生	42.21703	140.375965	北海道旅客鉄道・函館線
000415	落部	42.187657	140.420865	北海道旅客鉄道・函館線
000416	石倉	42.17288	140.45847	北海道旅客鉄道・函館線
000417	渡島砂原	42.121665	140.689398	北海道旅客鉄道・函館線
000418	掛澗	42.119247	140.64611	北海道旅客鉄道・函館線
000419	尾白内	42.111215	140.613425	北海道旅客鉄道・函館線
000420	森	42.108885	140.574025	北海道旅客鉄道・函館線
000421	渡島沼尻	42.10708	140.747635	北海道旅客鉄道・函館線
000422	東森	42.106805	140.593545	北海道旅客鉄道・函館線
000423	鹿部	42.06436	140.7714	北海道旅客鉄道・函館線
000424	駒ヶ岳	42.03879	140.610515	北海道旅客鉄道・函館線
000425	赤井川	42.00323	140.642725	北海道旅客鉄道・函館線
000426	大沼公園	41.98103	140.6698	北海道旅客鉄道・函館線
000427	大沼	41.97202	140.66937	北海道旅客鉄道・函館線
000428	仁山	41.930035	140.6352	北海道旅客鉄道・函館線
000429	新函館北斗	41.904823	140.648901	北海道旅客鉄道・函館線
000430	新函館北斗	41.904632	140.64865	北海道旅客鉄道・北海道新幹線
000431	七飯	41.88701	140.68856	北海道旅客鉄道・函館線
000432	大中山	41.86478	140.7135	北海道旅客鉄道・函館線
000433	桔梗	41.84635	140.722985	北海道旅客鉄道・函館線
000434	久根別	41.82667	140.66654	道南いさりび鉄道・道南いさりび鉄道線
000435	東久根別	41.826075	140.679705	道南いさりび鉄道・道南いさりび鉄道線
000436	清川口	41.82463	140.652975	道南いさりび鉄道・道南いさりび鉄道線
000437	上磯	41.8196	140.64063	道南いさりび鉄道・道南いさりび鉄道線
000438	七重浜	41.8176	140.708095	道南いさりび鉄道・道南いさりび鉄道線
000439	五稜郭	41.803525	140.73356	北海道旅客鉄道・函館線
000440	五稜郭	41.803525	140.73356	道南いさりび鉄道・道南いさりび鉄道線
000441	五稜郭公園前	41.78926	140.752085	函館市・湯の川線
000442	杉並町	41.78861	140.759465	函館市・湯の川線
000443	柏木町	41.787905	140.76542	函館市・湯の川線
000444	深堀町	41.78712	140.76991	函館市・湯の川線
000445	中央病院前	41.786995	140.75107	函館市・湯の川線
000446	競馬場前	41.78455	140.775635	函館市・湯の川線
000447	千代台	41.784115	140.74868	函館市・湯の川線
000448	駒場車庫前	41.78323	140.77917	函館市・湯の川線
000449	函館アリーナ前	41.782	140.78222	函館市・湯の川線
000450	湯の川	41.781155	140.790095	函館市・湯の川線
000451	堀川町	41.780325	140.74406	函館市・湯の川線
000452	湯の川温泉	41.780105	140.785015	函館市・湯の川線
000453	昭和橋	41.778095	140.74126	函館市・湯の川線
000454	千歳町	41.775705	140.73827	函館市・湯の川線
000455	函館	41.774003	140.726407	北海道旅客鉄道・函館線
000456	新川町	41.773425	140.735405	函館市・湯の川線
000457	函館どつく前	41.77273	140.705005	函館市・本線
000458	函館駅前	41.772315	140.72797	函館市・大森線
000459	函館駅前	41.772315	140.72797	函館市・本線
000460	松風町	41.771395	140.733315	函館市・大森線
000461	松風町	41.771395	140.733315	函館市・湯の川線
000462	大町	41.770185	140.70914	函館市・本線
000463	市役所前	41.769185	140.725515	函館市・本線
000464	末広町	41.766655	140.71242	函館市・本線
000465	茂辺地	41.766545	140.60064	道南いさりび鉄道・道南いさりび鉄道線
000466	魚市場通	41.766495	140.72283	函館市・本線
000467	十字街	41.76408	140.718685	函館市・宝来・谷地頭線
000468	十字街	41.76408	140.718685	函館市・本線
000469	宝来町	41.760975	140.72007	函館市・宝来・谷地頭線
000470	青柳町	41.756515	140.718695	函館市・宝来・谷地頭線
000471	谷地頭	41.753205	140.716545	函館市・宝来・谷地頭線
000472	渡島当別	41.73732	140.57914	道南いさりび鉄道・道南いさりび鉄道線
000473	釜谷	41.71213	140.537135	道南いさりび鉄道・道南いさりび鉄道線
000474	泉沢	41.700845	140.50672	道南いさりび鉄道・道南いさりび鉄道線
000475	札苅	41.699265	140.46811	道南いさりび鉄道・道南いさりび鉄道線
000476	木古内	41.678478	140.434152	北海道旅客鉄道・北海道新幹線
000477	木古内	41.677595	140.43391	北海道旅客鉄道・海峡線
000478	木古内	41.677595	140.43391	道南いさりび鉄道・道南いさりび鉄道線
000479	下北	41.282835	141.18988	東日本旅客鉄道・大湊線
000480	大湊	41.28036	141.1618	東日本旅客鉄道・大湊線
000481	赤川	41.267945	141.20923	東日本旅客鉄道・大湊線
000482	体験坑道	41.2565	140.347638	一般財団法人青函トンネル記念館・青函トンネル竜飛斜坑線
000483	青函トンネル記念館	41.254315	140.347081	一般財団法人青函トンネル記念館・青函トンネル竜飛斜坑線
000484	金谷沢	41.228975	141.24837	東日本旅客鉄道・大湊線
000485	近川	41.191305	141.279285	東日本旅客鉄道・大湊線
000486	三厩	41.18541	140.444455	東日本旅客鉄道・津軽線
000487	津軽浜名	41.180555	140.471835	東日本旅客鉄道・津軽線
000488	今別	41.17967	140.49057	東日本旅客鉄道・津軽線
000489	大川平	41.163155	140.50764	東日本旅客鉄道・津軽線
000490	津軽二股	41.145905	140.51425	東日本旅客鉄道・津軽線
000491	奥津軽いまべつ	41.144941	140.515612	北海道旅客鉄道・北海道新幹線
000492	有畑	41.132005	141.2765	東日本旅客鉄道・大湊線
000493	陸奥横浜	41.086635	141.24984	東日本旅客鉄道・大湊線
000494	大平	41.065875	140.559525	東日本旅客鉄道・津軽線
000495	中小国	41.051645	140.596855	北海道旅客鉄道・海峡線
000496	中小国	41.051645	140.596855	東日本旅客鉄道・津軽線
000497	蟹田	41.03831	140.642535	東日本旅客鉄道・津軽線
000498	吹越	41.02195	141.246515	東日本旅客鉄道・大湊線
000499	瀬辺地	41.007745	140.648265	東日本旅客鉄道・津軽線
000500	郷沢	40.987765	140.652395	東日本旅客鉄道・津軽線
000501	蓬田	40.969165	140.65451	東日本旅客鉄道・津軽線
000502	津軽中里	40.964885	140.44101	津軽鉄道・津軽鉄道線
000503	深郷田	40.95129	140.441105	津軽鉄道・津軽鉄道線
000504	中沢	40.949303	140.656097	東日本旅客鉄道・津軽線
000505	大沢内	40.940185	140.43739	津軽鉄道・津軽鉄道線
000506	後潟	40.931355	140.66253	東日本旅客鉄道・津軽線
000507	小湊	40.929645	140.954045	青い森鉄道・青い森鉄道線
000508	川倉	40.92633	140.44371	津軽鉄道・津軽鉄道線
000509	清水川	40.921963	141.024363	青い森鉄道・青い森鉄道線
000510	西平内	40.918147	140.913113	青い森鉄道・青い森鉄道線
000511	左堰	40.917475	140.66582	東日本旅客鉄道・津軽線
000512	有戸	40.914	141.189305	東日本旅客鉄道・大湊線
000513	芦野公園	40.912235	140.45165	津軽鉄道・津軽鉄道線
000514	奥内	40.90311	140.67225	東日本旅客鉄道・津軽線
000515	金木	40.90295	140.459945	津軽鉄道・津軽鉄道線
000516	狩場沢	40.90046	141.071205	青い森鉄道・青い森鉄道線
000517	浅虫温泉	40.891405	140.86248	青い森鉄道・青い森鉄道線
000518	津軽宮田	40.88703	140.67442	東日本旅客鉄道・津軽線
000519	嘉瀬	40.880975	140.46936	津軽鉄道・津軽鉄道線
000520	北野辺地	40.871135	141.134205	東日本旅客鉄道・大湊線
000521	毘沙門	40.858055	140.47774	津軽鉄道・津軽鉄道線
000522	油川	40.85664	140.690615	東日本旅客鉄道・津軽線
000523	野辺地	40.855135	141.11964	東日本旅客鉄道・大湊線
000524	野辺地	40.855135	141.11964	青い森鉄道・青い森鉄道線
000525	野内	40.84608	140.816896	青い森鉄道・青い森鉄道線
000526	矢田前	40.833785	140.80711	青い森鉄道・青い森鉄道線
000527	青森	40.83032	140.73465	東日本旅客鉄道・奥羽線
000528	青森	40.83032	140.73465	東日本旅客鉄道・津軽線
000529	青森	40.83032	140.73465	青い森鉄道・青い森鉄道線
000530	津軽飯詰	40.829585	140.479405	津軽鉄道・津軽鉄道線
000531	新青森	40.827799	140.69348	東日本旅客鉄道・東北新幹線
000532	新青森	40.827799	140.69348	北海道旅客鉄道・北海道新幹線
000533	津軽新城	40.82781	140.671495	東日本旅客鉄道・奥羽線
000534	新青森	40.827555	140.693365	東日本旅客鉄道・奥羽線
000535	五農校前	40.821025	140.478455	津軽鉄道・津軽鉄道線
000536	小柳	40.81792	140.797657	青い森鉄道・青い森鉄道線
000537	十川	40.81754	140.457055	津軽鉄道・津軽鉄道線
000538	東青森	40.81052	140.78337	青い森鉄道・青い森鉄道線
000539	津軽五所川原	40.810105	140.4487	津軽鉄道・津軽鉄道線
000540	五所川原	40.80881	140.447985	東日本旅客鉄道・五能線
000541	筒井	40.805722	140.76946	青い森鉄道・青い森鉄道線
000542	千曳	40.804703	141.152807	青い森鉄道・青い森鉄道線
000543	木造	40.8024	140.387945	東日本旅客鉄道・五能線
000544	鶴ヶ坂	40.79117	140.635145	東日本旅客鉄道・奥羽線
000545	中田	40.787585	140.364745	東日本旅客鉄道・五能線
000546	越水	40.78732	140.297907	東日本旅客鉄道・五能線
000547	鳴沢	40.782175	140.26751	東日本旅客鉄道・五能線
000548	陸奥森田	40.7817	140.33917	東日本旅客鉄道・五能線
000549	乙供	40.78004	141.213237	青い森鉄道・青い森鉄道線
000550	鰺ヶ沢	40.775355	140.220695	東日本旅客鉄道・五能線
000551	千畳敷	40.76773	140.054685	東日本旅客鉄道・五能線
000552	陸奥赤石	40.761825	140.16245	東日本旅客鉄道・五能線
000553	大戸瀬	40.759495	140.033765	東日本旅客鉄道・五能線
000554	陸奥鶴田	40.757225	140.435385	東日本旅客鉄道・五能線
000555	大釈迦	40.75667	140.587825	東日本旅客鉄道・奥羽線
000556	北金ヶ沢	40.746115	140.09508	東日本旅客鉄道・五能線
000557	陸奥柳田	40.741035	140.1246	東日本旅客鉄道・五能線
000558	鶴泊	40.73606	140.437535	東日本旅客鉄道・五能線
000559	上北町	40.733225	141.26449	青い森鉄道・青い森鉄道線
000560	風合瀬	40.73218	139.9946	東日本旅客鉄道・五能線
000561	七戸十和田	40.719931	141.153909	東日本旅客鉄道・東北新幹線
000562	浪岡	40.71044	140.58095	東日本旅客鉄道・奥羽線
000563	小川原	40.709795	141.299945	青い森鉄道・青い森鉄道線
000564	驫木	40.70738	139.983265	東日本旅客鉄道・五能線
000565	板柳	40.69724	140.46187	東日本旅客鉄道・五能線
000566	追良瀬	40.68653	139.970015	東日本旅客鉄道・五能線
000567	林崎	40.67525	140.48055	東日本旅客鉄道・五能線
000568	広戸	40.67462	139.955715	東日本旅客鉄道・五能線
000569	北常盤	40.67061	140.54373	東日本旅客鉄道・奥羽線
000570	三沢	40.669917	141.353592	青い森鉄道・青い森鉄道線
000571	藤崎	40.653625	140.500085	東日本旅客鉄道・五能線
000572	深浦	40.650295	139.92942	東日本旅客鉄道・五能線
000573	境松	40.64886	140.575765	弘南鉄道・弘南線
000574	黒石	40.648345	140.591025	弘南鉄道・弘南線
000575	川部	40.64707	140.52161	東日本旅客鉄道・奥羽線
000576	川部	40.64707	140.52161	東日本旅客鉄道・五能線
000577	田舎館	40.63687	140.571265	弘南鉄道・弘南線
000578	田んぼアート	40.632655	140.57378	弘南鉄道・弘南線
000579	向山	40.630235	141.37025	青い森鉄道・青い森鉄道線
000580	横磯	40.62997	139.890905	東日本旅客鉄道・五能線
000581	尾上高校前	40.626653	140.577027	弘南鉄道・弘南線
000582	撫牛子	40.62153	140.497815	東日本旅客鉄道・奥羽線
000583	津軽尾上	40.613905	140.576105	弘南鉄道・弘南線
000584	艫作	40.608545	139.8649	東日本旅客鉄道・五能線
000585	柏農高校前	40.601865	140.56445	弘南鉄道・弘南線
000586	弘前	40.600217	140.484813	東日本旅客鉄道・奥羽線
000587	中央弘前	40.59916	140.47229	弘南鉄道・大鰐線
000588	弘前	40.598555	140.48584	弘南鉄道・弘南線
000589	ウェスパ椿山	40.593055	139.87127	東日本旅客鉄道・五能線
000590	弘高下	40.592975	140.46825	弘南鉄道・大鰐線
000591	弘前東高前	40.592005	140.489095	弘南鉄道・弘南線
000592	下田	40.591975	141.407735	青い森鉄道・青い森鉄道線
000593	運動公園前	40.5894	140.50302	弘南鉄道・弘南線
000594	新里	40.58739	140.52005	弘南鉄道・弘南線
000595	陸奥沢辺	40.58617	139.895	東日本旅客鉄道・五能線
000596	館田	40.58514	140.5387	弘南鉄道・弘南線
000597	平賀	40.58497	140.561085	弘南鉄道・弘南線
000598	弘前学院大前	40.58337	140.47066	弘南鉄道・大鰐線
000599	陸奥岩崎	40.58333	139.924195	東日本旅客鉄道・五能線
000600	聖愛中高前	40.57716	140.472705	弘南鉄道・大鰐線
000601	千年	40.56729	140.480305	弘南鉄道・大鰐線
000602	小栗山	40.564295	140.48667	弘南鉄道・大鰐線
000603	陸奥市川	40.563045	141.43906	青い森鉄道・青い森鉄道線
000604	松木平	40.560675	140.497145	弘南鉄道・大鰐線
000605	津軽大沢	40.557835	140.516525	弘南鉄道・大鰐線
000606	石川	40.556135	140.53076	東日本旅客鉄道・奥羽線
000607	義塾高校前	40.555805	140.527525	弘南鉄道・大鰐線
000608	十二湖	40.55159	139.941955	東日本旅客鉄道・五能線
000609	石川	40.550867	140.541537	弘南鉄道・大鰐線
000610	石川プール前	40.54317	140.550465	弘南鉄道・大鰐線
000611	鯖石	40.535575	140.552745	弘南鉄道・大鰐線
000612	松神	40.53518	139.94664	東日本旅客鉄道・五能線
000613	鮫	40.530255	141.554998	東日本旅客鉄道・八戸線
000614	宿川原	40.52529	140.5576	弘南鉄道・大鰐線
000615	陸奥湊	40.523167	141.527403	東日本旅客鉄道・八戸線
000616	白銀	40.522023	141.54172	東日本旅客鉄道・八戸線
000617	大鰐	40.521815	140.56693	弘南鉄道・大鰐線
000618	大鰐温泉	40.521553	140.567023	東日本旅客鉄道・奥羽線
000619	長苗代	40.52134	141.465855	東日本旅客鉄道・八戸線
000620	小中野	40.51878	141.5101	東日本旅客鉄道・八戸線
000621	陸奥白浜	40.51664	141.59229	東日本旅客鉄道・八戸線
000622	本八戸	40.516375	141.488995	東日本旅客鉄道・八戸線
000623	長峰	40.516075	140.60311	東日本旅客鉄道・奥羽線
000624	白神岳登山口	40.51349	139.950355	東日本旅客鉄道・五能線
000625	八戸	40.509325	141.430935	東日本旅客鉄道・東北新幹線
000626	八戸	40.50919	141.43141	東日本旅客鉄道・八戸線
000627	八戸	40.50919	141.43141	青い森鉄道・青い森鉄道線
000628	種差海岸	40.50692	141.60734	東日本旅客鉄道・八戸線
000629	大久喜	40.495125	141.622955	東日本旅客鉄道・八戸線
000630	大間越	40.49242	139.95008	東日本旅客鉄道・五能線
000631	碇ヶ関	40.47902	140.622415	東日本旅客鉄道・奥羽線
000632	金浜	40.476015	141.63732	東日本旅客鉄道・八戸線
000633	北高岩	40.475325	141.405765	青い森鉄道・青い森鉄道線
000634	大蛇	40.467195	141.65083	東日本旅客鉄道・八戸線
000635	苫米地	40.46692	141.37499	青い森鉄道・青い森鉄道線
000636	階上	40.456895	141.664915	東日本旅客鉄道・八戸線
000637	剣吉	40.44897	141.34673	青い森鉄道・青い森鉄道線
000638	角の浜	40.44446	141.681765	東日本旅客鉄道・八戸線
000639	津軽湯の沢	40.44212	140.63231	東日本旅客鉄道・奥羽線
000640	平内	40.425575	141.69923	東日本旅客鉄道・八戸線
000641	諏訪ノ平	40.41501	141.304706	青い森鉄道・青い森鉄道線
000642	種市	40.410385	141.715195	東日本旅客鉄道・八戸線
000643	岩館	40.4062	139.96629	東日本旅客鉄道・五能線
000644	陣場	40.399015	140.607635	東日本旅客鉄道・奥羽線
000645	三戸	40.395745	141.27316	青い森鉄道・青い森鉄道線
000646	あきた白神	40.38649	139.98803	東日本旅客鉄道・五能線
000647	玉川	40.380415	141.73502	東日本旅客鉄道・八戸線
000648	滝ノ間	40.379975	140.00227	東日本旅客鉄道・五能線
000649	八森	40.3713	140.017895	東日本旅客鉄道・五能線
000650	宿戸	40.36608	141.74685	東日本旅客鉄道・八戸線
000651	目時	40.35205	141.289575	アイジーアールいわて銀河鉄道・いわて銀河鉄道線
000652	目時	40.35205	141.289575	青い森鉄道・青い森鉄道線
000653	陸中八木	40.345365	141.76671	東日本旅客鉄道・八戸線
000654	白沢	40.33812	140.59171	東日本旅客鉄道・奥羽線
000655	東八森	40.332115	140.0325	東日本旅客鉄道・五能線
000656	有家	40.324045	141.77309	東日本旅客鉄道・八戸線
000657	金田一温泉	40.323098	141.303832	アイジーアールいわて銀河鉄道・いわて銀河鉄道線
000658	陸中中野	40.30507	141.78776	東日本旅客鉄道・八戸線
000659	沢目	40.29606	140.03779	東日本旅客鉄道・五能線
000660	大館	40.28808	140.555785	東日本旅客鉄道・奥羽線
000661	大館	40.28808	140.555785	東日本旅客鉄道・花輪線
000662	斗米	40.285607	141.290913	アイジーアールいわて銀河鉄道・いわて銀河鉄道線
000663	下川沿	40.276353	140.496637	東日本旅客鉄道・奥羽線
000664	鳥形	40.27142	140.036885	東日本旅客鉄道・五能線
000665	早口	40.27133	140.447465	東日本旅客鉄道・奥羽線
000666	東大館	40.26616	140.554675	東日本旅客鉄道・花輪線
000667	侍浜	40.26161	141.760595	東日本旅客鉄道・八戸線
000668	二戸	40.25983	141.285985	アイジーアールいわて銀河鉄道・いわて銀河鉄道線
000669	二戸	40.259775	141.28559	東日本旅客鉄道・東北新幹線
000670	十和田南	40.25597	140.77067	東日本旅客鉄道・花輪線
000671	北能代	40.254105	140.03376	東日本旅客鉄道・五能線
000672	糠沢	40.250685	140.397495	東日本旅客鉄道・奥羽線
000673	鷹ノ巣	40.232202	140.36967	東日本旅客鉄道・奥羽線
000674	鷹巣	40.232202	140.36967	秋田内陸縦貫鉄道・秋田内陸線
000675	柴平	40.23077	140.788055	東日本旅客鉄道・花輪線
000676	沢尻	40.23034	140.69327	東日本旅客鉄道・花輪線
000677	末広	40.229895	140.73732	東日本旅客鉄道・花輪線
000678	扇田	40.229295	140.5725	東日本旅客鉄道・花輪線
000679	向能代	40.225675	140.03922	東日本旅客鉄道・五能線
000680	西鷹巣	40.22478	140.357985	秋田内陸縦貫鉄道・秋田内陸線
000681	土深井	40.22249	140.71305	東日本旅客鉄道・花輪線
000682	富根	40.21798	140.17266	東日本旅客鉄道・奥羽線
000683	前山	40.21477	140.312447	東日本旅客鉄道・奥羽線
000684	十二所	40.21434	140.66818	東日本旅客鉄道・花輪線
000685	二ツ井	40.212495	140.235655	東日本旅客鉄道・奥羽線
000686	一戸	40.210374	141.297388	アイジーアールいわて銀河鉄道・いわて銀河鉄道線
000687	大滝温泉	40.20978	140.63962	東日本旅客鉄道・花輪線
000688	陸中夏井	40.20767	141.791985	東日本旅客鉄道・八戸線
000689	能代	40.206465	140.03312	東日本旅客鉄道・五能線
000690	縄文小ヶ田	40.205065	140.349225	秋田内陸縦貫鉄道・秋田内陸線
000691	鶴形	40.20392	140.11857	東日本旅客鉄道・奥羽線
000692	東能代	40.191575	140.065725	東日本旅客鉄道・奥羽線
000693	東能代	40.191575	140.065725	東日本旅客鉄道・五能線
000694	久慈	40.190505	141.770845	東日本旅客鉄道・八戸線
000695	久慈	40.190505	141.770845	三陸鉄道・北リアス線
000696	鹿角花輪	40.188535	140.78517	東日本旅客鉄道・花輪線
000697	大野台	40.186915	140.340605	秋田内陸縦貫鉄道・秋田内陸線
000698	小鳥谷	40.171117	141.307737	アイジーアールいわて銀河鉄道・いわて銀河鉄道線
000699	合川	40.1613	140.33013	秋田内陸縦貫鉄道・秋田内陸線
000700	陸中大里	40.158545	140.79345	東日本旅客鉄道・花輪線
000701	上杉	40.14639	140.349775	秋田内陸縦貫鉄道・秋田内陸線
000702	八幡平	40.142985	140.80445	東日本旅客鉄道・花輪線
000703	北金岡	40.141835	140.06345	東日本旅客鉄道・奥羽線
000704	田山	40.13973	140.94408	東日本旅客鉄道・花輪線
000705	陸中宇部	40.13243	141.785945	三陸鉄道・北リアス線
000706	米内沢	40.12842	140.37341	秋田内陸縦貫鉄道・秋田内陸線
000707	小繋	40.123105	141.26042	アイジーアールいわて銀河鉄道・いわて銀河鉄道線
000708	湯瀬温泉	40.122375	140.840315	東日本旅客鉄道・花輪線
000709	陸中野田	40.116075	141.81909	三陸鉄道・北リアス線
000710	兄畑	40.115945	140.882935	東日本旅客鉄道・花輪線
000711	横間	40.107505	141.02717	東日本旅客鉄道・花輪線
000712	森岳	40.103215	140.07081	東日本旅客鉄道・奥羽線
000713	桂瀬	40.101425	140.4178	秋田内陸縦貫鉄道・秋田内陸線
000714	荒屋新町	40.097715	141.04925	東日本旅客鉄道・花輪線
000715	十府ヶ浦海岸	40.096829	141.824094	三陸鉄道・北リアス線
000716	野田玉川	40.082755	141.8289	三陸鉄道・北リアス線
000717	小屋の畑	40.076445	141.02068	東日本旅客鉄道・花輪線
000718	奥中山高原	40.066155	141.2285	アイジーアールいわて銀河鉄道・いわて銀河鉄道線
000719	阿仁前田温泉	40.061495	140.41783	秋田内陸縦貫鉄道・秋田内陸線
000720	堀内	40.0519	141.85949	三陸鉄道・北リアス線
000721	前田南	40.050525	140.402465	秋田内陸縦貫鉄道・秋田内陸線
000722	赤坂田	40.04851	141.003945	東日本旅客鉄道・花輪線
000723	鹿渡	40.044645	140.0826	東日本旅客鉄道・奥羽線
000724	小渕	40.03374	140.401195	秋田内陸縦貫鉄道・秋田内陸線
000725	白井海岸	40.032585	141.883245	三陸鉄道・北リアス線
000726	安比高原	40.012635	140.99732	東日本旅客鉄道・花輪線
000727	御堂	40.00436	141.23705	アイジーアールいわて銀河鉄道・いわて銀河鉄道線
000728	普代	40.002703	141.886303	三陸鉄道・北リアス線
000729	阿仁合	40.00008	140.401225	秋田内陸縦貫鉄道・秋田内陸線
000730	鯉川	39.996345	140.07754	東日本旅客鉄道・奥羽線
000731	荒瀬	39.980035	140.4024	秋田内陸縦貫鉄道・秋田内陸線
000732	松尾八幡平	39.96924	141.043935	東日本旅客鉄道・花輪線
000733	いわて沼宮内	39.960615	141.21742	東日本旅客鉄道・東北新幹線
000734	いわて沼宮内	39.96059	141.217075	アイジーアールいわて銀河鉄道・いわて銀河鉄道線
000735	萱草	39.95854	140.4124	秋田内陸縦貫鉄道・秋田内陸線
000736	北森	39.956481	141.072111	東日本旅客鉄道・花輪線
000737	平館	39.95087	141.085205	東日本旅客鉄道・花輪線
000738	八郎潟	39.94783	140.07852	東日本旅客鉄道・奥羽線
000739	笑内	39.93506	140.41311	秋田内陸縦貫鉄道・秋田内陸線
000740	田野畑	39.93427	141.93379	三陸鉄道・北リアス線
000741	岩野目	39.92117	140.430685	秋田内陸縦貫鉄道・秋田内陸線
000742	阿仁マタギ	39.9195	140.51589	秋田内陸縦貫鉄道・秋田内陸線
000743	岩手川口	39.919313	141.199373	アイジーアールいわて銀河鉄道・いわて銀河鉄道線
000744	島越	39.915725	141.939665	三陸鉄道・北リアス線
000745	脇本	39.91528	139.90263	東日本旅客鉄道・男鹿線
000746	大更	39.914105	141.10085	東日本旅客鉄道・花輪線
000747	井川さくら	39.911665	140.07598	東日本旅客鉄道・奥羽線
000748	奥阿仁	39.910977	140.488417	秋田内陸縦貫鉄道・秋田内陸線
000749	比立内	39.90498	140.453205	秋田内陸縦貫鉄道・秋田内陸線
000750	船越	39.904755	139.946685	東日本旅客鉄道・男鹿線
000751	羽立	39.904535	139.86202	東日本旅客鉄道・男鹿線
000752	東大更	39.902605	141.14223	東日本旅客鉄道・花輪線
000753	羽後飯塚	39.898965	140.07338	東日本旅客鉄道・奥羽線
000754	天王	39.89877	139.963797	東日本旅客鉄道・男鹿線
000755	男鹿	39.88465	139.84864	東日本旅客鉄道・男鹿線
000756	二田	39.881425	139.987325	東日本旅客鉄道・男鹿線
000757	好摩	39.87416	141.173675	東日本旅客鉄道・花輪線
000758	好摩	39.87416	141.173675	アイジーアールいわて銀河鉄道・いわて銀河鉄道線
000759	大久保	39.870905	140.06305	東日本旅客鉄道・奥羽線
000760	上二田	39.868975	140.004085	東日本旅客鉄道・男鹿線
000761	戸沢	39.859065	140.581225	秋田内陸縦貫鉄道・秋田内陸線
000762	出戸浜	39.844425	140.024585	東日本旅客鉄道・男鹿線
000763	岩泉小本	39.842765	141.95845	三陸鉄道・北リアス線
000764	渋民	39.834745	141.15423	アイジーアールいわて銀河鉄道・いわて銀河鉄道線
000765	上桧木内	39.81803	140.582545	秋田内陸縦貫鉄道・秋田内陸線
000766	追分	39.80996	140.057815	東日本旅客鉄道・奥羽線
000767	追分	39.80996	140.057815	東日本旅客鉄道・男鹿線
000768	摂待	39.80948	141.962155	三陸鉄道・北リアス線
000769	左通	39.80191	140.586125	秋田内陸縦貫鉄道・秋田内陸線
000770	滝沢	39.799	141.149555	アイジーアールいわて銀河鉄道・いわて銀河鉄道線
000771	巣子	39.783427	141.148647	アイジーアールいわて銀河鉄道・いわて銀河鉄道線
000772	上飯島	39.779335	140.06845	東日本旅客鉄道・奥羽線
000773	羽後中里	39.771135	140.60276	秋田内陸縦貫鉄道・秋田内陸線
000774	土崎	39.758905	140.07345	東日本旅客鉄道・奥羽線
000775	松葉	39.744125	140.59032	秋田内陸縦貫鉄道・秋田内陸線
000776	厨川	39.74408	141.12886	アイジーアールいわて銀河鉄道・いわて銀河鉄道線
000777	上米内	39.74391	141.20381	東日本旅客鉄道・山田線
000778	泉外旭川	39.737882	140.112442	東日本旅客鉄道・奥羽線
000779	新田老	39.735649	141.967276	三陸鉄道・北リアス線
000780	田老	39.73185	141.964655	三陸鉄道・北リアス線
000781	羽後長戸呂	39.72771	140.565425	秋田内陸縦貫鉄道・秋田内陸線
000782	青山	39.724653	141.118297	アイジーアールいわて銀河鉄道・いわて銀河鉄道線
000783	秋田	39.7173	140.129495	東日本旅客鉄道・奥羽線
000784	秋田	39.7173	140.129495	東日本旅客鉄道・羽越線
000785	山岸	39.716095	141.17145	東日本旅客鉄道・山田線
000786	大釜	39.711527	141.071943	東日本旅客鉄道・田沢湖線
000787	上盛岡	39.71148	141.148	東日本旅客鉄道・山田線
000788	佐羽根	39.711133	141.93589	三陸鉄道・北リアス線
000789	小岩井	39.709765	141.024695	東日本旅客鉄道・田沢湖線
000790	盛岡	39.70155	141.13653	東日本旅客鉄道・東北新幹線
000791	盛岡	39.70155	141.13653	東日本旅客鉄道・田沢湖線
000792	盛岡	39.701195	141.136375	東日本旅客鉄道・山田線
000793	盛岡	39.701195	141.136375	東日本旅客鉄道・東北線
000794	盛岡	39.701195	141.136375	アイジーアールいわて銀河鉄道・いわて銀河鉄道線
000795	田沢湖	39.700443	140.722292	東日本旅客鉄道・田沢湖線
000796	羽後牛島	39.69586	140.1165	東日本旅客鉄道・羽越線
000797	春木場	39.6934	140.94394	東日本旅客鉄道・田沢湖線
000798	雫石	39.68923	140.97481	東日本旅客鉄道・田沢湖線
000799	八津	39.687755	140.552825	秋田内陸縦貫鉄道・秋田内陸線
000800	仙北町	39.68769	141.14875	東日本旅客鉄道・東北線
000801	一の渡	39.686855	141.942665	三陸鉄道・北リアス線
000802	赤渕	39.68509	140.907235	東日本旅客鉄道・田沢湖線
000803	新屋	39.677438	140.087745	東日本旅客鉄道・羽越線
000804	刺巻	39.66857	140.69195	東日本旅客鉄道・田沢湖線
000805	大張野	39.663575	140.27414	東日本旅客鉄道・奥羽線
000806	四ツ小屋	39.66193	140.144895	東日本旅客鉄道・奥羽線
000807	岩手飯岡	39.65375	141.14659	東日本旅客鉄道・東北線
000808	西明寺	39.653165	140.563035	秋田内陸縦貫鉄道・秋田内陸線
000809	区界	39.651735	141.351425	東日本旅客鉄道・山田線
000810	和田	39.650875	140.218755	東日本旅客鉄道・奥羽線
000811	桂根	39.647548	140.066402	東日本旅客鉄道・羽越線
000812	山口団地	39.646295	141.933242	三陸鉄道・北リアス線
000813	川内	39.640765	141.59761	東日本旅客鉄道・山田線
000814	宮古	39.639895	141.947365	東日本旅客鉄道・山田線
000815	宮古	39.639895	141.947365	三陸鉄道・リアス線
000816	松草	39.635855	141.437445	東日本旅客鉄道・山田線
000817	千徳	39.63225	141.91196	東日本旅客鉄道・山田線
000818	花原市	39.630415	141.86142	東日本旅客鉄道・山田線
000819	磯鶏	39.63041	141.960935	三陸鉄道・リアス線
000820	蟇目	39.629295	141.838845	東日本旅客鉄道・山田線
000821	羽後太田	39.627305	140.57425	秋田内陸縦貫鉄道・秋田内陸線
000823	神代	39.622675	140.627485	東日本旅客鉄道・田沢湖線
000824	茂市	39.620595	141.7993	東日本旅客鉄道・山田線
000825	下浜	39.619683	140.064527	東日本旅客鉄道・羽越線
000826	八木沢・宮古短大	39.619299	141.946367	三陸鉄道・リアス線
000827	羽後境	39.619195	140.32056	東日本旅客鉄道・奥羽線
000828	箱石	39.61711	141.62581	東日本旅客鉄道・山田線
000829	矢幅	39.612805	141.14811	東日本旅客鉄道・東北線
000830	生田	39.61216	140.60132	東日本旅客鉄道・田沢湖線
000831	腹帯	39.60452	141.767425	東日本旅客鉄道・山田線
000832	陸中川井	39.597335	141.681505	東日本旅客鉄道・山田線
000833	角館	39.591795	140.57118	東日本旅客鉄道・田沢湖線
000834	角館	39.591795	140.57118	秋田内陸縦貫鉄道・秋田内陸線
000835	津軽石	39.5815	141.937785	三陸鉄道・リアス線
000836	古館	39.58086	141.154625	東日本旅客鉄道・東北線
000837	鶯野	39.568565	140.557945	東日本旅客鉄道・田沢湖線
000838	峰吉川	39.566737	140.323035	東日本旅客鉄道・奥羽線
000839	払川	39.564397	141.932824	三陸鉄道・リアス線
000840	道川	39.560605	140.05707	東日本旅客鉄道・羽越線
000841	紫波中央	39.55476	141.159915	東日本旅客鉄道・東北線
000842	刈和野	39.548172	140.371813	東日本旅客鉄道・奥羽線
000843	岩城みなと	39.546155	140.05487	東日本旅客鉄道・羽越線
000844	羽後長野	39.54606	140.540925	東日本旅客鉄道・田沢湖線
000845	日詰	39.538625	141.16055	東日本旅客鉄道・東北線
000846	豊間根	39.53424	141.924715	三陸鉄道・リアス線
000847	鑓見内	39.519265	140.527695	東日本旅客鉄道・田沢湖線
000848	羽後四ツ屋	39.50161	140.512	東日本旅客鉄道・田沢湖線
000849	神宮寺	39.49541	140.425835	東日本旅客鉄道・奥羽線
000850	羽後亀田	39.493895	140.06302	東日本旅客鉄道・羽越線
000851	石鳥谷	39.490895	141.146885	東日本旅客鉄道・東北線
000852	北大曲	39.489495	140.498065	東日本旅客鉄道・田沢湖線
000853	折渡	39.476395	140.09113	東日本旅客鉄道・羽越線
000854	大曲	39.46586	140.47954	東日本旅客鉄道・奥羽線
000855	大曲	39.46586	140.47954	東日本旅客鉄道・田沢湖線
000856	陸中山田	39.46359	141.9513	三陸鉄道・リアス線
000857	織笠	39.453762	141.955265	三陸鉄道・リアス線
000858	花巻空港	39.442255	141.12731	東日本旅客鉄道・東北線
000859	羽後岩谷	39.44162	140.08937	東日本旅客鉄道・羽越線
000860	岩手船越	39.431335	141.97404	三陸鉄道・リアス線
000861	小山田	39.408575	141.19399	東日本旅客鉄道・釜石線
000862	似内	39.406855	141.140945	東日本旅客鉄道・釜石線
000863	新花巻	39.4065	141.173615	東日本旅客鉄道・東北新幹線
000864	飯詰	39.4063	140.515273	東日本旅客鉄道・奥羽線
000865	新花巻	39.40581	141.173015	東日本旅客鉄道・釜石線
000866	花巻	39.393745	141.110325	東日本旅客鉄道・釜石線
000867	花巻	39.393745	141.110325	東日本旅客鉄道・東北線
000868	羽後本荘	39.38686	140.0576	東日本旅客鉄道・羽越線
000869	羽後本荘	39.38686	140.0576	由利高原鉄道・鳥海山ろく線
000870	浪板海岸	39.383555	141.93511	三陸鉄道・リアス線
000871	土沢	39.3833	141.232535	東日本旅客鉄道・釜石線
000872	吉里吉里	39.369525	141.938635	三陸鉄道・リアス線
000873	薬師堂	39.36808	140.048845	由利高原鉄道・鳥海山ろく線
000874	晴山	39.366635	141.25782	東日本旅客鉄道・釜石線
000875	後三年	39.364877	140.538463	東日本旅客鉄道・奥羽線
000876	大槌	39.356735	141.90313	三陸鉄道・リアス線
000877	岩根橋	39.355222	141.31878	東日本旅客鉄道・釜石線
000878	宮守	39.351075	141.35029	東日本旅客鉄道・釜石線
000879	子吉	39.35043	140.05993	由利高原鉄道・鳥海山ろく線
000880	西目	39.34776	140.018745	東日本旅客鉄道・羽越線
000881	遠野	39.33255	141.53067	東日本旅客鉄道・釜石線
000882	鮎川	39.328585	140.07139	由利高原鉄道・鳥海山ろく線
000883	綾織	39.328405	141.47682	東日本旅客鉄道・釜石線
000884	鵜住居	39.326735	141.887905	三陸鉄道・リアス線
000885	岩手二日町	39.32349	141.45603	東日本旅客鉄道・釜石線
000886	村崎野	39.32265	141.12049	東日本旅客鉄道・東北線
000887	曲沢	39.32085	140.102515	由利高原鉄道・鳥海山ろく線
000888	黒沢	39.32042	140.09313	由利高原鉄道・鳥海山ろく線
000889	ほっとゆだ	39.31443	140.775547	東日本旅客鉄道・北上線
000890	前郷	39.312825	140.11284	由利高原鉄道・鳥海山ろく線
000891	青笹	39.31148	141.56893	東日本旅客鉄道・釜石線
000892	横手	39.31028	140.560435	東日本旅客鉄道・奥羽線
000893	横手	39.31028	140.560435	東日本旅客鉄道・北上線
000894	荒谷前	39.30991	141.42844	東日本旅客鉄道・釜石線
000895	横川目	39.30924	140.9722	東日本旅客鉄道・北上線
000896	和賀仙人	39.308245	140.90975	東日本旅客鉄道・北上線
000897	両石	39.308105	141.88909	三陸鉄道・リアス線
000898	立川目	39.307815	140.99724	東日本旅客鉄道・北上線
000899	柏木平	39.306065	141.379855	東日本旅客鉄道・釜石線
000900	岩沢	39.301155	140.931565	東日本旅客鉄道・北上線
000901	藤根	39.301105	141.03958	東日本旅客鉄道・北上線
000902	ゆだ高原	39.30108	140.73717	東日本旅客鉄道・北上線
000903	鱒沢	39.300155	141.399245	東日本旅客鉄道・釜石線
000904	江釣子	39.29846	141.07578	東日本旅客鉄道・北上線
000905	久保田	39.29621	140.11114	由利高原鉄道・鳥海山ろく線
000906	ゆだ錦秋湖	39.295535	140.83531	東日本旅客鉄道・北上線
000907	柳原	39.29463	141.1117	東日本旅客鉄道・北上線
000908	小松川	39.2934	140.64617	東日本旅客鉄道・北上線
000909	仁賀保	39.289797	139.96466	東日本旅客鉄道・羽越線
000910	岩手上郷	39.284555	141.58584	東日本旅客鉄道・釜石線
000911	北上	39.28225	141.122608	東日本旅客鉄道・東北新幹線
000912	北上	39.28148	141.121447	東日本旅客鉄道・東北線
000913	北上	39.28148	141.121447	東日本旅客鉄道・北上線
000914	陸中大橋	39.280435	141.718515	東日本旅客鉄道・釜石線
000915	西滝沢	39.278395	140.11647	由利高原鉄道・鳥海山ろく線
000916	相野々	39.27811	140.618703	東日本旅客鉄道・北上線
000917	柳田	39.276335	140.55383	東日本旅客鉄道・奥羽線
000918	黒沢	39.276203	140.69969	東日本旅客鉄道・北上線
000919	釜石	39.2733	141.872745	東日本旅客鉄道・釜石線
000920	釜石	39.2733	141.872745	三陸鉄道・リアス線
000921	吉沢	39.268505	140.114955	由利高原鉄道・鳥海山ろく線
000922	平倉	39.264675	141.595665	東日本旅客鉄道・釜石線
000923	小佐野	39.26457	141.83647	東日本旅客鉄道・釜石線
000924	松倉	39.25646	141.801505	東日本旅客鉄道・釜石線
000925	金浦	39.256267	139.920767	東日本旅客鉄道・羽越線
000926	足ヶ瀬	39.254775	141.645875	東日本旅客鉄道・釜石線
000927	洞泉	39.25045	141.76019	東日本旅客鉄道・釜石線
000928	川辺	39.249018	140.120373	由利高原鉄道・鳥海山ろく線
000929	醍醐	39.24865	140.53855	東日本旅客鉄道・奥羽線
000930	平田	39.245705	141.886	三陸鉄道・南リアス線
000931	上有住	39.24199	141.68153	東日本旅客鉄道・釜石線
000932	矢島	39.230315	140.13904	由利高原鉄道・鳥海山ろく線
000933	六原	39.227825	141.09781	東日本旅客鉄道・東北線
000934	十文字	39.221365	140.526485	東日本旅客鉄道・奥羽線
000935	象潟	39.20763	139.902273	東日本旅客鉄道・羽越線
000936	唐丹	39.20185	141.8612	三陸鉄道・南リアス線
000937	金ヶ崎	39.199585	141.11294	東日本旅客鉄道・東北線
000938	下湯沢	39.19733	140.502535	東日本旅客鉄道・奥羽線
000939	上浜	39.16469	139.9029	東日本旅客鉄道・羽越線
000940	湯沢	39.16358	140.487045	東日本旅客鉄道・奥羽線
000941	吉浜	39.15115	141.836435	三陸鉄道・南リアス線
000942	水沢江刺	39.14516	141.188705	東日本旅客鉄道・東北新幹線
000943	水沢	39.13923	141.14632	東日本旅客鉄道・東北線
000944	小砂川	39.1376	139.88572	東日本旅客鉄道・羽越線
000945	上湯沢	39.134135	140.485245	東日本旅客鉄道・奥羽線
000946	三陸	39.11724	141.80997	三陸鉄道・南リアス線
000947	三関	39.110195	140.4838	東日本旅客鉄道・奥羽線
000948	女鹿	39.09875	139.88097	東日本旅客鉄道・羽越線
000949	陸中折居	39.09391	141.140917	東日本旅客鉄道・東北線
000950	甫嶺	39.09326	141.806715	三陸鉄道・南リアス線
000951	盛	39.085545	141.7109	三陸鉄道・南リアス線
000952	恋し浜	39.074245	141.816025	三陸鉄道・南リアス線
000953	吹浦	39.07004	139.878637	東日本旅客鉄道・羽越線
000954	陸前赤崎	39.06852	141.741055	三陸鉄道・南リアス線
000955	横堀	39.064705	140.451535	東日本旅客鉄道・奥羽線
000956	綾里	39.05418	141.799355	三陸鉄道・南リアス線
000957	院内	39.049625	140.413955	東日本旅客鉄道・奥羽線
000958	前沢	39.049243	141.126248	東日本旅客鉄道・東北線
000959	遊佐	39.01599	139.905135	東日本旅客鉄道・羽越線
000960	柴宿	38.996735	141.272185	東日本旅客鉄道・大船渡線
000961	摺沢	38.996075	141.321165	東日本旅客鉄道・大船渡線
000962	及位	38.99296	140.361185	東日本旅客鉄道・奥羽線
000963	猊鼻渓	38.98863	141.25302	東日本旅客鉄道・大船渡線
000964	平泉	38.987903	141.117807	東日本旅客鉄道・東北線
000965	南鳥海	38.98743	139.898715	東日本旅客鉄道・羽越線
000966	陸中松川	38.97723	141.238045	東日本旅客鉄道・大船渡線
000967	大滝	38.971465	140.32018	東日本旅客鉄道・奥羽線
000968	本楯	38.968557	139.881963	東日本旅客鉄道・羽越線
000969	山ノ目	38.951325	141.13197	東日本旅客鉄道・東北線
000970	岩ノ下	38.947695	141.245313	東日本旅客鉄道・大船渡線
000971	折壁	38.939415	141.45227	東日本旅客鉄道・大船渡線
000972	矢越	38.935275	141.429105	東日本旅客鉄道・大船渡線
000973	釜淵	38.93299	140.26398	東日本旅客鉄道・奥羽線
000974	小梨	38.93247	141.38421	東日本旅客鉄道・大船渡線
000975	一ノ関	38.92661	141.13814	東日本旅客鉄道・大船渡線
000976	一ノ関	38.92661	141.13814	東日本旅客鉄道・東北線
000977	一ノ関	38.926445	141.1391	東日本旅客鉄道・東北新幹線
000978	千厩	38.924855	141.345625	東日本旅客鉄道・大船渡線
000979	酒田	38.92221	139.845915	東日本旅客鉄道・羽越線
000980	陸中門崎	38.91693	141.25122	東日本旅客鉄道・大船渡線
000981	新月	38.91561	141.488885	東日本旅客鉄道・大船渡線
000982	気仙沼	38.910025	141.558845	東日本旅客鉄道・大船渡線
000983	真滝	38.908265	141.177945	東日本旅客鉄道・大船渡線
000984	東酒田	38.907565	139.875265	東日本旅客鉄道・羽越線
000985	砂越	38.895135	139.90733	東日本旅客鉄道・羽越線
000986	北余目	38.86754	139.908125	東日本旅客鉄道・羽越線
000987	有壁	38.86735	141.1211	東日本旅客鉄道・東北線
000988	真室川	38.858305	140.254865	東日本旅客鉄道・奥羽線
000989	清水原	38.854927	141.156452	東日本旅客鉄道・東北線
000990	余目	38.844365	139.911315	東日本旅客鉄道・羽越線
000991	余目	38.844365	139.911315	東日本旅客鉄道・陸羽西線
000992	羽前豊里	38.836755	140.2423	東日本旅客鉄道・奥羽線
000993	花泉	38.833365	141.180015	東日本旅客鉄道・東北線
000994	南野	38.818185	139.944715	東日本旅客鉄道・陸羽西線
000995	泉田	38.81181	140.310058	東日本旅客鉄道・奥羽線
000996	西袋	38.81151	139.907715	東日本旅客鉄道・羽越線
000997	油島	38.797105	141.17572	東日本旅客鉄道・東北線
000998	狩川	38.793685	139.97676	東日本旅客鉄道・陸羽西線
000999	清川	38.79018	140.020687	東日本旅客鉄道・陸羽西線
001000	石越	38.768825	141.15916	東日本旅客鉄道・東北線
001001	藤島	38.768635	139.89407	東日本旅客鉄道・羽越線
001002	大堀	38.76593	140.4754	東日本旅客鉄道・陸羽東線
001003	鵜杉	38.76493	140.45367	東日本旅客鉄道・陸羽東線
001004	新庄	38.762515	140.306105	東日本旅客鉄道・奥羽線
001005	新庄	38.762515	140.306105	東日本旅客鉄道・陸羽西線
001006	新庄	38.762515	140.306105	東日本旅客鉄道・陸羽東線
001007	最上	38.75593	140.51766	東日本旅客鉄道・陸羽東線
001008	瀬見温泉	38.75513	140.41963	東日本旅客鉄道・陸羽東線
001009	高屋	38.752505	140.071015	東日本旅客鉄道・陸羽西線
001010	升形	38.75158	140.24426	東日本旅客鉄道・陸羽西線
001011	くりこま高原	38.748229	141.071219	東日本旅客鉄道・東北新幹線
001012	羽前前波	38.747705	140.2095	東日本旅客鉄道・陸羽西線
001013	鳴子御殿湯	38.74454	140.737487	東日本旅客鉄道・陸羽東線
001014	鳴子温泉	38.743355	140.71596	東日本旅客鉄道・陸羽東線
001015	羽前大山	38.74213	139.767977	東日本旅客鉄道・羽越線
001016	立小路	38.742015	140.54271	東日本旅客鉄道・陸羽東線
001017	鶴岡	38.740095	139.83539	東日本旅客鉄道・羽越線
001018	津谷	38.7376	140.18635	東日本旅客鉄道・陸羽西線
001019	古口	38.73716	140.145985	東日本旅客鉄道・陸羽西線
001020	川渡温泉	38.73686	140.7792	東日本旅客鉄道・陸羽東線
001021	堺田	38.735565	140.61278	東日本旅客鉄道・陸羽東線
001022	赤倉温泉	38.730542	140.553565	東日本旅客鉄道・陸羽東線
001023	中山平温泉	38.72652	140.66802	東日本旅客鉄道・陸羽東線
001024	南新庄	38.721547	140.31621	東日本旅客鉄道・陸羽東線
001025	東長沢	38.71891	140.38217	東日本旅客鉄道・陸羽東線
001026	羽前水沢	38.71356	139.731545	東日本旅客鉄道・羽越線
001027	新田	38.711562	141.119522	東日本旅客鉄道・東北線
001028	長沢	38.709777	140.36576	東日本旅客鉄道・陸羽東線
001029	池月	38.70906	140.83563	東日本旅客鉄道・陸羽東線
001030	三瀬	38.699458	139.6734	東日本旅客鉄道・羽越線
001031	小波渡	38.692415	139.64968	東日本旅客鉄道・羽越線
001032	舟形	38.691713	140.316107	東日本旅客鉄道・奥羽線
001033	梅ヶ沢	38.68163	141.085232	東日本旅客鉄道・東北線
001034	上野目	38.680525	140.859365	東日本旅客鉄道・陸羽東線
001035	五十川	38.67064	139.616095	東日本旅客鉄道・羽越線
001036	有備館	38.65805	140.86436	東日本旅客鉄道・陸羽東線
001037	瀬峰	38.65561	141.073855	東日本旅客鉄道・東北線
001038	芦沢	38.655465	140.36106	東日本旅客鉄道・奥羽線
001039	岩出山	38.652497	140.871557	東日本旅客鉄道・陸羽東線
001040	西大崎	38.630025	140.88969	東日本旅客鉄道・陸羽東線
001041	北大石田	38.62961	140.371255	東日本旅客鉄道・奥羽線
001042	あつみ温泉	38.62425	139.587908	東日本旅客鉄道・羽越線
001043	柳津	38.611825	141.306355	東日本旅客鉄道・気仙沼線
001044	御岳堂	38.60574	141.26474	東日本旅客鉄道・気仙沼線
001045	東大崎	38.60567	140.897065	東日本旅客鉄道・陸羽東線
001046	田尻	38.59627	141.059035	東日本旅客鉄道・東北線
001047	大石田	38.59582	140.375385	東日本旅客鉄道・奥羽線
001048	小岩川	38.59041	139.565967	東日本旅客鉄道・羽越線
001049	陸前豊里	38.58231	141.24351	東日本旅客鉄道・気仙沼線
001050	西古川	38.57816	140.89546	東日本旅客鉄道・陸羽東線
001051	塚目	38.572485	140.937095	東日本旅客鉄道・陸羽東線
001052	古川	38.57075	140.967787	東日本旅客鉄道・東北新幹線
001053	古川	38.570597	140.967778	東日本旅客鉄道・陸羽東線
001054	陸前谷地	38.565135	140.99954	東日本旅客鉄道・陸羽東線
001055	北浦	38.55987	141.02313	東日本旅客鉄道・陸羽東線
001056	鼠ヶ関	38.55559	139.548807	東日本旅客鉄道・羽越線
001057	のの岳	38.55266	141.22582	東日本旅客鉄道・気仙沼線
001058	上涌谷	38.549175	141.09958	東日本旅客鉄道・石巻線
001059	袖崎	38.54827	140.391355	東日本旅客鉄道・奥羽線
001060	小牛田	38.54066	141.064415	東日本旅客鉄道・石巻線
001061	小牛田	38.54066	141.064415	東日本旅客鉄道・東北線
001062	小牛田	38.54066	141.064415	東日本旅客鉄道・陸羽東線
001063	涌谷	38.538005	141.127285	東日本旅客鉄道・石巻線
001064	和渕	38.525885	141.220465	東日本旅客鉄道・気仙沼線
001065	府屋	38.513478	139.530432	東日本旅客鉄道・羽越線
001066	松山町	38.512705	141.07492	東日本旅客鉄道・東北線
001067	前谷地	38.51209	141.194385	東日本旅客鉄道・気仙沼線
001068	前谷地	38.51209	141.194385	東日本旅客鉄道・石巻線
001069	佳景山	38.497973	141.239643	東日本旅客鉄道・石巻線
001070	勝木	38.49027	139.51747	東日本旅客鉄道・羽越線
001071	鹿又	38.485855	141.283315	東日本旅客鉄道・石巻線
001072	村山	38.4771	140.38642	東日本旅客鉄道・奥羽線
001073	鹿島台	38.474515	141.097965	東日本旅客鉄道・東北線
001074	曽波神	38.465813	141.28785	東日本旅客鉄道・石巻線
001075	東根	38.450945	140.38409	東日本旅客鉄道・奥羽線
001076	越後寒川	38.448765	139.49005	東日本旅客鉄道・羽越線
001077	女川	38.446919	141.443097	東日本旅客鉄道・石巻線
001078	陸前稲井	38.44542	141.334905	東日本旅客鉄道・石巻線
001079	蛇田	38.43828	141.277537	東日本旅客鉄道・仙石線
001080	陸前山下	38.437725	141.288835	東日本旅客鉄道・仙石線
001081	浦宿	38.436515	141.42146	東日本旅客鉄道・石巻線
001082	石巻あゆみ野	38.436031	141.25922	東日本旅客鉄道・仙石線
001083	石巻	38.435353	141.303553	東日本旅客鉄道・石巻線
001084	石巻	38.435353	141.303553	東日本旅客鉄道・仙石線
001085	陸前赤井	38.432417	141.239003	東日本旅客鉄道・仙石線
001086	沢田	38.432355	141.382395	東日本旅客鉄道・石巻線
001087	品井沼	38.43149	141.082317	東日本旅客鉄道・東北線
001088	万石浦	38.428863	141.36873	東日本旅客鉄道・石巻線
001089	さくらんぼ東根	38.42861	140.38076	東日本旅客鉄道・奥羽線
001090	東矢本	38.427995	141.22228	東日本旅客鉄道・仙石線
001091	矢本	38.42045	141.2091	東日本旅客鉄道・仙石線
001092	渡波	38.41999	141.36518	東日本旅客鉄道・石巻線
001093	神町	38.41231	140.37849	東日本旅客鉄道・奥羽線
001094	今川	38.410145	139.46838	東日本旅客鉄道・羽越線
001095	鹿妻	38.40328	141.1901	東日本旅客鉄道・仙石線
001096	愛宕	38.39747	141.065113	東日本旅客鉄道・東北線
001097	羽前高松	38.397528	140.2486	東日本旅客鉄道・左沢線
001098	陸前小野	38.396025	141.174775	東日本旅客鉄道・仙石線
001099	手樽	38.3871	141.092735	東日本旅客鉄道・仙石線
001100	乱川	38.38681	140.374765	東日本旅客鉄道・奥羽線
001101	陸前富山	38.3863	141.107265	東日本旅客鉄道・仙石線
001102	高城町	38.382825	141.07355	東日本旅客鉄道・仙石線
001103	高城町	38.382825	141.07355	東日本旅客鉄道・東北線
001104	左沢	38.382197	140.20809	東日本旅客鉄道・左沢線
001105	柴橋	38.380877	140.22583	東日本旅客鉄道・左沢線
001106	西寒河江	38.379583	140.266587	東日本旅客鉄道・左沢線
001107	松島	38.379312	141.065328	東日本旅客鉄道・東北線
001108	陸前大塚	38.379015	141.129185	東日本旅客鉄道・仙石線
001109	野蒜	38.378896	141.156575	東日本旅客鉄道・仙石線
001110	東名	38.375284	141.143933	東日本旅客鉄道・仙石線
001111	桑川	38.37518	139.458795	東日本旅客鉄道・羽越線
001112	寒河江	38.37204	140.274693	東日本旅客鉄道・左沢線
001113	松島海岸	38.368367	141.058843	東日本旅客鉄道・仙石線
001114	天童	38.360057	140.36943	東日本旅客鉄道・奥羽線
001115	南寒河江	38.355993	140.277403	東日本旅客鉄道・左沢線
001116	陸前浜田	38.350858	141.041704	東日本旅客鉄道・仙石線
001117	天童南	38.341974	140.365724	東日本旅客鉄道・奥羽線
001118	面白山高原	38.332952	140.49723	東日本旅客鉄道・仙山線
001119	羽前長崎	38.33291	140.27307	東日本旅客鉄道・左沢線
001120	高擶	38.33071	140.35883	東日本旅客鉄道・奥羽線
001121	利府	38.32935	140.9848	東日本旅客鉄道・東北線
001122	奥新川	38.32598	140.59444	東日本旅客鉄道・仙山線
001123	東塩釜	38.32563	141.03167	東日本旅客鉄道・仙石線
001124	泉中央	38.322965	140.880665	仙台市・南北線
001125	羽前金沢	38.32087	140.270455	東日本旅客鉄道・左沢線
001126	作並	38.3178	140.632547	東日本旅客鉄道・仙山線
001127	本塩釜	38.317715	141.02247	東日本旅客鉄道・仙石線
001128	新利府	38.31724	140.973103	東日本旅客鉄道・東北線
001129	越後早川	38.31638	139.449945	東日本旅客鉄道・羽越線
001130	漆山	38.31433	140.347667	東日本旅客鉄道・奥羽線
001131	八乙女	38.313035	140.884015	仙台市・南北線
001132	西塩釜	38.311955	141.01837	東日本旅客鉄道・仙石線
001133	塩釜	38.309647	141.00954	東日本旅客鉄道・東北線
001134	山寺	38.309577	140.434777	東日本旅客鉄道・仙山線
001135	下馬	38.305835	141.014995	東日本旅客鉄道・仙石線
001136	黒松	38.303147	140.886277	仙台市・南北線
001137	南出羽	38.30257	140.34465	東日本旅客鉄道・奥羽線
001138	楯山	38.30167	140.370655	東日本旅客鉄道・仙山線
001139	高瀬	38.301503	140.396047	東日本旅客鉄道・仙山線
001140	国府多賀城	38.301084	140.99474	東日本旅客鉄道・東北線
001141	岩切	38.300937	140.955327	東日本旅客鉄道・東北線
001142	陸前山王	38.299588	140.979478	東日本旅客鉄道・東北線
001143	熊ヶ根	38.29802	140.68058	東日本旅客鉄道・仙山線
001144	旭ヶ丘	38.295723	140.8837	仙台市・南北線
001145	羽前山辺	38.294605	140.271575	東日本旅客鉄道・左沢線
001146	多賀城	38.29168	141.00538	東日本旅客鉄道・仙石線
001147	台原	38.288178	140.878172	仙台市・南北線
001148	羽前千歳	38.287375	140.34214	東日本旅客鉄道・奥羽線
001149	羽前千歳	38.287375	140.34214	東日本旅客鉄道・仙山線
001150	北山	38.285145	140.851895	東日本旅客鉄道・仙山線
001151	北仙台	38.28244	140.86883	仙台市・南北線
001152	北仙台	38.281615	140.869955	東日本旅客鉄道・仙山線
001153	中野栄	38.280845	140.9853	東日本旅客鉄道・仙石線
001154	東北福祉大前	38.280437	140.842803	東日本旅客鉄道・仙山線
001155	陸前白沢	38.278077	140.702277	東日本旅客鉄道・仙山線
001156	東照宮	38.277268	140.88672	東日本旅客鉄道・仙山線
001157	東金井	38.27693	140.30277	東日本旅客鉄道・左沢線
001158	東仙台	38.27624	140.91964	東日本旅客鉄道・東北線
001159	福田町	38.274976	140.958334	東日本旅客鉄道・仙石線
001160	国見	38.27477	140.83328	東日本旅客鉄道・仙山線
001161	陸前高砂	38.27355	140.967767	東日本旅客鉄道・仙石線
001162	陸前落合	38.273435	140.79005	東日本旅客鉄道・仙山線
001163	小鶴新田	38.273395	140.934955	東日本旅客鉄道・仙石線
001164	間島	38.273045	139.450255	東日本旅客鉄道・羽越線
001165	愛子	38.27263	140.761435	東日本旅客鉄道・仙山線
001166	北四番丁	38.2721	140.86911	仙台市・南北線
001167	葛岡	38.268855	140.81861	東日本旅客鉄道・仙山線
001168	苦竹	38.268833	140.91907	東日本旅客鉄道・仙石線
001169	勾当台公園	38.26673	140.8712	仙台市・南北線
001170	陸前原ノ町	38.266093	140.91085	東日本旅客鉄道・仙石線
001171	北山形	38.265935	140.332695	東日本旅客鉄道・奥羽線
001172	北山形	38.26544	140.33225	東日本旅客鉄道・左沢線
001173	広瀬通	38.262835	140.875417	仙台市・南北線
001174	川内	38.260829	140.850368	仙台市・東西線
001175	あおば通	38.260657	140.878623	東日本旅客鉄道・仙石線
001176	宮城野原	38.26069	140.904773	東日本旅客鉄道・仙石線
001177	仙台	38.260973	140.882155	東日本旅客鉄道・東北新幹線
001178	国際センター	38.2602	140.856834	仙台市・東西線
001179	仙台	38.26018	140.884145	東日本旅客鉄道・仙石線
001180	仙台	38.259764	140.880188	仙台市・東西線
001181	仙台	38.260088	140.882545	東日本旅客鉄道・仙山線
001182	仙台	38.260088	140.882545	東日本旅客鉄道・東北線
001183	仙台	38.259705	140.879925	仙台市・南北線
001184	青葉通一番町	38.259672	140.872062	仙台市・東西線
001185	大町西公園	38.25893	140.864586	仙台市・東西線
001186	榴ヶ岡	38.25875	140.8938	東日本旅客鉄道・仙石線
001187	宮城野通	38.258048	140.88582	仙台市・東西線
001188	青葉山	38.255154	140.835337	仙台市・東西線
001189	五橋	38.251876	140.881114	仙台市・南北線
001190	卸町	38.251552	140.920908	仙台市・東西線
001191	連坊	38.251138	140.893236	仙台市・東西線
001192	六丁の目	38.250929	140.935684	仙台市・東西線
001193	薬師堂	38.249575	140.906062	仙台市・東西線
001194	山形	38.24845	140.327472	東日本旅客鉄道・奥羽線
001195	愛宕橋	38.24744	140.881407	仙台市・南北線
001196	荒井	38.244894	140.948406	仙台市・東西線
001197	八木山動物公園	38.243329	140.844018	仙台市・東西線
001198	河原町	38.240572	140.887817	仙台市・南北線
001199	長町一丁目	38.234313	140.88752	仙台市・南北線
001200	長町	38.22862	140.88478	仙台市・南北線
001201	長町	38.22734	140.886257	東日本旅客鉄道・東北線
001202	長町南	38.224715	140.87699	仙台市・南北線
001203	村上	38.21988	139.463315	東日本旅客鉄道・羽越線
001204	太子堂	38.217633	140.883697	東日本旅客鉄道・東北線
001205	富沢	38.214145	140.8706	仙台市・南北線
001206	蔵王	38.205885	140.303355	東日本旅客鉄道・奥羽線
001207	南仙台	38.19722	140.883295	東日本旅客鉄道・東北線
001208	荒砥	38.188035	140.09742	山形鉄道・フラワー長井線
001209	四季の郷	38.186005	140.07862	山形鉄道・フラワー長井線
001210	岩船町	38.183485	139.45968	東日本旅客鉄道・羽越線
001211	鮎貝	38.18257	140.071035	山形鉄道・フラワー長井線
001212	名取	38.1731	140.88275	東日本旅客鉄道・東北線
001213	名取	38.1731	140.88275	仙台空港鉄道・仙台空港線
001214	茂吉記念館前	38.17136	140.29827	東日本旅客鉄道・奥羽線
001215	杜せきのした	38.16537	140.895955	仙台空港鉄道・仙台空港線
001216	蚕桑	38.161477	140.046777	山形鉄道・フラワー長井線
001217	美田園	38.15969	140.917435	仙台空港鉄道・仙台空港線
001218	かみのやま温泉	38.151905	140.27845	東日本旅客鉄道・奥羽線
001219	平林	38.150095	139.459025	東日本旅客鉄道・羽越線
001220	白兎	38.149975	140.04109	山形鉄道・フラワー長井線
001221	館腰	38.143085	140.880155	東日本旅客鉄道・東北線
001222	仙台空港	38.137275	140.92976	仙台空港鉄道・仙台空港線
001223	羽前成田	38.131057	140.035117	山形鉄道・フラワー長井線
001224	羽前中山	38.12511	140.218725	東日本旅客鉄道・奥羽線
001225	坂町	38.119287	139.445837	東日本旅客鉄道・羽越線
001226	坂町	38.119287	139.445837	東日本旅客鉄道・米坂線
001227	あやめ公園	38.114103	140.032787	山形鉄道・フラワー長井線
001228	岩沼	38.111865	140.863655	東日本旅客鉄道・常磐線
001229	岩沼	38.111865	140.863655	東日本旅客鉄道・東北線
001230	長井	38.10653	140.033565	山形鉄道・フラワー長井線
001231	越後大島	38.099645	139.518325	東日本旅客鉄道・米坂線
001232	南長井	38.097617	140.03455	山形鉄道・フラワー長井線
001233	平木田	38.09439	139.427917	東日本旅客鉄道・羽越線
001234	中川	38.093345	140.20348	東日本旅客鉄道・奥羽線
001235	越後下関	38.089985	139.56015	東日本旅客鉄道・米坂線
001236	槻木	38.07914	140.810183	東日本旅客鉄道・東北線
001237	槻木	38.07914	140.810183	阿武隈急行・阿武隈急行線
001238	時庭	38.076673	140.029597	山形鉄道・フラワー長井線
001239	宮内	38.07086	140.1353	山形鉄道・フラワー長井線
001240	越後片貝	38.070775	139.622415	東日本旅客鉄道・米坂線
001241	逢隈	38.067625	140.85475	東日本旅客鉄道・常磐線
001242	越後金丸	38.06651	139.663525	東日本旅客鉄道・米坂線
001243	おりはた	38.066455	140.122465	山形鉄道・フラワー長井線
001244	萩生	38.06191	140.00428	東日本旅客鉄道・米坂線
001245	小国	38.06145	139.75017	東日本旅客鉄道・米坂線
001246	船岡	38.05933	140.7674	東日本旅客鉄道・東北線
001247	梨郷	38.057283	140.09812	山形鉄道・フラワー長井線
001248	今泉	38.0567	140.04423	東日本旅客鉄道・米坂線
001249	今泉	38.0567	140.04423	山形鉄道・フラワー長井線
001250	南陽市役所	38.055505	140.149005	山形鉄道・フラワー長井線
001251	西大塚	38.055437	140.064648	山形鉄道・フラワー長井線
001252	伊佐領	38.05105	139.82265	東日本旅客鉄道・米坂線
001253	東船岡	38.05013	140.789815	阿武隈急行・阿武隈急行線
001254	中条	38.04989	139.398	東日本旅客鉄道・羽越線
001255	大河原	38.047397	140.74033	東日本旅客鉄道・東北線
001256	赤湯	38.04723	140.14901	東日本旅客鉄道・奥羽線
001257	赤湯	38.04723	140.14901	山形鉄道・フラワー長井線
001258	羽前松岡	38.045395	139.780445	東日本旅客鉄道・米坂線
001259	亘理	38.03988	140.86129	東日本旅客鉄道・常磐線
001260	羽前椿	38.03862	139.99428	東日本旅客鉄道・米坂線
001261	東白石	38.035136	140.6511	東日本旅客鉄道・東北線
001262	北白川	38.03245	140.69255	東日本旅客鉄道・東北線
001263	羽前沼沢	38.02879	139.872495	東日本旅客鉄道・米坂線
001264	犬川	38.0254	140.052113	東日本旅客鉄道・米坂線
001265	金塚	38.0203	139.379555	東日本旅客鉄道・羽越線
001266	岡	38.019023	140.780343	阿武隈急行・阿武隈急行線
001267	手ノ子	38.01176	139.96126	東日本旅客鉄道・米坂線
001268	羽前小松	38.004685	140.048545	東日本旅客鉄道・米坂線
001269	白石	38.003133	140.62625	東日本旅客鉄道・東北線
001270	浜吉田	38.002225	140.890085	東日本旅客鉄道・常磐線
001271	横倉	37.996985	140.77605	阿武隈急行・阿武隈急行線
001272	白石蔵王	37.99498	140.63296	東日本旅客鉄道・東北新幹線
001273	高畠	37.992335	140.15281	東日本旅客鉄道・奥羽線
001274	角田	37.97929	140.77241	阿武隈急行・阿武隈急行線
001275	加治	37.97651	139.358555	東日本旅客鉄道・羽越線
001276	中郡	37.969195	140.06728	東日本旅客鉄道・米坂線
001277	山下	37.966319	140.888983	東日本旅客鉄道・常磐線
001278	南角田	37.964895	140.769615	阿武隈急行・阿武隈急行線
001279	置賜	37.954055	140.14255	東日本旅客鉄道・奥羽線
001280	佐々木	37.949803	139.269807	東日本旅客鉄道・白新線
001281	新発田	37.943853	139.334977	東日本旅客鉄道・羽越線
001282	新発田	37.943853	139.334977	東日本旅客鉄道・白新線
001283	成島	37.943365	140.07556	東日本旅客鉄道・米坂線
001284	北丸森	37.943105	140.77182	阿武隈急行・阿武隈急行線
001285	西新発田	37.941365	139.30675	東日本旅客鉄道・白新線
001286	黒山	37.937285	139.24139	東日本旅客鉄道・白新線
001287	越河	37.933483	140.604583	東日本旅客鉄道・東北線
001288	丸森	37.93072	140.76172	阿武隈急行・阿武隈急行線
001289	坂元	37.924079	140.901055	東日本旅客鉄道・常磐線
001290	新崎	37.922425	139.15837	東日本旅客鉄道・白新線
001291	早通	37.921115	139.178175	東日本旅客鉄道・白新線
001292	豊栄	37.919547	139.215627	東日本旅客鉄道・白新線
001293	西米沢	37.917255	140.08483	東日本旅客鉄道・米坂線
001294	大形	37.91543	139.129335	東日本旅客鉄道・白新線
001295	あぶくま	37.913405	140.68576	阿武隈急行・阿武隈急行線
001296	新潟	37.91223	139.061247	東日本旅客鉄道・越後線
001297	新潟	37.91223	139.061247	東日本旅客鉄道・信越線
001298	新潟	37.91223	139.061247	東日本旅客鉄道・白新線
001299	中浦	37.912198	139.302763	東日本旅客鉄道・羽越線
001300	新潟	37.912005	139.061745	東日本旅客鉄道・上越新幹線
001301	白山	37.911836	139.030046	東日本旅客鉄道・越後線
001302	米沢	37.909415	140.128285	東日本旅客鉄道・奥羽線
001303	米沢	37.909415	140.128285	東日本旅客鉄道・米坂線
001304	東新潟	37.908785	139.108655	東日本旅客鉄道・白新線
001305	貝田	37.90811	140.58098	東日本旅客鉄道・東北線
001306	関屋	37.906135	139.015155	東日本旅客鉄道・越後線
001307	青山	37.89857	139.000875	東日本旅客鉄道・越後線
001308	越後石山	37.896365	139.095475	東日本旅客鉄道・信越線
001309	南米沢	37.89605	140.10827	東日本旅客鉄道・米坂線
001310	兜	37.895392	140.64652	阿武隈急行・阿武隈急行線
001311	小針	37.8895	138.991125	東日本旅客鉄道・越後線
001312	月岡	37.889337	139.272457	東日本旅客鉄道・羽越線
001313	新地	37.879215	140.92564	東日本旅客鉄道・常磐線
001314	寺尾	37.879197	138.97395	東日本旅客鉄道・越後線
001315	藤田	37.87888	140.539415	東日本旅客鉄道・東北線
001316	亀田	37.877183	139.10824	東日本旅客鉄道・信越線
001317	富野	37.87474	140.627465	阿武隈急行・阿武隈急行線
001318	新潟大学前	37.869185	138.954575	東日本旅客鉄道・越後線
001319	関根	37.864595	140.14627	東日本旅客鉄道・奥羽線
001320	神山	37.86287	139.244845	東日本旅客鉄道・羽越線
001321	内野	37.858488	138.936882	東日本旅客鉄道・越後線
001322	やながわ希望の森公園前	37.85787	140.61565	阿武隈急行・阿武隈急行線
001323	桑折	37.85517	140.517315	東日本旅客鉄道・東北線
001324	内野西が丘	37.84614	138.926725	東日本旅客鉄道・越後線
001325	梁川	37.846	140.60347	阿武隈急行・阿武隈急行線
001326	駒ヶ嶺	37.842367	140.92508	東日本旅客鉄道・常磐線
001327	新田	37.83776	140.593025	阿武隈急行・阿武隈急行線
001328	大沢	37.83731	140.20035	東日本旅客鉄道・奥羽線
001329	水原	37.83656	139.217192	東日本旅客鉄道・羽越線
001330	荻川	37.83258	139.11163	東日本旅客鉄道・信越線
001331	飯坂温泉	37.830135	140.45468	福島交通・飯坂線
001332	二井田	37.827815	140.580375	阿武隈急行・阿武隈急行線
001333	花水坂	37.82706	140.450815	福島交通・飯坂線
001334	伊達	37.824275	140.49338	東日本旅客鉄道・東北線
001335	大泉	37.81989	140.56684	阿武隈急行・阿武隈急行線
001336	京ヶ瀬	37.817625	139.178475	東日本旅客鉄道・羽越線
001337	医王寺前	37.816033	140.44633	福島交通・飯坂線
001338	越後赤塚	37.816	138.908175	東日本旅客鉄道・越後線
001339	保原	37.814565	140.556595	阿武隈急行・阿武隈急行線
001340	さつき野	37.8131	139.117355	東日本旅客鉄道・信越線
001341	峠	37.81198	140.235913	東日本旅客鉄道・奥羽線
001342	板谷	37.81133	140.26816	東日本旅客鉄道・奥羽線
001343	上保原	37.80961	140.54282	阿武隈急行・阿武隈急行線
001344	高子	37.808387	140.527183	阿武隈急行・阿武隈急行線
001345	向瀬上	37.80658	140.51033	阿武隈急行・阿武隈急行線
001346	平野	37.805087	140.442753	福島交通・飯坂線
001347	相馬	37.802477	140.925717	東日本旅客鉄道・常磐線
001348	瀬上	37.802375	140.498565	阿武隈急行・阿武隈急行線
001349	新津	37.8003	139.12121	東日本旅客鉄道・羽越線
001350	新津	37.8003	139.12121	東日本旅客鉄道・信越線
001351	新津	37.8003	139.12121	東日本旅客鉄道・磐越西線
001352	東福島	37.799837	140.477397	東日本旅客鉄道・東北線
001353	福島学院前	37.798753	140.488588	阿武隈急行・阿武隈急行線
001354	桜水	37.79587	140.4411	福島交通・飯坂線
001355	卸町	37.795455	140.47948	阿武隈急行・阿武隈急行線
001356	越後曽根	37.793495	138.911095	東日本旅客鉄道・越後線
001357	東新津	37.787725	139.143585	東日本旅客鉄道・磐越西線
001358	笹谷	37.78735	140.43973	福島交通・飯坂線
001359	上松川	37.783615	140.44107	福島交通・飯坂線
001360	泉	37.778753	140.445497	福島交通・飯坂線
001361	岩代清水	37.77631	140.44763	福島交通・飯坂線
001362	古津	37.773	139.114455	東日本旅客鉄道・信越線
001363	庭坂	37.77155	140.38983	東日本旅客鉄道・奥羽線
001364	新関	37.768235	139.16239	東日本旅客鉄道・磐越西線
001365	美術館図書館前	37.767125	140.45538	福島交通・飯坂線
001366	笹木野	37.76588	140.42611	東日本旅客鉄道・奥羽線
001367	曽根田	37.760317	140.45949	福島交通・飯坂線
001368	巻	37.756985	138.889595	東日本旅客鉄道・越後線
001369	日立木	37.75613	140.93466	東日本旅客鉄道・常磐線
001370	福島	37.754315	140.45993	東日本旅客鉄道・東北線
001371	福島	37.75432	140.460035	福島交通・飯坂線
001372	福島	37.754315	140.45993	阿武隈急行・阿武隈急行線
001373	福島	37.75431	140.459625	東日本旅客鉄道・奥羽線
001374	福島	37.75371	140.458603	東日本旅客鉄道・東北新幹線
001375	矢代田	37.748887	139.095497	東日本旅客鉄道・信越線
001376	北五泉	37.746815	139.16968	東日本旅客鉄道・磐越西線
001377	馬下	37.737577	139.260373	東日本旅客鉄道・磐越西線
001378	東下条	37.736707	139.321967	東日本旅客鉄道・磐越西線
001379	咲花	37.735	139.290903	東日本旅客鉄道・磐越西線
001380	五泉	37.73437	139.179793	東日本旅客鉄道・磐越西線
001381	猿和田	37.729627	139.222357	東日本旅客鉄道・磐越西線
001382	南福島	37.723815	140.455835	東日本旅客鉄道・東北線
001383	岩室	37.721425	138.879995	東日本旅客鉄道・越後線
001384	田上	37.719025	139.07457	東日本旅客鉄道・信越線
001385	五十島	37.715917	139.353467	東日本旅客鉄道・磐越西線
001386	三川	37.7084	139.381495	東日本旅客鉄道・磐越西線
001387	日出谷	37.70572	139.534	東日本旅客鉄道・磐越西線
001388	鹿島	37.702835	140.97008	東日本旅客鉄道・常磐線
001389	北吉田	37.702005	138.88222	東日本旅客鉄道・越後線
001390	弥彦	37.699195	138.83178	東日本旅客鉄道・弥彦線
001391	鹿瀬	37.69596	139.48023	東日本旅客鉄道・磐越西線
001392	羽生田	37.693645	139.060695	東日本旅客鉄道・信越線
001393	矢作	37.69065	138.851665	東日本旅客鉄道・弥彦線
001394	津川	37.688185	139.446965	東日本旅客鉄道・磐越西線
001395	吉田	37.687125	138.878565	東日本旅客鉄道・越後線
001396	吉田	37.6871	138.87859	東日本旅客鉄道・弥彦線
001397	金谷川	37.68071	140.452005	東日本旅客鉄道・東北線
001398	豊実	37.680523	139.576343	東日本旅客鉄道・磐越西線
001399	西燕	37.679785	138.909255	東日本旅客鉄道・弥彦線
001400	南吉田	37.671975	138.871045	東日本旅客鉄道・越後線
001401	燕	37.66764	138.928485	東日本旅客鉄道・弥彦線
001402	徳沢	37.666907	139.60288	東日本旅客鉄道・磐越西線
001403	加茂	37.658845	139.048955	東日本旅客鉄道・信越線
001404	粟生津	37.65397	138.8735	東日本旅客鉄道・越後線
001405	松川	37.653505	140.484165	東日本旅客鉄道・東北線
001406	燕三条	37.64887	138.93965	東日本旅客鉄道・弥彦線
001407	燕三条	37.64786	138.93865	東日本旅客鉄道・上越新幹線
001408	喜多方	37.643855	139.86811	東日本旅客鉄道・磐越西線
001409	保内	37.639305	139.014685	東日本旅客鉄道・信越線
001410	山都	37.639205	139.76656	東日本旅客鉄道・磐越西線
001411	原ノ町	37.63796	140.97111	東日本旅客鉄道・常磐線
001412	会津豊川	37.633567	139.876823	東日本旅客鉄道・磐越西線
001413	北三条	37.632765	138.955625	東日本旅客鉄道・弥彦線
001414	分水	37.629165	138.839395	東日本旅客鉄道・越後線
001415	東三条	37.628545	138.974755	東日本旅客鉄道・信越線
001416	東三条	37.628545	138.974755	東日本旅客鉄道・弥彦線
001417	上野尻	37.62503	139.6339	東日本旅客鉄道・磐越西線
001418	三条	37.62123	138.96088	東日本旅客鉄道・信越線
001419	寺泊	37.62027	138.814465	東日本旅客鉄道・越後線
001420	荻野	37.617555	139.72225	東日本旅客鉄道・磐越西線
001421	姥堂	37.615997	139.880987	東日本旅客鉄道・磐越西線
001422	安達	37.61264	140.46668	東日本旅客鉄道・東北線
001423	尾登	37.608947	139.691477	東日本旅客鉄道・磐越西線
001424	磐城太田	37.6051	140.99148	東日本旅客鉄道・常磐線
001425	桐原	37.601772	138.792512	東日本旅客鉄道・越後線
001426	塩川	37.5941	139.887197	東日本旅客鉄道・磐越西線
001427	東光寺	37.59303	138.94295	東日本旅客鉄道・信越線
001428	野沢	37.591043	139.64424	東日本旅客鉄道・磐越西線
001429	二本松	37.589465	140.43552	東日本旅客鉄道・東北線
001430	笈川	37.57914	139.89534	東日本旅客鉄道・磐越西線
001431	小島谷	37.57456	138.771345	東日本旅客鉄道・越後線
001432	帯織	37.573005	138.92856	東日本旅客鉄道・信越線
001433	塔寺	37.56944	139.78522	東日本旅客鉄道・只見線
001434	東長原	37.566525	139.948125	東日本旅客鉄道・磐越西線
001435	妙法寺	37.566445	138.74211	東日本旅客鉄道・越後線
001436	杉田	37.563484	140.413978	東日本旅客鉄道・東北線
001437	小高	37.563123	140.996383	東日本旅客鉄道・常磐線
001438	磐梯町	37.557367	139.993432	東日本旅客鉄道・磐越西線
001439	会津坂下	37.556774	139.821422	東日本旅客鉄道・只見線
001440	堂島	37.554765	139.911745	東日本旅客鉄道・磐越西線
001441	会津坂本	37.553287	139.75663	東日本旅客鉄道・只見線
001442	翁島	37.55281	140.054	東日本旅客鉄道・磐越西線
001443	広田	37.549263	139.933383	東日本旅客鉄道・磐越西線
001444	猪苗代	37.54628	140.1033	東日本旅客鉄道・磐越西線
001445	見附	37.54015	138.904825	東日本旅客鉄道・信越線
001446	会津柳津	37.538675	139.723875	東日本旅客鉄道・只見線
001447	川桁	37.535595	140.13692	東日本旅客鉄道・磐越西線
001448	若宮	37.53541	139.8283	東日本旅客鉄道・只見線
001449	出雲崎	37.531825	138.71625	東日本旅客鉄道・越後線
001450	桃内	37.528665	140.98437	東日本旅客鉄道・常磐線
001451	新鶴	37.517165	139.82849	東日本旅客鉄道・只見線
001452	郷戸	37.51634	139.709925	東日本旅客鉄道・只見線
001453	関都	37.515635	140.143595	東日本旅客鉄道・磐越西線
001454	小木ノ城	37.51563	138.704217	東日本旅客鉄道・越後線
001455	本宮	37.513735	140.399335	東日本旅客鉄道・東北線
001456	会津若松	37.50895	139.93017	東日本旅客鉄道・只見線
001457	会津若松	37.50895	139.93017	東日本旅客鉄道・磐越西線
001458	押切	37.50494	138.881215	東日本旅客鉄道・信越線
001459	根岸	37.50196	139.8286	東日本旅客鉄道・只見線
001460	七日町	37.501916	139.919598	東日本旅客鉄道・只見線
001461	猪苗代湖畔	37.500635	140.147585	東日本旅客鉄道・磐越西線
001462	中山宿	37.49569	140.219495	東日本旅客鉄道・磐越西線
001463	滝谷	37.494325	139.69796	東日本旅客鉄道・只見線
001464	浪江	37.492347	140.989517	東日本旅客鉄道・常磐線
001465	会津桧原	37.49191	139.679455	東日本旅客鉄道・只見線
001466	上戸	37.48786	140.16357	東日本旅客鉄道・磐越西線
001467	西若松	37.485887	139.914097	東日本旅客鉄道・只見線
001468	西若松	37.486083	139.91416	会津鉄道・会津線
001469	石地	37.484125	138.68826	東日本旅客鉄道・越後線
001470	会津水沼	37.48298	139.560537	東日本旅客鉄道・只見線
001471	五百川	37.482445	140.38774	東日本旅客鉄道・東北線
001472	会津西方	37.480945	139.6615	東日本旅客鉄道・只見線
001473	磐梯熱海	37.480765	140.270625	東日本旅客鉄道・磐越西線
001474	会津中川	37.473807	139.532227	東日本旅客鉄道・只見線
001475	安子ヶ島	37.471895	140.310565	東日本旅客鉄道・磐越西線
001476	会津宮下	37.47117	139.64708	東日本旅客鉄道・只見線
001477	会津高田	37.47081	139.841305	東日本旅客鉄道・只見線
001478	早戸	37.470077	139.593583	東日本旅客鉄道・只見線
001479	北長岡	37.468825	138.86242	東日本旅客鉄道・信越線
001480	会津本郷	37.46343	139.892575	東日本旅客鉄道・只見線
001481	南若松	37.459038	139.914447	会津鉄道・会津線
001482	礼拝	37.459	138.66356	東日本旅客鉄道・越後線
001483	会津川口	37.455067	139.52376	東日本旅客鉄道・只見線
001484	要田	37.454173	140.520835	東日本旅客鉄道・磐越東線
001485	双葉	37.453735	141.005855	東日本旅客鉄道・常磐線
001486	喜久田	37.45159	140.342	東日本旅客鉄道・磐越西線
001487	三春	37.449825	140.47855	東日本旅客鉄道・磐越東線
001488	西山	37.448265	138.641825	東日本旅客鉄道・越後線
001489	長岡	37.447765	138.85397	東日本旅客鉄道・上越新幹線
001490	長岡	37.447765	138.853975	東日本旅客鉄道・信越線
001491	日和田	37.44596	140.388365	東日本旅客鉄道・東北線
001492	本名	37.444775	139.498805	東日本旅客鉄道・只見線
001493	船引	37.443125	140.57461	東日本旅客鉄道・磐越東線
001494	門田	37.442517	139.91378	会津鉄道・会津線
001495	刈羽	37.429995	138.61965	東日本旅客鉄道・越後線
001496	宮内	37.422128	138.840115	東日本旅客鉄道・上越線
001497	宮内	37.422128	138.840115	東日本旅客鉄道・信越線
001498	磐城常葉	37.42076	140.605845	東日本旅客鉄道・磐越東線
001499	郡山富田	37.420583	140.369189	東日本旅客鉄道・磐越西線
001500	あまや	37.41721	139.917597	会津鉄道・会津線
001501	舞木	37.4167	140.43531	東日本旅客鉄道・磐越東線
001502	大野	37.409174	140.98413	東日本旅客鉄道・常磐線
001503	荒浜	37.40473	138.60195	東日本旅客鉄道・越後線
001504	前川	37.401765	138.8239	東日本旅客鉄道・信越線
001505	会津越川	37.39869	139.46943	東日本旅客鉄道・只見線
001506	郡山	37.39862	140.38862	東日本旅客鉄道・東北新幹線
001507	郡山	37.398145	140.388865	東日本旅客鉄道・東北線
001508	郡山	37.398145	140.388865	東日本旅客鉄道・磐越西線
001509	郡山	37.398145	140.388865	東日本旅客鉄道・磐越東線
001510	来迎寺	37.397218	138.783792	東日本旅客鉄道・信越線
001511	芦ノ牧温泉	37.39541	139.932245	会津鉄道・会津線
001512	会津塩沢	37.393615	139.35511	東日本旅客鉄道・只見線
001513	会津大塩	37.39279	139.413153	東日本旅客鉄道・只見線
001514	西中通	37.392545	138.592825	東日本旅客鉄道・越後線
001515	会津横田	37.392375	139.435895	東日本旅客鉄道・只見線
001516	大越	37.38747	140.63044	東日本旅客鉄道・磐越東線
001517	越後岩塚	37.386337	138.756413	東日本旅客鉄道・信越線
001518	会津蒲生	37.381795	139.33333	東日本旅客鉄道・只見線
001519	東柏崎	37.374048	138.565914	東日本旅客鉄道・越後線
001520	越後滝谷	37.368723	138.834973	東日本旅客鉄道・上越線
001521	長鳥	37.36642	138.684105	東日本旅客鉄道・信越線
001522	夜ノ森	37.365785	140.992015	東日本旅客鉄道・常磐線
001523	柏崎	37.363555	138.55642	東日本旅客鉄道・越後線
001524	柏崎	37.363555	138.55642	東日本旅客鉄道・信越線
001525	入広瀬	37.358695	139.065825	東日本旅客鉄道・只見線
001526	越後広田	37.35736	138.661225	東日本旅客鉄道・信越線
001527	茨目	37.35705	138.586745	東日本旅客鉄道・信越線
001528	安積永盛	37.35659	140.36882	東日本旅客鉄道・水郡線
001529	安積永盛	37.35659	140.36882	東日本旅客鉄道・東北線
001530	鯨波	37.35585	138.517355	東日本旅客鉄道・信越線
001531	塚山	37.35515	138.72994	東日本旅客鉄道・信越線
001532	菅谷	37.350485	140.644585	東日本旅客鉄道・磐越東線
001533	只見	37.350255	139.31481	東日本旅客鉄道・只見線
001534	大川ダム公園	37.34682	139.920775	会津鉄道・会津線
001535	上条	37.34678	139.050745	東日本旅客鉄道・只見線
001536	青海川	37.34619	138.486235	東日本旅客鉄道・信越線
001537	大白川	37.34163	139.12091	東日本旅客鉄道・只見線
001538	安田	37.341125	138.612165	東日本旅客鉄道・信越線
001539	北条	37.338295	138.636995	東日本旅客鉄道・信越線
001540	笠島	37.335695	138.467045	東日本旅客鉄道・信越線
001541	芦ノ牧温泉南	37.334585	139.918655	会津鉄道・会津線
001542	富岡	37.334153	141.022728	東日本旅客鉄道・常磐線
001543	磐城守山	37.33072	140.40653	東日本旅客鉄道・水郡線
001544	神俣	37.324745	140.659665	東日本旅客鉄道・磐越東線
001545	越後須原	37.320545	139.01777	東日本旅客鉄道・只見線
001546	米山	37.316857	138.43146	東日本旅客鉄道・信越線
001547	谷田川	37.313635	140.431245	東日本旅客鉄道・水郡線
001548	小千谷	37.309973	138.81335	東日本旅客鉄道・上越線
001549	湯野上温泉	37.304035	139.895185	会津鉄道・会津線
001550	須賀川	37.300365	140.371422	東日本旅客鉄道・東北線
001551	小塩江	37.295555	140.43016	東日本旅客鉄道・水郡線
001552	魚沼田中	37.29414	138.99263	東日本旅客鉄道・只見線
001553	竜田	37.282308	141.002772	東日本旅客鉄道・常磐線
001554	柿崎	37.27778	138.38592	東日本旅客鉄道・信越線
001555	小野新町	37.275785	140.63657	東日本旅客鉄道・磐越東線
001556	塔のへつり	37.274575	139.9015	会津鉄道・会津線
001557	越後広瀬	37.27456	138.981415	東日本旅客鉄道・只見線
001558	越後川口	37.272923	138.861838	東日本旅客鉄道・上越線
001559	越後川口	37.272923	138.861838	東日本旅客鉄道・飯山線
001560	川東	37.270105	140.40615	東日本旅客鉄道・水郡線
001561	弥五島	37.26634	139.88998	会津鉄道・会津線
001562	木戸	37.25799	141.00253	東日本旅客鉄道・常磐線
001563	藪神	37.25684	138.97588	東日本旅客鉄道・只見線
001564	北堀之内	37.25574	138.896315	東日本旅客鉄道・上越線
001565	会津下郷	37.255175	139.864945	会津鉄道・会津線
001566	夏井	37.252985	140.662715	東日本旅客鉄道・磐越東線
001567	上下浜	37.25238	138.36168	東日本旅客鉄道・信越線
001568	鏡石	37.25055	140.346837	東日本旅客鉄道・東北線
001569	内ヶ巻	37.25001	138.851765	東日本旅客鉄道・飯山線
001570	ふるさと公園	37.24327	139.859025	会津鉄道・会津線
001571	Jヴィレッジ	37.242072	141.007538	東日本旅客鉄道・常磐線
001572	越後岩沢	37.240785	138.7972	東日本旅客鉄道・飯山線
001573	越後堀之内	37.238955	138.928285	東日本旅客鉄道・上越線
001574	潟町	37.234205	138.3399	東日本旅客鉄道・信越線
001575	小出	37.23357	138.95361	東日本旅客鉄道・上越線
001576	小出	37.23357	138.95361	東日本旅客鉄道・只見線
001577	穴水	37.228035	136.904585	のと鉄道・七尾線
001578	養鱒公園	37.224515	139.84182	会津鉄道・会津線
001579	土底浜	37.22278	138.324815	東日本旅客鉄道・信越線
001580	会津長野	37.2153	139.823845	会津鉄道・会津線
001581	泉郷	37.21449	140.405575	東日本旅客鉄道・水郡線
001582	広野	37.211423	140.998717	東日本旅客鉄道・常磐線
001583	犀潟	37.2101	138.30496	東日本旅客鉄道・信越線
001584	犀潟	37.2101	138.30496	北越急行・ほくほく線
001585	田島高校前	37.209555	139.80079	会津鉄道・会津線
001586	矢吹	37.205562	140.328245	東日本旅客鉄道・東北線
001587	川前	37.205635	140.75029	東日本旅客鉄道・磐越東線
001588	会津田島	37.203265	139.77431	会津鉄道・会津線
001589	下条	37.19839	138.78004	東日本旅客鉄道・飯山線
001590	くびき	37.198145	138.361635	北越急行・ほくほく線
001591	川辺沖	37.192715	140.405755	東日本旅客鉄道・水郡線
001592	八色	37.191755	138.93511	東日本旅客鉄道・上越線
001593	大池いこいの森	37.18439	138.373435	北越急行・ほくほく線
001594	黒井	37.184027	138.26817	東日本旅客鉄道・信越線
001595	中荒井	37.180235	139.750935	会津鉄道・会津線
001596	能登鹿島	37.17979	136.897855	のと鉄道・七尾線
001597	江田	37.179145	140.826435	東日本旅客鉄道・磐越東線
001598	野木沢	37.17521	140.421	東日本旅客鉄道・水郡線
001599	末続	37.172145	140.99565	東日本旅客鉄道・常磐線
001600	直江津	37.17014	138.242035	東日本旅客鉄道・信越線
001601	直江津	37.17014	138.242035	えちごトキめき鉄道・日本海ひすいライン
001602	直江津	37.17014	138.242035	えちごトキめき鉄道・妙高はねうまライン
001603	浦佐	37.16772	138.922735	東日本旅客鉄道・上越新幹線
001604	浦佐	37.167423	138.923043	東日本旅客鉄道・上越線
001605	有間川	37.16332	138.136665	えちごトキめき鉄道・日本海ひすいライン
001606	谷浜	37.16239	138.173915	えちごトキめき鉄道・日本海ひすいライン
001607	魚沼中条	37.15947	138.77249	東日本旅客鉄道・飯山線
001608	うらがわら	37.1593	138.419	北越急行・ほくほく線
001609	泉崎	37.158286	140.299088	東日本旅客鉄道・東北線
001610	名立	37.155695	138.092338	えちごトキめき鉄道・日本海ひすいライン
001611	虫川大杉	37.1549	138.44145	北越急行・ほくほく線
001612	会津荒海	37.153307	139.73369	会津鉄道・会津線
001613	春日山	37.14798	138.23505	えちごトキめき鉄道・妙高はねうまライン
001614	西岸	37.147665	136.87416	のと鉄道・七尾線
001615	ほくほく大島	37.147005	138.509545	北越急行・ほくほく線
001616	会津山村道場	37.1442	139.73176	会津鉄道・会津線
001617	久ノ浜	37.14247	140.995775	東日本旅客鉄道・常磐線
001618	磐城石川	37.14072	140.444	東日本旅客鉄道・水郡線
001619	しんざ	37.13968	138.7684	北越急行・ほくほく線
001620	久田野	37.137525	140.260185	東日本旅客鉄道・東北線
001621	十日町	37.1348	138.75646	東日本旅客鉄道・飯山線
001622	十日町	37.13461	138.75598	北越急行・ほくほく線
001623	まつだい	37.132195	138.613965	北越急行・ほくほく線
001624	美佐島	37.13094	138.789915	北越急行・ほくほく線
001625	白河	37.13022	140.212425	東日本旅客鉄道・東北線
001626	筒石	37.127325	138.060575	えちごトキめき鉄道・日本海ひすいライン
001627	小川郷	37.126455	140.862525	東日本旅客鉄道・磐越東線
001628	七ヶ岳登山口	37.12418	139.717383	会津鉄道・会津線
001629	新白河	37.12353	140.189037	東日本旅客鉄道・東北新幹線
001630	新白河	37.12254	140.187535	東日本旅客鉄道・東北線
001631	五日町	37.12007	138.908508	東日本旅客鉄道・上越線
001632	高田	37.11462	138.241965	えちごトキめき鉄道・妙高はねうまライン
001633	能登中島	37.109255	136.853615	のと鉄道・七尾線
001634	里白石	37.104587	140.416793	東日本旅客鉄道・水郡線
001635	四ツ倉	37.102283	140.980858	東日本旅客鉄道・常磐線
001636	土市	37.097485	138.729435	東日本旅客鉄道・飯山線
001637	南高田	37.096795	138.243035	えちごトキめき鉄道・妙高はねうまライン
001638	魚沼丘陵	37.09612	138.877565	北越急行・ほくほく線
001639	能生	37.096012	137.988472	えちごトキめき鉄道・日本海ひすいライン
001640	白坂	37.095275	140.184705	東日本旅客鉄道・東北線
001641	会津高原尾瀬口	37.090027	139.705123	野岩鉄道・会津鬼怒川線
001642	会津高原尾瀬口	37.090027	139.705123	会津鉄道・会津線
001643	上越妙高	37.081367	138.248471	西日本旅客鉄道・北陸新幹線
001644	上越妙高	37.081367	138.248471	東日本旅客鉄道・北陸新幹線
001645	上越妙高	37.081348	138.248072	えちごトキめき鉄道・妙高はねうまライン
001646	赤井	37.08064	140.866335	東日本旅客鉄道・磐越東線
001647	磐城浅川	37.079835	140.41441	東日本旅客鉄道・水郡線
001648	笠師保	37.079505	136.85775	のと鉄道・七尾線
001649	和倉温泉	37.0747	136.925833	西日本旅客鉄道・七尾線
001650	和倉温泉	37.0747	136.925833	のと鉄道・七尾線
001651	越後水沢	37.074295	138.71819	東日本旅客鉄道・飯山線
001652	浦本	37.074187	137.939827	えちごトキめき鉄道・日本海ひすいライン
001653	草野	37.07385	140.94725	東日本旅客鉄道・常磐線
001654	六日町	37.067625	138.876135	北越急行・ほくほく線
001655	六日町	37.066475	138.875435	東日本旅客鉄道・上越線
001656	田鶴浜	37.06574	136.89147	のと鉄道・七尾線
001657	いわき	37.05822	140.892355	東日本旅客鉄道・常磐線
001658	いわき	37.05822	140.892355	東日本旅客鉄道・磐越東線
001659	梶屋敷	37.05658	137.905685	えちごトキめき鉄道・日本海ひすいライン
001660	越後田沢	37.055367	138.694733	東日本旅客鉄道・飯山線
001661	豊原	37.054968	140.155085	東日本旅客鉄道・東北線
001662	北新井	37.0529	138.25771	えちごトキめき鉄道・妙高はねうまライン
001663	えちご押上ひすい海岸	37.048244	137.878404	えちごトキめき鉄道・日本海ひすいライン
001664	越後鹿渡	37.04809	138.671595	東日本旅客鉄道・飯山線
001665	男鹿高原	37.047875	139.72392	野岩鉄道・会津鬼怒川線
001666	糸魚川	37.043805	137.86258	西日本旅客鉄道・大糸線
001667	糸魚川	37.043805	137.86258	えちごトキめき鉄道・日本海ひすいライン
001668	糸魚川	37.043114	137.861293	西日本旅客鉄道・北陸新幹線
001669	七尾	37.04178	136.96422	西日本旅客鉄道・七尾線
001670	七尾	37.04178	136.96422	のと鉄道・七尾線
001671	塩沢	37.041485	138.84843	東日本旅客鉄道・上越線
001672	内郷	37.035967	140.854897	東日本旅客鉄道・常磐線
001673	磐城棚倉	37.03511	140.384435	東日本旅客鉄道・水郡線
001674	上越国際スキー場前	37.028735	138.827957	東日本旅客鉄道・上越線
001675	新井	37.026735	138.25563	えちごトキめき鉄道・妙高はねうまライン
001676	黒田原	37.023547	140.121087	東日本旅客鉄道・東北線
001677	津南	37.023502	138.63938	東日本旅客鉄道・飯山線
001678	青海	37.0225	137.795815	えちごトキめき鉄道・日本海ひすいライン
001679	中豊	37.022485	140.39329	東日本旅客鉄道・水郡線
001680	大沢	37.02123	138.82133	東日本旅客鉄道・上越線
001681	姫川	37.02042	137.860975	西日本旅客鉄道・大糸線
001682	上三依塩原温泉口	37.01438	139.7273	野岩鉄道・会津鬼怒川線
001683	徳田	37.007485	136.93028	西日本旅客鉄道・七尾線
001684	湯本	37.006945	140.84984	東日本旅客鉄道・常磐線
001685	親不知	37.00685	137.73803	えちごトキめき鉄道・日本海ひすいライン
001686	頸城大野	37.00616	137.87249	西日本旅客鉄道・大糸線
001687	越後田中	37.005275	138.62708	東日本旅客鉄道・飯山線
001688	近津	37.00051	140.393765	東日本旅客鉄道・水郡線
001689	足滝	36.99897	138.60372	東日本旅客鉄道・飯山線
001690	高久	36.99651	140.08735	東日本旅客鉄道・東北線
001691	二本木	36.989746	138.232714	えちごトキめき鉄道・妙高はねうまライン
001692	森宮野原	36.989445	138.57745	東日本旅客鉄道・飯山線
001693	石打	36.988925	138.80418	東日本旅客鉄道・上越線
001694	平滝	36.98604	138.533745	東日本旅客鉄道・飯山線
001695	中三依温泉	36.9852	139.699325	野岩鉄道・会津鬼怒川線
001696	能登二宮	36.984815	136.917393	西日本旅客鉄道・七尾線
001697	信濃白鳥	36.9836	138.503035	東日本旅客鉄道・飯山線
001698	市振	36.980445	137.650485	あいの風とやま鉄道・あいの風とやま鉄道線
001699	市振	36.980445	137.650485	えちごトキめき鉄道・日本海ひすいライン
001700	横倉	36.979905	138.55034	東日本旅客鉄道・飯山線
001701	西大滝	36.979235	138.480867	東日本旅客鉄道・飯山線
001702	良川	36.97667	136.894685	西日本旅客鉄道・七尾線
001703	桑名川	36.975893	138.45797	東日本旅客鉄道・飯山線
001704	越中宮崎	36.973875	137.5995	あいの風とやま鉄道・あいの風とやま鉄道線
001705	黒磯	36.97012	140.06015	東日本旅客鉄道・東北線
001706	根知	36.966655	137.86712	西日本旅客鉄道・大糸線
001707	上桑名川	36.96294	138.44141	東日本旅客鉄道・飯山線
001708	能登部	36.96099	136.869385	西日本旅客鉄道・七尾線
001709	磐城塙	36.958733	140.41202	東日本旅客鉄道・水郡線
001710	泉	36.955575	140.854085	東日本旅客鉄道・常磐線
001711	泊	36.95192	137.55601	あいの風とやま鉄道・あいの風とやま鉄道線
001712	ガーラ湯沢	36.950165	138.799495	東日本旅客鉄道・上越線
001713	金丸	36.943365	136.83589	西日本旅客鉄道・七尾線
001714	入善	36.94128	137.4991	あいの風とやま鉄道・あいの風とやま鉄道線
001715	小滝	36.938175	137.859505	西日本旅客鉄道・大糸線
001716	上境	36.937985	138.41904	東日本旅客鉄道・飯山線
001717	越後湯沢	36.93572	138.809273	東日本旅客鉄道・上越線
001718	越後湯沢	36.93572	138.809273	東日本旅客鉄道・上越新幹線
001719	関山	36.93251	138.22678	えちごトキめき鉄道・妙高はねうまライン
001720	那須塩原	36.931447	140.020469	東日本旅客鉄道・東北新幹線
001721	那須塩原	36.931545	140.02106	東日本旅客鉄道・東北線
001722	西入善	36.93014	137.459285	あいの風とやま鉄道・あいの風とやま鉄道線
001723	湯西川温泉	36.929545	139.68861	野岩鉄道・会津鬼怒川線
001724	千路	36.928143	136.801067	西日本旅客鉄道・七尾線
001725	岩原スキー場前	36.924247	138.839561	東日本旅客鉄道・上越線
001726	植田	36.92049	140.796485	東日本旅客鉄道・常磐線
001727	戸狩野沢温泉	36.91666	138.39294	東日本旅客鉄道・飯山線
001728	越後中里	36.910397	138.848507	東日本旅客鉄道・上越線
001729	生地	36.90578	137.42658	あいの風とやま鉄道・あいの風とやま鉄道線
001730	磐城石井	36.90465	140.41533	東日本旅客鉄道・水郡線
001731	羽咋	36.89706	136.783385	西日本旅客鉄道・七尾線
001732	川治湯元	36.895205	139.702767	野岩鉄道・会津鬼怒川線
001733	南石井	36.89471	140.41693	東日本旅客鉄道・水郡線
001734	平岩	36.886875	137.865625	西日本旅客鉄道・大糸線
001735	信濃平	36.885005	138.378485	東日本旅客鉄道・飯山線
001736	川治温泉	36.884145	139.70374	野岩鉄道・会津鬼怒川線
001737	西那須野	36.88381	139.986443	東日本旅客鉄道・東北線
001738	勿来	36.88356	140.786692	東日本旅客鉄道・常磐線
001739	土樽	36.875335	138.861515	東日本旅客鉄道・上越線
001740	荻生	36.87503	137.45926	富山地方鉄道・本線
001741	東三日市	36.874675	137.45091	富山地方鉄道・本線
001742	黒部宇奈月温泉	36.874064	137.481126	西日本旅客鉄道・北陸新幹線
001743	電鉄黒部	36.874055	137.444165	富山地方鉄道・本線
001744	長屋	36.873525	137.47075	富山地方鉄道・本線
001745	新黒部	36.873049	137.481214	富山地方鉄道・本線
001746	妙高高原	36.872305	138.212185	しなの鉄道・北しなの線
001747	妙高高原	36.872305	138.212185	えちごトキめき鉄道・妙高はねうまライン
001748	舌山	36.872015	137.485845	富山地方鉄道・本線
001749	若栗	36.871145	137.49322	富山地方鉄道・本線
001750	南羽咋	36.87079	136.77481	西日本旅客鉄道・七尾線
001751	東館	36.87042	140.423307	東日本旅客鉄道・水郡線
001752	栃屋	36.869775	137.505965	富山地方鉄道・本線
001753	黒部	36.86954	137.434405	あいの風とやま鉄道・あいの風とやま鉄道線
001754	電鉄石田	36.865865	137.423195	富山地方鉄道・本線
001755	浦山	36.863415	137.519515	富山地方鉄道・本線
001756	龍王峡	36.860947	139.718573	野岩鉄道・会津鬼怒川線
001757	下立口	36.85961	137.532985	富山地方鉄道・本線
001758	北飯山	36.85882	138.36386	東日本旅客鉄道・飯山線
001759	下立	36.85773	137.54143	富山地方鉄道・本線
001760	愛本	36.855775	137.55361	富山地方鉄道・本線
001761	新藤原	36.852455	139.73301	東武鉄道・鬼怒川線
001762	新藤原	36.852455	139.73301	野岩鉄道・会津鬼怒川線
001763	矢祭山	36.849935	140.395395	東日本旅客鉄道・水郡線
001764	氷見	36.84953	136.990757	西日本旅客鉄道・氷見線
001765	経田	36.84883	137.41619	富山地方鉄道・本線
001766	敷浪	36.848085	136.77349	西日本旅客鉄道・七尾線
001767	内山	36.84682	137.556755	富山地方鉄道・本線
001768	大津港	36.846065	140.778005	東日本旅客鉄道・常磐線
001769	飯山	36.846028	138.358795	東日本旅客鉄道・飯山線
001770	飯山	36.845143	138.359011	東日本旅客鉄道・北陸新幹線
001771	野崎	36.84381	139.958105	東日本旅客鉄道・東北線
001772	北小谷	36.842565	137.906445	西日本旅客鉄道・大糸線
001773	鬼怒川公園	36.841575	139.722825	東武鉄道・鬼怒川線
001774	音沢	36.84074	137.55992	富山地方鉄道・本線
001775	土合	36.830745	138.96795	東日本旅客鉄道・上越線
001776	島尾	36.828215	137.012815	西日本旅客鉄道・氷見線
001777	新魚津	36.826665	137.40527	富山地方鉄道・本線
001778	魚津	36.82647	137.405705	あいの風とやま鉄道・あいの風とやま鉄道線
001779	鬼怒川温泉	36.822525	139.71668	東武鉄道・鬼怒川線
001780	宝達	36.81966	136.762287	西日本旅客鉄道・七尾線
001781	雨晴	36.81657	137.03739	西日本旅客鉄道・氷見線
001782	宇奈月温泉	36.815855	137.583585	富山地方鉄道・本線
001783	下野宮	36.815773	140.375523	東日本旅客鉄道・水郡線
001784	電鉄魚津	36.81531	137.400345	富山地方鉄道・本線
001785	宇奈月	36.81516	137.58563	黒部峡谷鉄道・本線
001786	蓮	36.80884	138.349185	東日本旅客鉄道・飯山線
001787	東武ワールドスクウェア	36.808367	139.709021	東武鉄道・鬼怒川線
001788	黒姫	36.80732	138.19711	しなの鉄道・北しなの線
001789	矢板	36.80662	139.932975	東日本旅客鉄道・東北線
001790	中土	36.80562	137.907895	西日本旅客鉄道・大糸線
001791	越中国分	36.805355	137.05075	西日本旅客鉄道・氷見線
001792	西魚津	36.80377	137.39462	富山地方鉄道・本線
001793	柳橋	36.80336	137.59201	黒部峡谷鉄道・本線
001794	湯檜曽	36.803206	138.985491	東日本旅客鉄道・上越線
001795	小佐越	36.80224	139.7065	東武鉄道・鬼怒川線
001796	免田	36.79562	136.747467	西日本旅客鉄道・七尾線
001797	古間	36.792402	138.230482	しなの鉄道・北しなの線
001798	伏木	36.79226	137.05849	西日本旅客鉄道・氷見線
001799	森石	36.791985	137.61323	黒部峡谷鉄道・本線
001800	磯原	36.79075	140.746443	東日本旅客鉄道・常磐線
001801	越中中村	36.79069	137.38259	富山地方鉄道・本線
001802	六渡寺	36.788825	137.06597	万葉線・新湊港線
001803	六渡寺	36.788825	137.06597	万葉線・高岡軌道線
001804	東滑川	36.787975	137.37786	あいの風とやま鉄道・あいの風とやま鉄道線
001805	中伏木	36.78794	137.06148	万葉線・高岡軌道線
001806	黒薙	36.78662	137.624845	黒部峡谷鉄道・本線
001807	庄川口	36.78407	137.07101	万葉線・新湊港線
001808	早月加積	36.783725	137.3716	富山地方鉄道・本線
001809	笹平	36.783225	137.62391	黒部峡谷鉄道・本線
001810	吉久	36.781865	137.056355	万葉線・高岡軌道線
001811	第一イン新湊クロスベイ前	36.781205	137.07841	万葉線・新湊港線
001812	新高徳	36.77977	139.71071	東武鉄道・鬼怒川線
001813	水上	36.779228	138.969302	東日本旅客鉄道・上越線
001814	新町口	36.778635	137.08432	万葉線・新湊港線
001815	東新湊	36.777865	137.099055	万葉線・新湊港線
001816	浜加積	36.777655	137.36194	富山地方鉄道・本線
001817	海王丸	36.776285	137.10669	万葉線・新湊港線
001818	新吉久	36.77613	137.05298	万葉線・高岡軌道線
001819	中新湊	36.775	137.088885	万葉線・新湊港線
001820	越ノ潟	36.774835	137.111935	万葉線・新湊港線
001821	南小谷	36.774598	137.908355	西日本旅客鉄道・大糸線
001822	南小谷	36.774598	137.908355	東日本旅客鉄道・大糸線
001823	能町口	36.77315	137.048775	万葉線・高岡軌道線
001824	米島口	36.772025	137.03848	万葉線・高岡軌道線
001825	常陸大子	36.770705	140.35084	東日本旅客鉄道・水郡線
001826	新能町	36.77028	137.037825	万葉線・高岡軌道線
001827	滑川	36.76946	137.34889	あいの風とやま鉄道・あいの風とやま鉄道線
001828	替佐	36.7693	138.324145	東日本旅客鉄道・飯山線
001829	滑川	36.76909	137.348815	富山地方鉄道・本線
001830	高松	36.76849	136.728975	西日本旅客鉄道・七尾線
001831	能町	36.768215	137.03982	西日本旅客鉄道・氷見線
001832	出平	36.76726	137.633695	黒部峡谷鉄道・本線
001833	荻布	36.766805	137.035755	万葉線・高岡軌道線
001834	旭ヶ丘	36.763315	137.03189	万葉線・高岡軌道線
001835	千国	36.76324	137.90085	東日本旅客鉄道・大糸線
001836	中滑川	36.76191	137.339925	富山地方鉄道・本線
001837	江尻	36.761485	137.029855	万葉線・高岡軌道線
001838	岩瀬浜	36.76127	137.23411	富山地方鉄道・富山港線
001839	信濃竹原	36.76109	138.39366	長野電鉄・長野線
001840	大桑	36.76082	139.713583	東武鉄道・鬼怒川線
001841	夜間瀬	36.75997	138.40334	長野電鉄・長野線
001842	市民病院前	36.75819	137.026205	万葉線・高岡軌道線
001843	競輪場前	36.75749	137.233945	富山地方鉄道・富山港線
001844	西滑川	36.75552	137.334605	富山地方鉄道・本線
001845	志貴野中学校前	36.755305	137.02352	万葉線・高岡軌道線
001846	袋田	36.754755	140.379615	東日本旅客鉄道・水郡線
001847	片岡	36.75468	139.94554	東日本旅客鉄道・東北線
001848	上今井	36.753352	138.31947	東日本旅客鉄道・飯山線
001849	南中郷	36.75351	140.729103	東日本旅客鉄道・常磐線
001850	牟礼	36.753217	138.24681	しなの鉄道・北しなの線
001851	広小路	36.752507	137.02069	万葉線・高岡軌道線
001852	東岩瀬	36.751945	137.230505	富山地方鉄道・富山港線
001853	中野松川	36.75066	138.374295	長野電鉄・長野線
001854	急患医療センター前	36.749967	137.018103	万葉線・高岡軌道線
001855	越中中川	36.749853	137.027897	西日本旅客鉄道・氷見線
001856	上条	36.749615	138.4076	長野電鉄・長野線
001857	猫又	36.749565	137.641745	黒部峡谷鉄道・本線
001858	萩浦小学校前	36.74804	137.228363	富山地方鉄道・富山港線
001859	東武日光	36.74824	139.61972	東武鉄道・日光線
001860	横山	36.74757	136.71676	西日本旅客鉄道・七尾線
001861	坂下町	36.74741	137.014867	万葉線・高岡軌道線
001862	日光	36.747395	139.622195	東日本旅客鉄道・日光線
001863	西加積	36.74634	137.340215	富山地方鉄道・本線
001864	片原町	36.746307	137.012907	万葉線・高岡軌道線
001865	信州中野	36.744647	138.364927	長野電鉄・長野線
001866	末広町	36.744485	137.013445	万葉線・高岡軌道線
001867	水橋	36.743445	137.29843	あいの風とやま鉄道・あいの風とやま鉄道線
001868	蓮町（馬場記念公園前）	36.742215	137.22759	富山地方鉄道・富山港線
001869	湯田中	36.741645	138.414895	長野電鉄・長野線
001870	高岡駅	36.741553	137.015077	万葉線・高岡軌道線
001871	高岡	36.741203	137.014735	あいの風とやま鉄道・あいの風とやま鉄道線
001872	東富山	36.74107	137.248915	あいの風とやま鉄道・あいの風とやま鉄道線
001873	高岡	36.740783	137.01494	西日本旅客鉄道・城端線
001874	高岡	36.740783	137.01494	西日本旅客鉄道・氷見線
001875	白馬大池	36.739955	137.88554	東日本旅客鉄道・大糸線
001876	高岡やぶなみ	36.737235	136.988705	あいの風とやま鉄道・あいの風とやま鉄道線
001877	上牧	36.73563	138.984565	東日本旅客鉄道・上越線
001878	中加積	36.73534	137.35097	富山地方鉄道・本線
001879	犬島新町	36.735095	137.22663	富山地方鉄道・富山港線
001880	鐘釣	36.734405	137.65134	黒部峡谷鉄道・本線
001881	越中大門	36.733924	137.055758	あいの風とやま鉄道・あいの風とやま鉄道線
001882	大谷向	36.732275	139.69194	東武鉄道・鬼怒川線
001883	立ヶ花	36.7313	138.30701	東日本旅客鉄道・飯山線
001884	城川原	36.73113	137.2261	富山地方鉄道・富山港線
001885	上今市	36.72801	139.68086	東武鉄道・日光線
001886	新高岡	36.726952	137.01188	西日本旅客鉄道・北陸新幹線
001887	延徳	36.72674	138.362505	長野電鉄・長野線
001888	新高岡	36.726556	137.010339	西日本旅客鉄道・城端線
001889	下今市	36.7256	139.69277	東武鉄道・鬼怒川線
001890	下今市	36.7256	139.69277	東武鉄道・日光線
001891	西高岡	36.724285	136.965275	あいの風とやま鉄道・あいの風とやま鉄道線
001892	宇野気	36.72264	136.70297	西日本旅客鉄道・七尾線
001893	越中中島	36.722195	137.224895	富山地方鉄道・富山港線
001894	信濃浅野	36.72177	138.29449	東日本旅客鉄道・飯山線
001895	蒲須坂	36.720622	139.950438	東日本旅客鉄道・東北線
001896	小杉	36.72074	137.092575	あいの風とやま鉄道・あいの風とやま鉄道線
001897	今市	36.720375	139.687365	東日本旅客鉄道・日光線
001898	新富山口	36.719575	137.240399	あいの風とやま鉄道・あいの風とやま鉄道線
001899	上小川	36.71927	140.37869	東日本旅客鉄道・水郡線
001900	粟島（大阪屋ショップ前）	36.719145	137.22482	富山地方鉄道・富山港線
001901	呉羽	36.71888	137.164875	あいの風とやま鉄道・あいの風とやま鉄道線
001902	新宮川	36.71731	137.351095	富山地方鉄道・本線
001903	高萩	36.71434	140.716955	東日本旅客鉄道・常磐線
001904	二塚	36.71432	137.006125	西日本旅客鉄道・城端線
001905	桜沢	36.71264	138.349625	長野電鉄・長野線
001906	下奥井	36.71192	137.22459	富山地方鉄道・富山港線
001907	豊野	36.711095	138.27556	東日本旅客鉄道・飯山線
001908	豊野	36.711095	138.27556	しなの鉄道・北しなの線
001909	小屋平	36.71109	137.64709	黒部峡谷鉄道・本線
001910	信濃森上	36.71098	137.871835	東日本旅客鉄道・大糸線
001911	福岡	36.708285	136.932075	あいの風とやま鉄道・あいの風とやま鉄道線
001912	越中舟橋	36.70553	137.306547	富山地方鉄道・本線
001913	林	36.704535	136.999415	西日本旅客鉄道・城端線
001914	上市	36.704475	137.35708	富山地方鉄道・本線
001915	都住	36.70405	138.32216	長野電鉄・長野線
001916	オークスカナルパークホテル富山前	36.70367	137.214602	富山地方鉄道・富山港線
001917	インテック本社前	36.703625	137.216415	富山地方鉄道・富山港線
001918	奥田中学校前	36.70357	137.223605	富山地方鉄道・富山港線
001919	越中三郷	36.703353	137.290783	富山地方鉄道・本線
001920	新相ノ木	36.703161	137.342323	富山地方鉄道・本線
001921	龍谷富山高校前（永楽町）	36.703007	137.219856	富山地方鉄道・富山港線
001922	相ノ木	36.70198	137.33548	富山地方鉄道・本線
001923	富山駅	36.701755	137.212997	富山地方鉄道・富山駅南北接続線
001924	富山駅	36.701755	137.212997	富山地方鉄道・富山港線
001925	富山	36.70169	137.21321	西日本旅客鉄道・高山線
001926	富山	36.70169	137.21321	あいの風とやま鉄道・あいの風とやま鉄道線
001927	富山	36.701439	137.213306	西日本旅客鉄道・北陸新幹線
001928	電鉄富山	36.70052	137.21474	富山地方鉄道・本線
001929	電鉄富山駅・エスタ前	36.699905	137.214065	富山地方鉄道・支線
001930	電鉄富山駅・エスタ前	36.699905	137.214065	富山地方鉄道・本線
001931	越中泉	36.69989	137.327285	富山地方鉄道・本線
001932	西富山	36.69938	137.177085	西日本旅客鉄道・高山線
001933	小布施	36.69899	138.312785	長野電鉄・長野線
001934	越中荏原	36.698965	137.266215	富山地方鉄道・本線
001935	富山大学前	36.698965	137.190805	富山地方鉄道・呉羽線
001936	新富町	36.69886	137.211435	富山地方鉄道・支線
001937	寺田	36.69884	137.31909	富山地方鉄道・本線
001938	東新庄	36.698702	137.252984	富山地方鉄道・本線
001939	地鉄ビル前	36.6986	137.216115	富山地方鉄道・本線
001940	寺田	36.698575	137.318465	富山地方鉄道・立山線
001941	新庄田中	36.697917	137.241081	富山地方鉄道・本線
001942	電気ビル前	36.697465	137.216065	富山地方鉄道・本線
001943	稲荷町	36.69696	137.231695	富山地方鉄道・本線
001944	欅平	36.696786	137.658144	黒部峡谷鉄道・本線
001945	稲荷町	36.696525	137.231485	富山地方鉄道・不二越線
001946	白馬	36.69601	137.863895	東日本旅客鉄道・大糸線
001947	トヨタモビリティ富山Gスクエア五福前（五福末広町）	36.695709	137.194427	富山地方鉄道・呉羽線
001948	県庁前	36.69558	137.209745	富山地方鉄道・支線
001949	西金	36.69549	140.38652	東日本旅客鉄道・水郡線
001950	桜橋	36.694575	137.215935	富山地方鉄道・本線
001951	能瀬	36.693303	136.71981	西日本旅客鉄道・七尾線
001952	上毛高原	36.69299	138.977598	東日本旅客鉄道・上越新幹線
001953	丸の内	36.692505	137.20894	富山地方鉄道・安野屋線
001954	丸の内	36.692505	137.20894	富山地方鉄道・支線
001955	丸の内	36.692505	137.20894	富山地方鉄道・富山都心線
001956	安野屋	36.692494	137.20434	富山地方鉄道・安野屋線
001957	安野屋	36.692494	137.20434	富山地方鉄道・呉羽線
001958	諏訪川原	36.692315	137.20655	富山地方鉄道・安野屋線
001959	国際会議場前	36.691615	137.211367	富山地方鉄道・富山都心線
001960	荒町	36.69149	137.215775	富山地方鉄道・本線
001961	栄町	36.691129	137.233289	富山地方鉄道・不二越線
001962	中町（西町北）	36.68979	137.21568	富山地方鉄道・本線
001963	大手モール	36.689515	137.211332	富山地方鉄道・富山都心線
001964	西町	36.689195	137.215675	富山地方鉄道・富山都心線
001965	西町	36.689195	137.215675	富山地方鉄道・本線
001966	グランドプラザ前	36.688899	137.21375	富山地方鉄道・富山都心線
001967	不二越	36.687865	137.23246	富山地方鉄道・不二越線
001968	三才	36.68648	138.243853	しなの鉄道・北しなの線
001969	稚子塚	36.68657	137.317535	富山地方鉄道・立山線
001970	下野大沢	36.68644	139.7324	東日本旅客鉄道・日光線
001971	上本町	36.68639	137.215755	富山地方鉄道・本線
001972	戸出	36.684345	136.984105	西日本旅客鉄道・城端線
001973	広貫堂前	36.683645	137.21587	富山地方鉄道・本線
001974	氏家	36.681607	139.962133	東日本旅客鉄道・東北線
001975	西中野	36.68086	137.21665	富山地方鉄道・本線
001976	田添	36.67978	137.317775	富山地方鉄道・立山線
001977	後閑	36.679578	139.000075	東日本旅客鉄道・上越線
001978	小泉町	36.67852	137.21781	富山地方鉄道・本線
001979	北須坂	36.67839	138.308705	長野電鉄・長野線
001980	大泉	36.677825	137.22913	富山地方鉄道・不二越線
001981	婦中鵜坂	36.677813	137.168613	西日本旅客鉄道・高山線
001982	本津幡	36.6766	136.732315	西日本旅客鉄道・七尾線
001983	明神	36.676555	139.712205	東武鉄道・日光線
001984	堀川小泉	36.67546	137.219375	富山地方鉄道・本線
001985	大町	36.67306	137.220675	富山地方鉄道・本線
001986	倶利伽羅	36.672483	136.791607	IRいしかわ鉄道・IRいしかわ鉄道線
001987	倶利伽羅	36.672483	136.791607	あいの風とやま鉄道・あいの風とやま鉄道線
001988	石動	36.67244	136.865647	あいの風とやま鉄道・あいの風とやま鉄道線
001989	中津幡	36.67158	136.740363	西日本旅客鉄道・七尾線
001990	十王	36.67138	140.685945	東日本旅客鉄道・常磐線
001991	南富山駅前	36.67062	137.22041	富山地方鉄道・本線
001992	飯森	36.670605	137.85016	東日本旅客鉄道・大糸線
001993	南富山	36.67031	137.220435	富山地方鉄道・上滝線
001994	南富山	36.67031	137.220435	富山地方鉄道・不二越線
001995	下小川	36.669015	140.38714	東日本旅客鉄道・水郡線
001996	信濃吉田	36.66744	138.22092	長野電鉄・長野線
001997	鴻野山	36.666445	140.051685	東日本旅客鉄道・烏山線
001998	朝陽	36.66633	138.2407	長野電鉄・長野線
001999	桐原	36.66567	138.213065	長野電鉄・長野線
002000	五百石	36.66541	137.314173	富山地方鉄道・立山線
002001	北長野	36.66507	138.22265	しなの鉄道・北しなの線
002002	速星	36.664053	137.160433	西日本旅客鉄道・高山線
002003	柳原	36.66342	138.258285	長野電鉄・長野線
002004	附属中学前	36.662835	138.2479	長野電鉄・長野線
002005	本郷	36.66261	138.204095	長野電鉄・長野線
002006	朝菜町	36.66052	137.2249	富山地方鉄道・上滝線
002007	村山	36.659285	138.280265	長野電鉄・長野線
002008	善光寺下	36.65839	138.193665	長野電鉄・長野線
002009	神城	36.65822	137.84661	東日本旅客鉄道・大糸線
002010	津幡	36.65788	136.730735	西日本旅客鉄道・七尾線
002011	津幡	36.65788	136.730735	IRいしかわ鉄道・IRいしかわ鉄道線
002012	榎町	36.657643	137.3166	富山地方鉄道・立山線
002013	仁井田	36.657275	140.029625	東日本旅客鉄道・烏山線
002014	須坂	36.656785	138.304205	長野電鉄・長野線
002015	大金	36.65628	140.0957	東日本旅客鉄道・烏山線
002016	日野	36.65594	138.288795	長野電鉄・長野線
002017	油田	36.655063	136.970303	西日本旅客鉄道・城端線
002018	間藤	36.65354	139.45009	わたらせ渓谷鐵道・わたらせ渓谷線
002019	上堀	36.653377	137.23022	富山地方鉄道・上滝線
002020	権堂	36.653245	138.19211	長野電鉄・長野線
002021	下小代	36.651115	139.713948	東武鉄道・日光線
002022	烏山	36.65041	140.1551	東日本旅客鉄道・烏山線
002023	下野花岡	36.649985	140.008675	東日本旅客鉄道・烏山線
002024	小杉	36.64952	137.23309	富山地方鉄道・上滝線
002025	滝	36.64857	140.138245	東日本旅客鉄道・烏山線
002026	市役所前	36.64809	138.19122	長野電鉄・長野線
002027	下段	36.64788	137.31781	富山地方鉄道・立山線
002028	中舟生	36.645535	140.39224	東日本旅客鉄道・水郡線
002029	布市	36.64513	137.23553	富山地方鉄道・上滝線
002030	長野	36.644455	138.188885	長野電鉄・長野線
002031	長野	36.64346	138.18885	東日本旅客鉄道・信越線
002032	長野	36.64346	138.18885	しなの鉄道・北しなの線
002033	小塙	36.643105	140.11664	東日本旅客鉄道・烏山線
002034	長野	36.642815	138.18887	東日本旅客鉄道・北陸新幹線
002035	沼田	36.642295	139.035645	東日本旅客鉄道・上越線
002036	足尾	36.641915	139.447775	わたらせ渓谷鐵道・わたらせ渓谷線
002037	文挟	36.637597	139.727887	東日本旅客鉄道・日光線
002038	南神城	36.637177	137.84163	東日本旅客鉄道・大糸線
002039	通洞	36.636865	139.43965	わたらせ渓谷鐵道・わたらせ渓谷線
002040	小木津	36.63664	140.675295	東日本旅客鉄道・常磐線
002041	砺波	36.63641	136.953565	西日本旅客鉄道・城端線
002042	開発	36.636193	137.24287	富山地方鉄道・上滝線
002043	千里	36.634587	137.132453	西日本旅客鉄道・高山線
002044	釜ヶ淵	36.633315	137.31931	富山地方鉄道・立山線
002045	内灘	36.63323	136.634184	北陸鉄道・浅野川線
002046	宝積寺	36.631625	139.97952	東日本旅客鉄道・烏山線
002047	宝積寺	36.631625	139.97952	東日本旅客鉄道・東北線
002048	粟ヶ崎	36.63032	136.63844	北陸鉄道・浅野川線
002049	安茂里	36.63027	138.16182	東日本旅客鉄道・信越線
002050	月岡	36.62646	137.263493	富山地方鉄道・上滝線
002051	蚊爪	36.62519	136.643085	北陸鉄道・浅野川線
002052	山方宿	36.62447	140.401075	東日本旅客鉄道・水郡線
002053	北間	36.622895	136.6411	北陸鉄道・浅野川線
002054	沢中山	36.622377	137.321007	富山地方鉄道・立山線
002055	大庄	36.619527	137.275377	富山地方鉄道・上滝線
002056	板荷	36.6194	139.70778	東武鉄道・日光線
002057	東野尻	36.61864	136.94351	西日本旅客鉄道・城端線
002058	原向	36.61731	139.42053	わたらせ渓谷鐵道・わたらせ渓谷線
002059	大河端	36.616835	136.642975	北陸鉄道・浅野川線
002060	川中島	36.61409	138.1507	東日本旅客鉄道・信越線
002061	森本	36.61219	136.689557	IRいしかわ鉄道・IRいしかわ鉄道線
002062	三ツ屋	36.6116	136.645335	北陸鉄道・浅野川線
002063	上滝	36.60955	137.29569	富山地方鉄道・上滝線
002064	岩峅寺	36.608305	137.319875	富山地方鉄道・立山線
002065	岩峅寺	36.608285	137.31948	富山地方鉄道・上滝線
002066	大川寺	36.608223	137.308537	富山地方鉄道・上滝線
002067	高儀	36.606585	136.9361	西日本旅客鉄道・城端線
002068	三口	36.606375	136.64754	北陸鉄道・浅野川線
002069	野上原	36.605785	140.38996	東日本旅客鉄道・水郡線
002070	割出	36.602885	136.64843	北陸鉄道・浅野川線
002071	岩本	36.602165	139.047615	東日本旅客鉄道・上越線
002072	岡本	36.598265	139.94425	東日本旅客鉄道・東北線
002073	磯部	36.59648	136.6485	北陸鉄道・浅野川線
002074	今井	36.59488	138.14508	東日本旅客鉄道・信越線
002075	簗場	36.594913	137.84483	東日本旅客鉄道・大糸線
002076	東金沢	36.59345	136.66948	IRいしかわ鉄道・IRいしかわ鉄道線
002077	越中八尾	36.5917	137.138293	西日本旅客鉄道・高山線
002078	上諸江	36.591013	136.64908	北陸鉄道・浅野川線
002079	日立	36.590325	140.6618	東日本旅客鉄道・常磐線
002080	東八尾	36.589617	137.175153	西日本旅客鉄道・高山線
002081	福野	36.588423	136.923248	西日本旅客鉄道・城端線
002082	中之条	36.58541	138.85148	東日本旅客鉄道・吾妻線
002083	七ツ屋	36.583138	136.651806	北陸鉄道・浅野川線
002084	美女平	36.58334	137.45877	立山黒部貫光・鋼索線
002085	立山	36.5833	137.445995	立山黒部貫光・鋼索線
002086	立山	36.58327	137.444985	富山地方鉄道・立山線
002087	横江	36.58207	137.335655	富山地方鉄道・立山線
002088	北鹿沼	36.580686	139.737754	東武鉄道・日光線
002089	沢入	36.58063	139.396285	わたらせ渓谷鐵道・わたらせ渓谷線
002090	玉川村	36.57925	140.37452	東日本旅客鉄道・水郡線
002091	北鉄金沢	36.578503	136.64929	北陸鉄道・浅野川線
002093	金沢	36.578263	136.64781	IRいしかわ鉄道・IRいしかわ鉄道線
002094	金沢	36.577915	136.648045	西日本旅客鉄道・北陸新幹線
002096	篠ノ井	36.576957	138.138073	東日本旅客鉄道・篠ノ井線
002097	篠ノ井	36.576957	138.138073	東日本旅客鉄道・信越線
002098	篠ノ井	36.576957	138.138073	しなの鉄道・しなの鉄道線
002099	東石黒	36.576205	136.89854	西日本旅客鉄道・城端線
002100	本宮	36.574953	137.395883	富山地方鉄道・立山線
002101	千垣	36.573745	137.3739	富山地方鉄道・立山線
002102	有峰口	36.572973	137.380243	富山地方鉄道・立山線
002103	群馬原町	36.5717	138.824155	東日本旅客鉄道・吾妻線
002104	鹿沼	36.57119	139.762995	東日本旅客鉄道・日光線
002105	市城	36.57058	138.882387	東日本旅客鉄道・吾妻線
002107	黒部平	36.56705	137.65058	立山黒部貫光・鋼索線
002108	黒部湖	36.56653	137.65842	立山黒部貫光・鋼索線
002109	海ノ口	36.56568	137.841845	東日本旅客鉄道・大糸線
002110	岩島	36.56324	138.759935	東日本旅客鉄道・吾妻線
002111	笹津	36.561415	137.211575	西日本旅客鉄道・高山線
002112	津久田	36.56103	139.042865	東日本旅客鉄道・上越線
002113	宇都宮	36.559807	139.898743	東日本旅客鉄道・東北線
002114	宇都宮	36.559807	139.898743	東日本旅客鉄道・日光線
002115	宇都宮	36.55877	139.89809	東日本旅客鉄道・東北新幹線
002116	東武宇都宮	36.55866	139.8806	東武鉄道・宇都宮線
002117	福光	36.558353	136.87865	西日本旅客鉄道・城端線
002118	新鹿沼	36.55683	139.74478	東武鉄道・日光線
002119	小野上温泉	36.5569	138.90431	東日本旅客鉄道・吾妻線
002120	稲尾	36.55411	137.842615	東日本旅客鉄道・大糸線
002121	群馬大津	36.55381	138.62809	東日本旅客鉄道・吾妻線
002122	野町	36.553695	136.64418	北陸鉄道・石川線
002123	西泉	36.55339	136.633367	北陸鉄道・石川線
002124	西金沢	36.55314	136.621124	IRいしかわ鉄道・IRいしかわ鉄道線
002125	新西金沢	36.553065	136.62274	北陸鉄道・石川線
002126	矢倉	36.55272	138.78435	東日本旅客鉄道・吾妻線
002127	稲荷山	36.552647	138.10809	東日本旅客鉄道・篠ノ井線
002128	小野上	36.55249	138.922112	東日本旅客鉄道・吾妻線
002129	常陸多賀	36.552143	140.63275	東日本旅客鉄道・常磐線
002130	羽根尾	36.550165	138.605495	東日本旅客鉄道・吾妻線
002131	郷原	36.54873	138.801095	東日本旅客鉄道・吾妻線
002132	屋代高校前	36.547955	138.13249	しなの鉄道・しなの鉄道線
002133	常陸大宮	36.54708	140.41267	東日本旅客鉄道・水郡線
002134	長野原草津口	36.54653	138.64956	東日本旅客鉄道・吾妻線
002135	川原湯温泉	36.545087	138.697227	東日本旅客鉄道・吾妻線
002136	袋倉	36.54402	138.579175	東日本旅客鉄道・吾妻線
002137	南宇都宮	36.543717	139.871953	東武鉄道・宇都宮線
002138	押野	36.542315	136.622048	北陸鉄道・石川線
002139	野々市	36.54213	136.598935	IRいしかわ鉄道・IRいしかわ鉄道線
002140	祖母島	36.54073	138.95706	東日本旅客鉄道・吾妻線
002141	越中山田	36.53855	136.88755	西日本旅客鉄道・城端線
002142	鶴田	36.53828	139.8588	東日本旅客鉄道・日光線
002143	市塙	36.53812	140.110195	真岡鐵道・真岡線
002144	敷島	36.537555	139.033935	東日本旅客鉄道・上越線
002145	神戸	36.537505	139.356565	わたらせ渓谷鐵道・わたらせ渓谷線
002146	野々市	36.535833	136.62088	北陸鉄道・石川線
002147	小中	36.535655	139.337795	わたらせ渓谷鐵道・わたらせ渓谷線
002148	信濃木崎	36.53564	137.84625	東日本旅客鉄道・大糸線
002149	笹原田	36.53396	140.14474	真岡鐵道・真岡線
002150	樅山	36.53333	139.741736	東武鉄道・日光線
002151	野々市工大前	36.532647	136.621767	北陸鉄道・石川線
002152	屋代	36.532422	138.1282	しなの鉄道・しなの鉄道線
002153	万座・鹿沢口	36.531902	138.551294	東日本旅客鉄道・吾妻線
002154	常陸太田	36.53129	140.52767	東日本旅客鉄道・水郡線
002155	江曾島	36.530955	139.860815	東武鉄道・宇都宮線
002156	茂木	36.530815	140.181425	真岡鐵道・真岡線
002157	金島	36.529512	138.976513	東日本旅客鉄道・吾妻線
002158	楡原	36.529403	137.22872	西日本旅客鉄道・高山線
002159	天矢場	36.52932	140.15601	真岡鐵道・真岡線
002160	松任	36.526513	136.56568	IRいしかわ鉄道・IRいしかわ鉄道線
002161	中野	36.524275	139.317165	わたらせ渓谷鐵道・わたらせ渓谷線
002162	馬替	36.522755	136.62051	北陸鉄道・石川線
002163	城端	36.522235	136.90163	西日本旅客鉄道・城端線
002164	花輪	36.52083	139.3077	わたらせ渓谷鐵道・わたらせ渓谷線
002165	谷河原	36.51975	140.525065	東日本旅客鉄道・水郡線
002166	額住宅前	36.518527	136.61885	北陸鉄道・石川線
002167	北大町	36.517605	137.858065	東日本旅客鉄道・大糸線
002168	多田羅	36.51598	140.089845	真岡鐵道・真岡線
002169	西川田	36.51425	139.850305	東武鉄道・宇都宮線
002170	大前	36.513575	138.529015	東日本旅客鉄道・吾妻線
002171	大甕	36.513005	140.619478	東日本旅客鉄道・常磐線
002172	乙丸	36.51185	136.617647	北陸鉄道・石川線
002173	千曲	36.509205	138.141445	しなの鉄道・しなの鉄道線
002174	河合	36.50823	140.517185	東日本旅客鉄道・水郡線
002175	楡木	36.50688	139.74527	東武鉄道・日光線
002176	静	36.50611	140.438205	東日本旅客鉄道・水郡線
002177	加賀笠間	36.503145	136.527703	IRいしかわ鉄道・IRいしかわ鉄道線
002178	姨捨	36.502885	138.093155	東日本旅客鉄道・篠ノ井線
002179	信濃大町	36.500222	137.861688	東日本旅客鉄道・大糸線
002180	水沼	36.49985	139.277595	わたらせ渓谷鐵道・わたらせ渓谷線
002181	四十万	36.498835	136.615735	北陸鉄道・石川線
002182	瓜連	36.498195	140.44953	東日本旅客鉄道・水郡線
002183	雀宮	36.493725	139.877043	東日本旅客鉄道・東北線
002184	陽羽里	36.493639	136.614993	北陸鉄道・石川線
002185	戸倉	36.492868	138.153082	しなの鉄道・しなの鉄道線
002186	七井	36.491795	140.094335	真岡鐵道・真岡線
002187	南大町	36.491535	137.85627	東日本旅客鉄道・大糸線
002188	渋川	36.49123	139.00879	東日本旅客鉄道・吾妻線
002189	渋川	36.49123	139.00879	東日本旅客鉄道・上越線
002190	曽谷	36.49001	136.614453	北陸鉄道・石川線
002191	美川	36.486	136.48973	IRいしかわ鉄道・IRいしかわ鉄道線
002192	額田	36.48574	140.503345	東日本旅客鉄道・水郡線
002193	安塚	36.485645	139.83562	東武鉄道・宇都宮線
002194	道法寺	36.48426	136.61354	北陸鉄道・石川線
002195	本宿	36.481425	139.259345	わたらせ渓谷鐵道・わたらせ渓谷線
002196	南酒出	36.47705	140.498285	東日本旅客鉄道・水郡線
002197	井口	36.47633	136.612295	北陸鉄道・石川線
002198	小舞子	36.476305	136.47489	IRいしかわ鉄道・IRいしかわ鉄道線
002199	常陸鴻巣	36.47226	140.4677	東日本旅客鉄道・水郡線
002200	猪谷	36.471805	137.237845	西日本旅客鉄道・高山線
002201	猪谷	36.471805	137.237845	東海旅客鉄道・高山線
002202	小柳	36.47067	136.611435	北陸鉄道・石川線
002203	上神梅	36.47007	139.257725	わたらせ渓谷鐵道・わたらせ渓谷線
002204	信濃常盤	36.46737	137.84716	東日本旅客鉄道・大糸線
002205	おもちゃのまち	36.466745	139.829535	東武鉄道・宇都宮線
002206	東武金崎	36.4663	139.749485	東武鉄道・日光線
002207	東海	36.4655	140.566035	東日本旅客鉄道・常磐線
002208	日御子	36.46464	136.615135	北陸鉄道・石川線
002209	八木原	36.46379	139.01925	東日本旅客鉄道・上越線
002210	益子	36.462855	140.088535	真岡鐵道・真岡線
002211	坂城	36.46198	138.18145	しなの鉄道・しなの鉄道線
002212	冠着	36.45722	138.07935	東日本旅客鉄道・篠ノ井線
002213	上菅谷	36.455865	140.49253	東日本旅客鉄道・水郡線
002214	北山	36.45565	140.067495	真岡鐵道・真岡線
002215	聖高原	36.45506	138.047575	東日本旅客鉄道・篠ノ井線
002216	西田井	36.45333	140.048645	真岡鐵道・真岡線
002217	鶴来	36.452185	136.623825	北陸鉄道・石川線
002218	能美根上	36.451463	136.459623	IRいしかわ鉄道・IRいしかわ鉄道線
002219	国谷	36.451455	139.82385	東武鉄道・宇都宮線
002220	北真岡	36.44907	140.014015	真岡鐵道・真岡線
002221	安曇沓掛	36.447805	137.854765	東日本旅客鉄道・大糸線
002222	中菅谷	36.44573	140.49268	東日本旅客鉄道・水郡線
002223	テクノさかき	36.44058	138.1882	しなの鉄道・しなの鉄道線
002224	真岡	36.439135	140.002625	真岡鐵道・真岡線
002225	石橋	36.43624	139.86651	東日本旅客鉄道・東北線
002226	下菅谷	36.435225	140.494175	東日本旅客鉄道・水郡線
002227	大間々	36.434615	139.27755	わたらせ渓谷鐵道・わたらせ渓谷線
002228	坂北	36.430705	138.01576	東日本旅客鉄道・篠ノ井線
002229	佐和	36.43047	140.54051	東日本旅客鉄道・常磐線
002230	家中	36.42979	139.74745	東武鉄道・日光線
002231	赤城	36.42562	139.27678	東武鉄道・桐生線
002232	赤城	36.42562	139.27678	上毛電気鉄道・上毛線
002233	明峰	36.425305	136.46316	IRいしかわ鉄道・IRいしかわ鉄道線
002234	信濃松川	36.424475	137.858575	東日本旅客鉄道・大糸線
002235	後台	36.42404	140.490165	東日本旅客鉄道・水郡線
002236	壬生	36.422435	139.80501	東武鉄道・宇都宮線
002237	東新川	36.421975	139.26769	上毛電気鉄道・上毛線
002238	運動公園	36.42041	139.30086	わたらせ渓谷鐵道・わたらせ渓谷線
002239	桐生球場前	36.41918	139.297873	上毛電気鉄道・上毛線
002240	新里	36.41855	139.236975	上毛電気鉄道・上毛線
002241	新川	36.41823	139.257592	上毛電気鉄道・上毛線
002242	膳	36.41695	139.22206	上毛電気鉄道・上毛線
002243	西上田	36.416875	138.209055	しなの鉄道・しなの鉄道線
002244	丸山下	36.41681	139.32131	上毛電気鉄道・上毛線
002245	粕川	36.41681	139.21091	上毛電気鉄道・上毛線
002246	杉原	36.415855	137.19247	東海旅客鉄道・高山線
002247	群馬総社	36.41551	139.032285	東日本旅客鉄道・上越線
002248	樋越	36.415485	139.173275	上毛電気鉄道・上毛線
002249	天王宿	36.414925	139.30815	上毛電気鉄道・上毛線
002250	西桐生	36.414093	139.332835	上毛電気鉄道・上毛線
002251	富士山下	36.413995	139.315845	上毛電気鉄道・上毛線
002252	新屋	36.4137	139.19659	上毛電気鉄道・上毛線
002253	北原	36.41364	139.18461	上毛電気鉄道・上毛線
002254	大胡	36.412695	139.15629	上毛電気鉄道・上毛線
002255	桐生	36.411097	139.333253	東日本旅客鉄道・両毛線
002256	桐生	36.411097	139.333253	わたらせ渓谷鐵道・わたらせ渓谷線
002257	寺内	36.4109	139.980115	真岡鐵道・真岡線
002258	相老	36.410635	139.303915	東武鉄道・桐生線
002259	相老	36.410307	139.304407	わたらせ渓谷鐵道・わたらせ渓谷線
002260	野州大塚	36.408775	139.772595	東武鉄道・宇都宮線
002261	下新田	36.407777	139.315087	わたらせ渓谷鐵道・わたらせ渓谷線
002262	合戦場	36.407585	139.74102	東武鉄道・日光線
002263	江木	36.4072	139.133395	上毛電気鉄道・上毛線
002264	北細野	36.40644	137.86273	東日本旅客鉄道・大糸線
002265	心臓血管センター	36.40525	139.12899	上毛電気鉄道・上毛線
002266	常陸津田	36.404137	140.482923	東日本旅客鉄道・水郡線
002267	小松	36.40269	136.45294	IRいしかわ鉄道・IRいしかわ鉄道線
002268	野州平川	36.40156	139.75378	東武鉄道・宇都宮線
002269	西条	36.400455	138.01249	東日本旅客鉄道・篠ノ井線
002270	葛生	36.397885	139.609285	東武鉄道・佐野線
002271	赤坂	36.397235	139.11734	上毛電気鉄道・上毛線
002272	細野	36.39707	137.865785	東日本旅客鉄道・大糸線
002273	上田	36.39614	138.25023	東日本旅客鉄道・北陸新幹線
002274	岩宿	36.39591	139.29715	東日本旅客鉄道・両毛線
002275	上田	36.395753	138.25026	上田電鉄・別所線
002276	上田	36.395753	138.25026	しなの鉄道・しなの鉄道線
002277	自治医大	36.39538	139.854515	東日本旅客鉄道・東北線
002278	新桐生	36.395054	139.320092	東武鉄道・桐生線
002279	上泉	36.39418	139.10656	上毛電気鉄道・上毛線
002280	勝田	36.394337	140.524267	東日本旅客鉄道・常磐線
002281	片貝	36.393895	139.09567	上毛電気鉄道・上毛線
002282	三俣	36.393725	139.0892	上毛電気鉄道・上毛線
002283	勝田	36.393267	140.524367	ひたちなか海浜鉄道・湊線
002284	城下	36.392465	138.242645	上田電鉄・別所線
002285	三好町	36.39168	138.23554	上田電鉄・別所線
002286	赤坂上	36.391345	138.22717	上田電鉄・別所線
002287	城東	36.391175	139.081163	上毛電気鉄道・上毛線
002288	中央前橋	36.390925	139.075365	上毛電気鉄道・上毛線
002289	上田原	36.39039	138.221715	上田電鉄・別所線
002290	新栃木	36.39006	139.74235	東武鉄道・宇都宮線
002291	新栃木	36.39006	139.74235	東武鉄道・日光線
002292	工機前	36.388127	140.52465	ひたちなか海浜鉄道・湊線
002293	阿左美	36.385087	139.306529	東武鉄道・桐生線
002294	打保	36.383935	137.181995	東海旅客鉄道・高山線
002295	寺下	36.383895	138.216315	上田電鉄・別所線
002296	常陸青柳	36.383537	140.484463	東日本旅客鉄道・水郡線
002297	前橋	36.38347	139.07337	東日本旅客鉄道・両毛線
002298	阿字ヶ浦	36.383434	140.612345	ひたちなか海浜鉄道・湊線
002299	金上	36.382425	140.533925	ひたちなか海浜鉄道・湊線
002300	赤塚	36.381755	140.41516	東日本旅客鉄道・常磐線
002301	新前橋	36.379005	139.047	東日本旅客鉄道・上越線
002302	新前橋	36.379005	139.047	東日本旅客鉄道・両毛線
002303	信濃国分寺	36.37832	138.273835	しなの鉄道・しなの鉄道線
002304	多田	36.378075	139.59296	東武鉄道・佐野線
002305	神畑	36.377845	138.216945	上田電鉄・別所線
002306	磯崎	36.37775	140.617934	ひたちなか海浜鉄道・湊線
002307	久下田	36.376	139.97163	真岡鐵道・真岡線
002308	小俣	36.37499	139.374425	東日本旅客鉄道・両毛線
002309	小金井	36.374485	139.84228	東日本旅客鉄道・東北線
002310	笠間	36.373037	140.246513	東日本旅客鉄道・水戸線
002311	偕楽園	36.37303	140.45634	東日本旅客鉄道・常磐線
002312	美乃浜学園	36.372109	140.616912	ひたちなか海浜鉄道・湊線
002313	栃木	36.371935	139.73102	東日本旅客鉄道・両毛線
002314	安曇追分	36.371865	137.872775	東日本旅客鉄道・大糸線
002315	栃木	36.37167	139.73149	東武鉄道・日光線
002316	大学前	36.371305	138.215135	上田電鉄・別所線
002317	水戸	36.371015	140.476475	東日本旅客鉄道・水郡線
002318	前橋大島	36.370793	139.1092	東日本旅客鉄道・両毛線
002319	水戸	36.370887	140.477563	東日本旅客鉄道・常磐線
002320	水戸	36.370887	140.477563	鹿島臨海鉄道・大洗鹿島線
002321	内原	36.370045	140.35263	東日本旅客鉄道・常磐線
002322	大屋	36.36959	138.29713	しなの鉄道・しなの鉄道線
002323	稲田	36.368875	140.215035	東日本旅客鉄道・水戸線
002324	中根	36.367452	140.562095	ひたちなか海浜鉄道・湊線
002325	田沼	36.36707	139.58191	東武鉄道・佐野線
002326	下之郷	36.363235	138.217195	上田電鉄・別所線
002327	中塩田	36.36323	138.204665	上田電鉄・別所線
002328	安中榛名	36.362543	138.849593	東日本旅客鉄道・北陸新幹線
002329	東水戸	36.361907	140.515783	鹿島臨海鉄道・大洗鹿島線
002330	塩田町	36.360905	138.19843	上田電鉄・別所線
002331	中野	36.36051	138.193325	上田電鉄・別所線
002332	有明	36.36001	137.878247	東日本旅客鉄道・大糸線
002333	舞田	36.359645	138.182785	上田電鉄・別所線
002334	岩瀬	36.359415	140.10874	東日本旅客鉄道・水戸線
002335	国定	36.359005	139.242455	東日本旅客鉄道・両毛線
002336	藪塚	36.35872	139.31582	東武鉄道・桐生線
002337	ひぐち	36.358475	139.970375	真岡鐵道・真岡線
002338	八木沢	36.358385	138.17576	上田電鉄・別所線
002339	平磯	36.357515	140.607584	ひたちなか海浜鉄道・湊線
002340	井野	36.35744	139.02327	東日本旅客鉄道・上越線
002341	粟津	36.35577	136.424575	IRいしかわ鉄道・IRいしかわ鉄道線
002342	羽黒	36.3553	140.143005	東日本旅客鉄道・水戸線
002343	田中	36.354415	138.32921	しなの鉄道・しなの鉄道線
002344	駒形	36.35411	139.139545	東日本旅客鉄道・両毛線
002345	明科	36.354257	137.930367	東日本旅客鉄道・篠ノ井線
002346	別所温泉	36.3532	138.16188	上田電鉄・別所線
002347	高田の鉄橋	36.352491	140.580203	ひたちなか海浜鉄道・湊線
002348	福原	36.351525	140.18728	東日本旅客鉄道・水戸線
002349	思川	36.35105	139.781125	東日本旅客鉄道・両毛線
002350	友部	36.35046	140.306025	東日本旅客鉄道・常磐線
002351	友部	36.35046	140.306025	東日本旅客鉄道・水戸線
002352	殿山	36.349435	140.601011	ひたちなか海浜鉄道・湊線
002353	中軽井沢	36.347562	138.593212	しなの鉄道・しなの鉄道線
002354	山前	36.34739	139.41127	東日本旅客鉄道・両毛線
002355	高崎問屋町	36.346135	139.01723	東日本旅客鉄道・上越線
002356	吉水	36.345625	139.57935	東武鉄道・佐野線
002357	大和	36.345555	140.07323	東日本旅客鉄道・水戸線
002358	那珂湊	36.345534	140.587663	ひたちなか海浜鉄道・湊線
002359	宍戸	36.34468	140.28854	東日本旅客鉄道・水戸線
002360	大平下	36.344335	139.697245	東日本旅客鉄道・両毛線
002361	軽井沢	36.342863	138.63513	しなの鉄道・しなの鉄道線
002362	軽井沢	36.342597	138.634918	東日本旅客鉄道・北陸新幹線
002363	滋野	36.34232	138.363908	しなの鉄道・しなの鉄道線
002364	常澄	36.34071	140.558915	鹿島臨海鉄道・大洗鹿島線
002365	折本	36.340635	139.971185	真岡鐵道・真岡線
002366	穂高	36.339056	137.881942	東日本旅客鉄道・大糸線
002367	新大平下	36.33897	139.701865	東武鉄道・日光線
002368	北高崎	36.33841	139.002657	東日本旅客鉄道・信越線
002369	群馬八幡	36.33766	138.95749	東日本旅客鉄道・信越線
002370	横川	36.33597	138.7379	東日本旅客鉄道・信越線
002371	信濃追分	36.33545	138.558495	しなの鉄道・しなの鉄道線
002372	治良門橋	36.333025	139.341365	東武鉄道・桐生線
002373	足利	36.33187	139.45635	東日本旅客鉄道・両毛線
002374	安中	36.331655	138.914485	東日本旅客鉄道・信越線
002375	足利市	36.329435	139.44818	東武鉄道・伊勢崎線
002376	堀米	36.32844	139.58033	東武鉄道・佐野線
002377	動橋	36.328557	136.383363	IRいしかわ鉄道・IRいしかわ鉄道線
002378	新治	36.327955	140.03921	東日本旅客鉄道・水戸線
002379	坂上	36.327533	137.14091	東海旅客鉄道・高山線
002380	伊勢崎	36.32688	139.19331	東日本旅客鉄道・両毛線
002381	岩舟	36.326565	139.65792	東日本旅客鉄道・両毛線
002382	伊勢崎	36.32642	139.194955	東武鉄道・伊勢崎線
002383	野州山辺	36.326285	139.43201	東武鉄道・伊勢崎線
002384	小諸	36.325642	138.422902	しなの鉄道・しなの鉄道線
002385	小諸	36.325677	138.42274	東日本旅客鉄道・小海線
002386	高崎	36.322644	139.013024	東日本旅客鉄道・上越新幹線
002387	高崎	36.322644	139.013024	東日本旅客鉄道・北陸新幹線
002388	柏矢町	36.322475	137.88836	東日本旅客鉄道・大糸線
002389	高崎	36.32234	139.012338	東日本旅客鉄道・高崎線
002390	高崎	36.32234	139.012338	東日本旅客鉄道・上越線
002391	高崎	36.32234	139.012338	東日本旅客鉄道・信越線
002392	加賀温泉	36.32057	136.350365	IRいしかわ鉄道・IRいしかわ鉄道線
002393	高崎	36.319905	139.012255	上信電鉄・上信線
002394	下館二高前	36.319325	139.97208	真岡鐵道・真岡線
002395	御代田	36.31899	138.50632	しなの鉄道・しなの鉄道線
002396	新伊勢崎	36.318085	139.201815	東武鉄道・伊勢崎線
002397	東小諸	36.31701	138.43209	東日本旅客鉄道・小海線
002398	佐野	36.316845	139.579135	東武鉄道・佐野線
002399	佐野	36.31656	139.5789	東日本旅客鉄道・両毛線
002400	静和	36.31653	139.68493	東武鉄道・日光線
002401	富田	36.31618	139.52879	東日本旅客鉄道・両毛線
002402	西松井田	36.31608	138.78663	東日本旅客鉄道・信越線
002403	東武和泉	36.315655	139.45509	東武鉄道・伊勢崎線
002404	大洗	36.315365	140.562665	鹿島臨海鉄道・大洗鹿島線
002405	あしかがフラワーパーク	36.315166	139.518456	東日本旅客鉄道・両毛線
002406	小山	36.313545	139.806355	東日本旅客鉄道・東北新幹線
002407	小山	36.31344	139.80663	東日本旅客鉄道・東北線
002408	三枚橋	36.3134	139.354965	東武鉄道・桐生線
002409	南高崎	36.31242	139.012355	上信電鉄・上信線
002410	小山	36.312245	139.806412	東日本旅客鉄道・水戸線
002411	小山	36.312245	139.806412	東日本旅客鉄道・両毛線
002412	乙女	36.3113	138.440515	東日本旅客鉄道・小海線
002413	松井田	36.309155	138.797655	東日本旅客鉄道・信越線
002414	平原	36.308635	138.45391	しなの鉄道・しなの鉄道線
002415	韮川	36.308224	139.402512	東武鉄道・伊勢崎線
002416	佐野市	36.30624	139.5759	東武鉄道・佐野線
002417	福居	36.305205	139.45867	東武鉄道・伊勢崎線
002418	三岡	36.30418	138.448445	東日本旅客鉄道・小海線
002419	下館	36.304125	139.978185	東日本旅客鉄道・水戸線
002420	下館	36.304125	139.978185	真岡鐵道・真岡線
002421	下館	36.303865	139.978205	関東鉄道・常総線
002422	佐野のわたし	36.302518	139.018292	上信電鉄・上信線
002423	田沢	36.3017	137.94103	東日本旅客鉄道・篠ノ井線
002424	小田林	36.30079	139.853605	東日本旅客鉄道・水戸線
002425	大聖寺	36.30009	136.31385	ハピラインふくい・ハピラインふくい線
002426	倉賀野	36.300233	139.049622	東日本旅客鉄道・高崎線
002427	倉賀野	36.300233	139.049622	東日本旅客鉄道・八高線
002428	豊科	36.30002	137.90094	東日本旅客鉄道・大糸線
002429	角川	36.299905	137.113355	東海旅客鉄道・高山線
002430	玉戸	36.298565	139.93855	東日本旅客鉄道・水戸線
002431	磯部	36.29837	138.849675	東日本旅客鉄道・信越線
002432	結城	36.298075	139.87304	東日本旅客鉄道・水戸線
002433	東結城	36.29662	139.89141	東日本旅客鉄道・水戸線
002434	川島	36.29593	139.916345	東日本旅客鉄道・水戸線
002435	岩間	36.29544	140.276503	東日本旅客鉄道・常磐線
002436	剛志	36.295415	139.22388	東武鉄道・伊勢崎線
002437	太田	36.29421	139.378768	東武鉄道・伊勢崎線
002438	太田	36.29421	139.378768	東武鉄道・桐生線
002439	太田	36.29392	139.379155	東武鉄道・小泉線
002440	美里	36.292295	138.450245	東日本旅客鉄道・小海線
002441	根小屋	36.29115	139.019055	上信電鉄・上信線
002442	南豊科	36.29099	137.90349	東日本旅客鉄道・大糸線
002443	県	36.290625	139.47236	東武鉄道・伊勢崎線
002444	田島	36.290225	139.564905	東武鉄道・佐野線
002445	高崎商科大学前	36.28446	139.029385	上信電鉄・上信線
002446	細谷	36.282975	139.34899	東武鉄道・伊勢崎線
002447	北藤岡	36.282122	139.081465	東日本旅客鉄道・八高線
002448	中佐都	36.28088	138.45361	東日本旅客鉄道・小海線
002449	竜舞	36.27885	139.4091	東武鉄道・小泉線
002450	大田郷	36.27827	139.959715	関東鉄道・常総線
002451	佐久平	36.2782	138.46476	東日本旅客鉄道・北陸新幹線
002452	山名	36.277705	139.0381	上信電鉄・上信線
002453	佐久平	36.277575	138.46331	東日本旅客鉄道・小海線
002454	境町	36.277165	139.256255	東武鉄道・伊勢崎線
002455	岩村田	36.27448	138.472435	東日本旅客鉄道・小海線
002456	中萱	36.273885	137.9033	東日本旅客鉄道・大糸線
002457	多々良	36.27368	139.50032	東武鉄道・伊勢崎線
002458	新町	36.273002	139.105536	東日本旅客鉄道・高崎線
002459	世良田	36.27294	139.281975	東武鉄道・伊勢崎線
002460	木崎	36.27139	139.313005	東武鉄道・伊勢崎線
002461	西山名	36.27082	139.03207	上信電鉄・上信線
002462	涸沼	36.266123	140.527413	鹿島臨海鉄道・大洗鹿島線
002463	渡瀬	36.26184	139.53748	東武鉄道・佐野線
002464	小泉町	36.26153	139.42025	東武鉄道・小泉線
002465	馬庭	36.26147	139.00964	上信電鉄・上信線
002466	飛騨細江	36.261125	137.14563	東海旅客鉄道・高山線
002467	東富岡	36.26082	138.901685	上信電鉄・上信線
002468	上州富岡	36.26051	138.891935	上信電鉄・上信線
002469	西富岡	36.26016	138.88278	上信電鉄・上信線
002470	一日市場	36.260085	137.90398	東日本旅客鉄道・大糸線
002471	東小泉	36.259715	139.42856	東武鉄道・小泉線
002472	牛ノ谷	36.259687	136.28186	ハピラインふくい・ハピラインふくい線
002473	西小泉	36.258665	139.40851	東武鉄道・小泉線
002474	上州七日市	36.25863	138.87456	上信電鉄・上信線
002475	本中野	36.258445	139.46954	東武鉄道・小泉線
002476	間々田	36.25791	139.761115	東日本旅客鉄道・東北線
002477	篠塚	36.256815	139.44609	東武鉄道・小泉線
002478	上州福島	36.25641	138.929485	上信電鉄・上信線
002479	吉井	36.25609	138.98437	上信電鉄・上信線
002480	上州新屋	36.256035	138.951825	上信電鉄・上信線
002481	西吉井	36.25578	138.965865	上信電鉄・上信線
002482	藤岡	36.255585	139.6456	東武鉄道・日光線
002483	北中込	36.25491	138.4767	東日本旅客鉄道・小海線
002484	神保原	36.253624	139.149014	東日本旅客鉄道・高崎線
002485	上州一ノ宮	36.25311	138.864063	上信電鉄・上信線
002486	群馬藤岡	36.25032	139.083465	東日本旅客鉄道・八高線
002487	梓橋	36.250183	137.91808	東日本旅客鉄道・大糸線
002488	杉崎	36.249895	137.16899	東海旅客鉄道・高山線
002489	成島	36.24908	139.50557	東武鉄道・小泉線
002490	羽鳥	36.24754	140.286775	東日本旅客鉄道・常磐線
002491	黒子	36.2472	139.975	関東鉄道・常総線
002492	島内	36.246907	137.944763	東日本旅客鉄道・大糸線
002493	館林	36.246615	139.527805	東武鉄道・伊勢崎線
002494	館林	36.246615	139.527805	東武鉄道・佐野線
002495	館林	36.246615	139.527805	東武鉄道・小泉線
002496	島高松	36.24633	137.93162	東日本旅客鉄道・大糸線
002497	神農原	36.24259	138.843845	上信電鉄・上信線
002498	細呂木	36.240625	136.25671	ハピラインふくい・ハピラインふくい線
002499	滑津	36.238715	138.475005	東日本旅客鉄道・小海線
002500	南蛇井	36.238175	138.81388	上信電鉄・上信線
002501	北松本	36.236898	137.9611	東日本旅客鉄道・大糸線
002502	飛騨古川	36.236625	137.189985	東海旅客鉄道・高山線
002503	本庄	36.236327	139.188077	東日本旅客鉄道・高崎線
002504	松本	36.231055	137.96378	アルピコ交通・上高地線
002505	中込	36.230645	138.4794	東日本旅客鉄道・小海線
002506	松本	36.23027	137.964625	東日本旅客鉄道・篠ノ井線
002507	松本	36.23027	137.964625	東日本旅客鉄道・大糸線
002508	千平	36.230029	138.798544	上信電鉄・上信線
002509	野木	36.229905	139.734795	東日本旅客鉄道・東北線
002510	信濃荒井	36.229074	137.949524	アルピコ交通・上高地線
002511	渚	36.227135	137.956085	アルピコ交通・上高地線
002512	西松本	36.227	137.963175	アルピコ交通・上高地線
002513	大庭	36.22696	137.94126	アルピコ交通・上高地線
002514	茂林寺前	36.22635	139.527045	東武鉄道・伊勢崎線
002515	筑波山頂	36.22563	140.10104	筑波観光鉄道・筑波山鋼索鉄道線
002516	下新	36.22514	137.92262	アルピコ交通・上高地線
002517	鹿島旭	36.224495	140.51264	鹿島臨海鉄道・大洗鹿島線
002518	騰波ノ江	36.22323	139.976285	関東鉄道・常総線
002519	あわら湯のまち	36.22296	136.1938	えちぜん鉄道・三国芦原線
002520	板倉東洋大前	36.222205	139.648625	東武鉄道・日光線
002521	太田部	36.22033	138.487775	東日本旅客鉄道・小海線
002522	三国港	36.220095	136.140355	えちぜん鉄道・三国芦原線
002523	北新・松本大学前	36.21963	137.91353	アルピコ交通・上高地線
002524	水居	36.21921	136.172305	えちぜん鉄道・三国芦原線
002525	本庄早稲田	36.218676	139.179751	東日本旅客鉄道・上越新幹線
002526	三国	36.21692	136.14995	えちぜん鉄道・三国芦原線
002527	丹荘	36.216465	139.102585	東日本旅客鉄道・八高線
002528	新村	36.216465	137.905325	アルピコ交通・上高地線
002529	芦原温泉	36.21541	136.235195	ハピラインふくい・ハピラインふくい線
002530	三国神社	36.214885	136.158335	えちぜん鉄道・三国芦原線
002531	宮脇	36.214635	140.100085	筑波観光鉄道・筑波山鋼索鉄道線
002532	三溝	36.212655	137.89131	アルピコ交通・上高地線
002533	番田	36.21253	136.20252	えちぜん鉄道・三国芦原線
002534	飛騨国府	36.21112	137.21577	東海旅客鉄道・高山線
002535	南松本	36.210713	137.969613	東日本旅客鉄道・篠ノ井線
002536	下仁田	36.210505	138.78668	上信電鉄・上信線
002537	川俣	36.208885	139.526505	東武鉄道・伊勢崎線
002538	森口	36.20802	137.88133	アルピコ交通・上高地線
002539	柳生	36.20659	139.659955	東武鉄道・日光線
002540	下島	36.20614	137.871895	アルピコ交通・上高地線
002541	岡部	36.205782	139.237377	東日本旅客鉄道・高崎線
002542	本荘	36.204625	136.20316	えちぜん鉄道・三国芦原線
002543	龍岡城	36.204215	138.490725	東日本旅客鉄道・小海線
002544	大宝	36.20316	139.97019	関東鉄道・常総線
002545	波田	36.200405	137.85645	アルピコ交通・上高地線
002546	渕東	36.19519	137.83994	アルピコ交通・上高地線
002547	古河	36.194415	139.709715	東日本旅客鉄道・東北線
002548	臼田	36.193995	138.48824	東日本旅客鉄道・小海線
002549	児玉	36.192843	139.13571	東日本旅客鉄道・八高線
002550	新古河	36.1927	139.687015	東武鉄道・日光線
002551	平田	36.19171	137.96256	東日本旅客鉄道・篠ノ井線
002552	石岡	36.1912	140.279963	東日本旅客鉄道・常磐線
002553	深谷	36.191345	139.281345	東日本旅客鉄道・高崎線
002554	徳宿	36.19034	140.514475	鹿島臨海鉄道・大洗鹿島線
002555	新島々	36.189805	137.821765	アルピコ交通・上高地線
002556	大関	36.18663	136.20378	えちぜん鉄道・三国芦原線
002557	下妻	36.182285	139.96448	関東鉄道・常総線
002558	青沼	36.18131	138.489185	東日本旅客鉄道・小海線
002559	上枝	36.180985	137.245835	東海旅客鉄道・高山線
002560	西羽生	36.176585	139.52446	秩父鉄道・秩父本線
002561	籠原	36.17442	139.33026	東日本旅客鉄道・高崎線
002562	村井	36.17433	137.956057	東日本旅客鉄道・篠ノ井線
002563	松久	36.173065	139.1821	東日本旅客鉄道・八高線
002564	新郷	36.17126	139.510495	秩父鉄道・秩父本線
002565	羽生	36.170445	139.53362	秩父鉄道・秩父本線
002566	羽生	36.170073	139.53403	東武鉄道・伊勢崎線
002567	下兵庫こうふく	36.17012	136.202593	えちぜん鉄道・三国芦原線
002568	羽黒下	36.166395	138.489645	東日本旅客鉄道・小海線
002569	高浜	36.163773	140.294663	東日本旅客鉄道・常磐線
002570	丸岡	36.16254	136.233555	ハピラインふくい・ハピラインふくい線
002571	武州荒木	36.16253	139.48857	秩父鉄道・秩父本線
002572	海瀬	36.15578	138.485935	東日本旅客鉄道・小海線
002573	用土	36.15387	139.20063	東日本旅客鉄道・八高線
002574	宗道	36.15362	139.97059	関東鉄道・常総線
002575	西長田ゆりの里	36.153585	136.206495	えちぜん鉄道・三国芦原線
002576	新鉾田	36.152665	140.520395	鹿島臨海鉄道・大洗鹿島線
002577	南羽生	36.149625	139.556955	東武鉄道・伊勢崎線
002578	広丘	36.147935	137.949585	東日本旅客鉄道・篠ノ井線
002579	石原	36.14756	139.369005	秩父鉄道・秩父本線
002580	東行田	36.14733	139.468325	秩父鉄道・秩父本線
002581	ひろせ野鳥の森	36.146165	139.351865	秩父鉄道・秩父本線
002582	大麻生	36.144625	139.331905	秩父鉄道・秩父本線
002583	行田市	36.14363	139.4588	秩父鉄道・秩父本線
002584	上熊谷	36.14308	139.38079	秩父鉄道・秩父本線
002585	明戸	36.1429	139.30329	秩父鉄道・秩父本線
002586	武川	36.142195	139.28174	秩父鉄道・秩父本線
002587	高山	36.14069	137.2514	東海旅客鉄道・高山線
002588	熊谷	36.13981	139.389925	東日本旅客鉄道・高崎線
002589	熊谷	36.1395	139.389645	東日本旅客鉄道・上越新幹線
002590	熊谷	36.139205	139.38936	秩父鉄道・秩父本線
002591	西春江ハートピア	36.1389	136.20622	えちぜん鉄道・三国芦原線
002592	栗橋	36.137855	139.694025	東武鉄道・日光線
002593	持田	36.137615	139.4416	秩父鉄道・秩父本線
002594	ソシオ流通センター	36.136506	139.424511	秩父鉄道・秩父本線
002595	栗橋	36.135715	139.694035	東日本旅客鉄道・東北線
002596	玉村	36.135515	139.969965	関東鉄道・常総線
002597	永田	36.13538	139.25951	秩父鉄道・秩父本線
002598	八千穂	36.133325	138.47742	東日本旅客鉄道・小海線
002599	太郎丸エンゼルランド	36.131335	136.20569	えちぜん鉄道・三国芦原線
002600	樋口	36.131075	139.12262	秩父鉄道・秩父本線
002601	ふかや花園	36.130704	139.248367	秩父鉄道・秩父本線
002602	春江	36.12976	136.228735	ハピラインふくい・ハピラインふくい線
002603	小前田	36.12893	139.22239	秩父鉄道・秩父本線
002604	桜沢	36.12872	139.20824	秩父鉄道・秩父本線
002605	波久礼	36.126805	139.15812	秩父鉄道・秩父本線
002606	加須	36.122948	139.595568	東武鉄道・伊勢崎線
002607	北浦湖畔	36.120465	140.536815	鹿島臨海鉄道・大洗鹿島線
002608	神立	36.12043	140.24861	東日本旅客鉄道・常磐線
002609	鷲塚針原	36.12024	136.20481	えちぜん鉄道・三国芦原線
002610	寄居	36.117855	139.193525	東日本旅客鉄道・八高線
002611	寄居	36.11756	139.193585	秩父鉄道・秩父本線
002612	寄居	36.11731	139.19368	東武鉄道・東上本線
002613	石下	36.117055	139.974385	関東鉄道・常総線
002614	玉淀	36.11696	139.20019	東武鉄道・東上本線
002615	高岩	36.115745	138.47753	東日本旅客鉄道・小海線
002616	塩尻	36.114805	137.947875	東日本旅客鉄道・篠ノ井線
002617	塩尻	36.114805	137.947875	東海旅客鉄道・中央線
002618	塩尻	36.114805	137.947875	東日本旅客鉄道・中央線
002619	行田	36.113883	139.43209	東日本旅客鉄道・高崎線
002620	鉢形	36.113725	139.208635	東武鉄道・東上本線
002621	南栗橋	36.11314	139.71283	東武鉄道・日光線
002622	野上	36.11161	139.11087	秩父鉄道・秩父本線
002623	花崎	36.109945	139.633595	東武鉄道・伊勢崎線
002624	森田	36.10932	136.22251	ハピラインふくい・ハピラインふくい線
002625	大洋	36.108295	140.576465	鹿島臨海鉄道・大洗鹿島線
002626	男衾	36.107865	139.234	東武鉄道・東上本線
002627	吹上	36.10285	139.453692	東日本旅客鉄道・高崎線
002628	南石下	36.102315	139.973945	関東鉄道・常総線
002629	馬流	36.10184	138.485985	東日本旅客鉄道・小海線
002630	中角	36.10112	136.204445	えちぜん鉄道・三国芦原線
002631	志比堺	36.09777	136.311005	えちぜん鉄道・勝山永平寺線
002632	鷲宮	36.096325	139.65696	東武鉄道・伊勢崎線
002633	折原	36.096175	139.195325	東日本旅客鉄道・八高線
002634	永平寺口	36.095805	136.326745	えちぜん鉄道・勝山永平寺線
002635	長瀞	36.0955	139.11231	秩父鉄道・秩父本線
002636	みどり湖	36.09426	137.98197	東日本旅客鉄道・中央線
002637	松岡	36.09403	136.301725	えちぜん鉄道・勝山永平寺線
002638	新田塚	36.092575	136.20528	えちぜん鉄道・三国芦原線
002639	観音町	36.09183	136.28969	えちぜん鉄道・勝山永平寺線
002640	みなみ寄居	36.091383	139.236467	東武鉄道・東上本線
002641	下志比	36.09063	136.336405	えちぜん鉄道・勝山永平寺線
002642	越前島橋	36.09012	136.277265	えちぜん鉄道・勝山永平寺線
002643	東鷲宮	36.089635	139.679695	東日本旅客鉄道・東北線
002644	小海	36.088675	138.482885	東日本旅客鉄道・小海線
002645	光明寺	36.08842	136.34455	えちぜん鉄道・勝山永平寺線
002646	飛騨一ノ宮	36.088403	137.24776	東海旅客鉄道・高山線
002647	洗馬	36.08713	137.916815	東海旅客鉄道・中央線
002648	轟	36.08684	136.3611	えちぜん鉄道・勝山永平寺線
002649	東藤島	36.08663	136.269855	えちぜん鉄道・勝山永平寺線
002650	上長瀞	36.08615	139.113289	秩父鉄道・秩父本線
002651	八ツ島	36.08619	136.205885	えちぜん鉄道・三国芦原線
002652	北鴻巣	36.085495	139.476955	東日本旅客鉄道・高崎線
002653	越前野中	36.08289	136.376877	えちぜん鉄道・勝山永平寺線
002654	追分口	36.08249	136.261375	えちぜん鉄道・勝山永平寺線
002655	つくば	36.082425	140.110545	首都圏新都市鉄道・常磐新線
002656	研究学園	36.082165	140.08228	首都圏新都市鉄道・常磐新線
002657	日華化学前	36.080777	136.20648	えちぜん鉄道・三国芦原線
002658	越前新保	36.08038	136.25095	えちぜん鉄道・勝山永平寺線
002659	山王	36.07912	136.392453	えちぜん鉄道・勝山永平寺線
002660	土浦	36.078595	140.20624	東日本旅客鉄道・常磐線
002661	親鼻	36.077615	139.10618	秩父鉄道・秩父本線
002662	まつもと町屋	36.076965	136.228862	えちぜん鉄道・三国芦原線
002663	鹿島灘	36.075575	140.596815	鹿島臨海鉄道・大洗鹿島線
002664	小舟渡	36.075533	136.434053	えちぜん鉄道・勝山永平寺線
002665	竹沢	36.0755	139.22995	東日本旅客鉄道・八高線
002666	東武竹沢	36.075253	139.237613	東武鉄道・東上本線
002667	越前開発	36.075305	136.24128	えちぜん鉄道・勝山永平寺線
002668	西別院	36.075255	136.22299	えちぜん鉄道・三国芦原線
002669	田原町	36.07499	136.21764	えちぜん鉄道・三国芦原線
002670	田原町	36.074735	136.217595	福井鉄道・福武線
002671	福大前西福井	36.074405	136.21013	えちぜん鉄道・三国芦原線
002672	幸手	36.07407	139.71491	東武鉄道・日光線
002673	越前竹原	36.073933	136.41303	えちぜん鉄道・勝山永平寺線
002674	三妻	36.07346	139.983105	関東鉄道・常総線
002675	発坂	36.07259	136.466163	えちぜん鉄道・勝山永平寺線
002676	下諏訪	36.071953	138.085625	東日本旅客鉄道・中央線
002677	福井口	36.070148	136.232904	えちぜん鉄道・三国芦原線
002678	福井口	36.070148	136.232904	えちぜん鉄道・勝山永平寺線
002679	保田	36.06992	136.451653	えちぜん鉄道・勝山永平寺線
002680	仁愛女子高校	36.069315	136.218075	福井鉄道・福武線
002681	皆野	36.06862	139.093995	秩父鉄道・秩父本線
002682	比島	36.065977	136.484113	えちぜん鉄道・勝山永平寺線
002683	久喜	36.06581	139.677375	東日本旅客鉄道・東北線
002684	久喜	36.06555	139.67761	東武鉄道・伊勢崎線
002685	新福井	36.064942	136.226877	えちぜん鉄道・勝山永平寺線
002686	福井城址大名町	36.06353	136.217575	福井鉄道・福武線
002687	福井駅	36.062109	136.222168	福井鉄道・福武線
002688	福井	36.062333	136.224096	えちぜん鉄道・勝山永平寺線
002689	福井	36.062209	136.223404	ハピラインふくい・ハピラインふくい線
002690	松原湖	36.060995	138.470555	東日本旅客鉄道・小海線
002691	鴻巣	36.05924	139.509585	東日本旅客鉄道・高崎線
002692	小川町	36.058995	139.26069	東日本旅客鉄道・八高線
002693	小川町	36.05873	139.26065	東武鉄道・東上本線
002694	万博記念公園	36.0584	140.059375	首都圏新都市鉄道・常磐新線
002695	足羽山公園口	36.057775	136.215065	福井鉄道・福武線
002696	岡谷	36.05676	138.045115	東日本旅客鉄道・中央線
002697	勝山	36.055923	136.4922	えちぜん鉄道・勝山永平寺線
002698	商工会議所前	36.05358	136.215	福井鉄道・福武線
002699	久々野	36.05234	137.276825	東海旅客鉄道・高山線
002700	杉戸高野台	36.05135	139.714545	東武鉄道・日光線
002701	鹿島大野	36.050715	140.60986	鹿島臨海鉄道・大洗鹿島線
002702	日出塩	36.04906	137.894855	東海旅客鉄道・中央線
002703	赤十字前	36.048715	136.21665	福井鉄道・福武線
002704	中妻	36.047275	139.990705	関東鉄道・常総線
002705	小野	36.046875	137.970795	東日本旅客鉄道・中央線
002706	上諏訪	36.04676	138.116265	東日本旅客鉄道・中央線
002707	和銅黒谷	36.04676	139.101695	秩父鉄道・秩父本線
002708	森林公園	36.045165	139.37533	東武鉄道・東上本線
002709	武蔵嵐山	36.044385	139.32774	東武鉄道・東上本線
002710	つきのわ	36.043515	139.345565	東武鉄道・東上本線
002711	海尻	36.04131	138.47356	東日本旅客鉄道・小海線
002712	花堂	36.04093	136.2152	福井鉄道・福武線
002713	和戸	36.039645	139.7011	東武鉄道・伊勢崎線
002714	越前花堂	36.03916	136.218485	西日本旅客鉄道・越美北線
002715	越前花堂	36.03856	136.218035	ハピラインふくい・ハピラインふくい線
002716	新白岡	36.03825	139.67189	東日本旅客鉄道・東北線
002717	東松山	36.03464	139.401588	東武鉄道・東上本線
002718	ベル前	36.033485	136.213865	福井鉄道・福武線
002719	川岸	36.032983	138.02196	東日本旅客鉄道・中央線
002720	北本	36.032427	139.533407	東日本旅客鉄道・高崎線
002721	北水海道	36.03209	139.992835	関東鉄道・常総線
002722	長者ヶ浜潮騒はまなす公園前	36.03129	140.618855	鹿島臨海鉄道・大洗鹿島線
002723	荒川沖	36.030595	140.165985	東日本旅客鉄道・常磐線
002724	みどりの	36.02992	140.056205	首都圏新都市鉄道・常磐新線
002725	江端	36.028415	136.212475	福井鉄道・福武線
002726	六条	36.02821	136.23961	西日本旅客鉄道・越美北線
002727	越前高田	36.024795	136.3187	西日本旅客鉄道・越美北線
002728	東武動物公園	36.0247	139.72689	東武鉄道・伊勢崎線
002729	東武動物公園	36.0247	139.72689	東武鉄道・日光線
002730	清明	36.02227	136.209426	福井鉄道・福武線
002731	佐久海ノ口	36.021185	138.49082	東日本旅客鉄道・小海線
002732	足羽	36.02082	136.253563	西日本旅客鉄道・越美北線
002733	市波	36.019855	136.330495	西日本旅客鉄道・越美北線
002734	大野原	36.018645	139.09411	秩父鉄道・秩父本線
002735	越前東郷	36.01822	136.27352	西日本旅客鉄道・越美北線
002736	水海道	36.01782	139.991395	関東鉄道・常総線
002737	白岡	36.01778	139.66688	東日本旅客鉄道・東北線
002738	小和清水	36.01736	136.351105	西日本旅客鉄道・越美北線
002739	荒野台	36.016925	140.625215	鹿島臨海鉄道・大洗鹿島線
002740	ハーモニーホール	36.01411	136.205365	福井鉄道・福武線
002741	贄川	36.013985	137.860945	東海旅客鉄道・中央線
002742	内宿	36.013805	139.59998	埼玉新都市交通・伊奈線
002743	一乗谷	36.013665	136.29738	西日本旅客鉄道・越美北線
002744	信濃川島	36.013678	137.971882	東日本旅客鉄道・中央線
002745	大土呂	36.010545	136.216505	ハピラインふくい・ハピラインふくい線
002746	ひたち野うしく	36.007261	140.158247	東日本旅客鉄道・常磐線
002747	羽貫	36.00716	139.60852	埼玉新都市交通・伊奈線
002748	浅水	36.006765	136.201735	福井鉄道・福武線
002749	越前薬師	36.0053	136.384323	西日本旅客鉄道・越美北線
002750	姫宮	36.00442	139.738685	東武鉄道・伊勢崎線
002751	佐久広瀬	36.003685	138.519395	東日本旅客鉄道・小海線
002752	明覚	36.003565	139.289215	東日本旅客鉄道・八高線
002753	高坂	36.002928	139.397692	東武鉄道・東上本線
002754	渚	36.001455	137.287945	東海旅客鉄道・高山線
002755	越前大宮	36.00004	136.409795	西日本旅客鉄道・越美北線
002756	伊奈中央	35.999455	139.61703	埼玉新都市交通・伊奈線
002757	泰澄の里	35.999212	136.198162	福井鉄道・福武線
002758	秩父	35.998795	139.086025	秩父鉄道・秩父本線
002759	牛ケ原	35.998615	136.467405	西日本旅客鉄道・越美北線
002760	美山	35.99848	136.365045	西日本旅客鉄道・越美北線
002761	桶川	35.998435	139.564215	東日本旅客鉄道・高崎線
002762	北大野	35.99792	136.487915	西日本旅客鉄道・越美北線
002763	計石	35.997525	136.43457	西日本旅客鉄道・越美北線
002764	茅野	35.994763	138.15195	東日本旅客鉄道・中央線
002765	みらい平	35.994405	140.038345	首都圏新都市鉄道・常磐新線
002766	鹿島サッカースタジアム	35.993065	140.63591	東日本旅客鉄道・鹿島線
002767	鹿島サッカースタジアム	35.993065	140.63591	鹿島臨海鉄道・大洗鹿島線
002768	御花畑	35.99236	139.083645	秩父鉄道・秩父本線
002769	越前富田	35.991185	136.54133	西日本旅客鉄道・越美北線
002770	志久	35.991025	139.6222	埼玉新都市交通・伊奈線
002771	西武秩父	35.99001	139.082995	西武鉄道・西武秩父線
002772	北春日部	35.98994	139.74432	東武鉄道・伊勢崎線
002773	三十八社	35.989127	136.193677	福井鉄道・福武線
002774	越前田野	35.98708	136.52697	西日本旅客鉄道・越美北線
002775	北上尾	35.98515	139.577575	東日本旅客鉄道・高崎線
002776	辰野	35.984517	137.997183	東日本旅客鉄道・中央線
002777	辰野	35.984517	137.997183	東海旅客鉄道・飯田線
002778	横瀬	35.9845	139.098275	西武鉄道・西武秩父線
002779	越前大野	35.98324	136.496947	西日本旅客鉄道・越美北線
002780	鳥羽中	35.9815	136.18755	福井鉄道・福武線
002781	蓮田	35.981165	139.652965	東日本旅客鉄道・東北線
002782	小絹	35.98114	139.98335	関東鉄道・常総線
002783	南桜井	35.9806	139.808395	東武鉄道・野田線
002784	藤の牛島	35.980335	139.77807	東武鉄道・野田線
002785	春日部	35.98007	139.75279	東武鉄道・伊勢崎線
002786	春日部	35.979995	139.75238	東武鉄道・野田線
002787	丸山	35.9796	139.62454	埼玉新都市交通・伊奈線
002788	川間	35.97919	139.834545	東武鉄道・野田線
002789	木曽平沢	35.979048	137.832285	東海旅客鉄道・中央線
002790	八木崎	35.978575	139.7423	東武鉄道・野田線
002791	芦ヶ久保	35.976405	139.136	西武鉄道・西武秩父線
002792	宮木	35.97626	137.9905	東海旅客鉄道・飯田線
002793	信濃川上	35.975875	138.527085	東日本旅客鉄道・小海線
002794	牛久	35.975333	140.14104	東日本旅客鉄道・常磐線
002795	下唯野	35.97422	136.56017	西日本旅客鉄道・越美北線
002796	上尾	35.97302	139.58881	東日本旅客鉄道・高崎線
002797	神明	35.972735	136.181885	福井鉄道・福武線
002798	柿ケ島	35.9725	136.5709	西日本旅客鉄道・越美北線
002799	影森	35.971995	139.068385	秩父鉄道・秩父本線
002800	北坂戸	35.97198	139.396845	東武鉄道・東上本線
002801	北鯖江	35.97164	136.19843	ハピラインふくい・ハピラインふくい線
002802	沼南	35.971025	139.62352	埼玉新都市交通・伊奈線
002803	七光台	35.97085	139.85295	東武鉄道・野田線
002804	鹿島神宮	35.97067	140.625763	東日本旅客鉄道・鹿島線
002805	奈良井	35.96947	137.81621	東海旅客鉄道・中央線
002806	伊那新町	35.968785	137.984055	東海旅客鉄道・飯田線
002807	豊春	35.968035	139.726185	東武鉄道・野田線
002808	勝原	35.96753	136.59726	西日本旅客鉄道・越美北線
002809	新守谷	35.966375	139.985782	関東鉄道・常総線
002810	一ノ割	35.964875	139.76604	東武鉄道・伊勢崎線
002811	浦山口	35.96392	139.05814	秩父鉄道・秩父本線
002812	原市	35.96384	139.622185	埼玉新都市交通・伊奈線
002813	東岩槻	35.96329	139.71227	東武鉄道・野田線
002814	越生	35.962863	139.299257	東日本旅客鉄道・八高線
002815	越生	35.962803	139.299613	東武鉄道・越生線
002816	水落	35.96228	136.183125	福井鉄道・福武線
002817	三峰口	35.960175	138.97773	秩父鉄道・秩父本線
002818	白久	35.958915	138.99328	秩父鉄道・秩父本線
002819	清水公園	35.958795	139.860305	東武鉄道・野田線
002820	武州中川	35.958375	139.035435	秩父鉄道・秩父本線
002821	延方	35.958095	140.588805	東日本旅客鉄道・鹿島線
002822	坂戸	35.95724	139.393907	東武鉄道・東上本線
002823	坂戸	35.95705	139.394045	東武鉄道・越生線
002824	吉野原	35.95701	139.620905	埼玉新都市交通・伊奈線
002825	野辺山	35.95532	138.47449	東日本旅客鉄道・小海線
002826	武州日野	35.953865	139.022015	秩父鉄道・秩父本線
002827	羽場	35.953065	137.985155	東海旅客鉄道・飯田線
002828	西山公園	35.952485	136.18577	福井鉄道・福武線
002829	武州唐沢	35.952197	139.309282	東武鉄道・越生線
002830	守谷	35.95082	139.99213	関東鉄道・常総線
002831	飛騨小坂	35.950785	137.25686	東海旅客鉄道・高山線
002832	愛宕	35.950615	139.864625	東武鉄道・野田線
002833	岩槻	35.95025	139.69313	東武鉄道・野田線
002834	守谷	35.950015	139.99201	首都圏新都市鉄道・常磐新線
002835	今羽	35.950005	139.61961	埼玉新都市交通・伊奈線
002836	武里	35.94908	139.77071	東武鉄道・伊勢崎線
002837	若葉	35.949073	139.408487	東武鉄道・東上本線
002838	東大宮	35.94836	139.64026	東日本旅客鉄道・東北線
002839	東毛呂	35.94715	139.31533	東武鉄道・越生線
002840	西鯖江	35.946355	136.181965	福井鉄道・福武線
002841	野田市	35.943742	139.870792	東武鉄道・野田線
002842	鯖江	35.94348	136.188915	ハピラインふくい・ハピラインふくい線
002843	青柳	35.94271	138.197527	東日本旅客鉄道・中央線
002844	東宮原	35.942685	139.618225	埼玉新都市交通・伊奈線
002845	武州長瀬	35.941995	139.32619	東武鉄道・越生線
002846	毛呂	35.940735	139.309335	東日本旅客鉄道・八高線
002847	宮原	35.94053	139.60952	東日本旅客鉄道・高崎線
002848	一本松	35.940215	139.37008	東武鉄道・越生線
002849	正丸	35.9383	139.181485	西武鉄道・西武秩父線
002850	川角	35.937605	139.346475	東武鉄道・越生線
002851	潮来	35.937455	140.54969	東日本旅客鉄道・鹿島線
002852	鶴ヶ島	35.93679	139.42391	東武鉄道・東上本線
002853	サンドーム西	35.93655	136.180675	福井鉄道・福武線
002854	七里	35.93649	139.66601	東武鉄道・野田線
002855	沢	35.93632	137.98546	東海旅客鉄道・飯田線
002856	せんげん台	35.935955	139.774595	東武鉄道・伊勢崎線
002857	加茂宮	35.93577	139.616935	埼玉新都市交通・伊奈線
002858	南守谷	35.93409	140.00276	関東鉄道・常総線
002859	土呂	35.931915	139.632195	東日本旅客鉄道・東北線
002860	西大家	35.93176	139.35646	東武鉄道・越生線
002861	梅郷	35.93158	139.891095	東武鉄道・野田線
002862	日進	35.93153	139.60606	東日本旅客鉄道・川越線
002863	すずらんの里	35.930459	138.211791	東日本旅客鉄道・中央線
002864	北濃	35.930205	136.829715	長良川鉄道・越美南線
002865	藪原	35.929903	137.784283	東海旅客鉄道・中央線
002866	龍ケ崎市	35.929786	140.137966	東日本旅客鉄道・常磐線
002867	佐貫	35.929405	140.13826	関東鉄道・竜ヶ崎線
002868	戸頭	35.929365	140.0143	関東鉄道・常総線
002869	大和田	35.92935	139.651015	東武鉄道・野田線
002870	飛騨宮田	35.928443	137.235553	東海旅客鉄道・高山線
002871	西吾野	35.926995	139.202415	西武鉄道・西武秩父線
002872	稲戸井	35.92612	140.02269	関東鉄道・常総線
002873	家久	35.926015	136.170735	福井鉄道・福武線
002874	霞ヶ関	35.925462	139.443852	東武鉄道・東上本線
002875	大袋	35.9246	139.77794	東武鉄道・伊勢崎線
002876	大宮公園	35.92388	139.63308	東武鉄道・野田線
002877	西大宮	35.921983	139.578967	東日本旅客鉄道・川越線
002878	ゆめみ野	35.920913	140.035132	関東鉄道・常総線
002879	藤代	35.920555	140.11815	東日本旅客鉄道・常磐線
002880	越前下山	35.920475	136.63488	西日本旅客鉄道・越美北線
002881	鉄道博物館	35.920265	139.617825	埼玉新都市交通・伊奈線
002882	白山長滝	35.9197	136.832373	長良川鉄道・越美南線
002883	スポーツ公園	35.919483	136.168225	福井鉄道・福武線
002884	清里	35.91915	138.43663	東日本旅客鉄道・小海線
002885	西川越	35.919095	139.459935	東日本旅客鉄道・川越線
002886	入地	35.919015	140.15724	関東鉄道・竜ヶ崎線
002887	北大宮	35.91794	139.624805	東武鉄道・野田線
002888	新取手	35.91766	140.04216	関東鉄道・常総線
002889	的場	35.91754	139.43541	東日本旅客鉄道・川越線
002890	十二橋	35.91702	140.54583	東日本旅客鉄道・鹿島線
002891	指扇	35.916965	139.56497	東日本旅客鉄道・川越線
002892	運河	35.91437	139.906035	東武鉄道・野田線
002893	川越市	35.914135	139.477095	東武鉄道・東上本線
002894	伊那松島	35.913845	137.988665	東海旅客鉄道・飯田線
002895	本川越	35.913675	139.48113	西武鉄道・新宿線
002896	白鳥高原	35.9132	136.8424	長良川鉄道・越美南線
002897	富士見	35.912265	138.237865	東日本旅客鉄道・中央線
002898	寺原	35.91172	140.054805	関東鉄道・常総線
002899	上呂	35.910913	137.204673	東海旅客鉄道・高山線
002900	柏たなか	35.91086	139.957515	首都圏新都市鉄道・常磐新線
002901	北府	35.910105	136.166595	福井鉄道・福武線
002902	西取手	35.90859	140.059435	関東鉄道・常総線
002903	竜ヶ崎	35.908555	140.17889	関東鉄道・竜ヶ崎線
002904	吾野	35.908313	139.22591	西武鉄道・西武秩父線
002905	吾野	35.908313	139.22591	西武鉄道・池袋線
002906	大宮	35.907795	139.622255	埼玉新都市交通・伊奈線
002907	大宮	35.90775	139.62425	東武鉄道・野田線
002908	笠幡	35.90758	139.40626	東日本旅客鉄道・川越線
002909	川越	35.907355	139.482992	東武鉄道・東上本線
002910	川越	35.90675	139.48314	東日本旅客鉄道・川越線
002911	たけふ新	35.906575	136.170175	福井鉄道・福武線
002912	大宮	35.906435	139.62437	東日本旅客鉄道・東北線
002913	大宮	35.906435	139.62437	東日本旅客鉄道・高崎線
002914	大宮	35.90617	139.623097	東日本旅客鉄道・上越新幹線
002915	大宮	35.90617	139.623097	東日本旅客鉄道・東北新幹線
002916	大宮	35.90617	139.623097	東日本旅客鉄道・川越線
002917	九頭竜湖	35.90449	136.66147	西日本旅客鉄道・越美北線
002918	武生	35.903315	136.170975	ハピラインふくい・ハピラインふくい線
002919	南古谷	35.90318	139.519155	東日本旅客鉄道・川越線
002920	北越谷	35.901715	139.77987	東武鉄道・伊勢崎線
002921	武蔵高萩	35.901703	139.371255	東日本旅客鉄道・川越線
002922	木ノ下	35.90083	137.988005	東海旅客鉄道・飯田線
002923	香取	35.897885	140.53241	東日本旅客鉄道・鹿島線
002924	香取	35.897885	140.53241	東日本旅客鉄道・成田線
002925	取手	35.897385	140.06384	関東鉄道・常総線
002926	江戸川台	35.89723	139.91053	東武鉄道・野田線
002927	高麗川	35.89637	139.33813	東日本旅客鉄道・川越線
002928	高麗川	35.89637	139.33813	東日本旅客鉄道・八高線
002929	甲斐大泉	35.896325	138.40967	東日本旅客鉄道・小海線
002930	取手	35.895727	140.062928	東日本旅客鉄道・常磐線
002931	佐原	35.89493	140.49377	東日本旅客鉄道・成田線
002932	下総神崎	35.894845	140.41067	東日本旅客鉄道・成田線
002933	浦和美園	35.893675	139.727825	埼玉高速鉄道・埼玉高速鉄道線
002934	さいたま新都心	35.893595	139.6339	東日本旅客鉄道・東北線
002935	柏の葉キャンパス	35.893315	139.952525	首都圏新都市鉄道・常磐新線
002936	東吾野	35.89247	139.260275	西武鉄道・池袋線
002937	新河岸	35.89102	139.4973	東武鉄道・東上本線
002938	北与野	35.890765	139.628547	東日本旅客鉄道・東北線
002939	大戸	35.88993	140.45773	東日本旅客鉄道・成田線
002940	南大塚	35.889695	139.45419	西武鉄道・新宿線
002941	宮ノ越	35.888478	137.763934	東海旅客鉄道・中央線
002942	越谷	35.88753	139.786235	東武鉄道・伊勢崎線
002943	水郷	35.885455	140.570175	東日本旅客鉄道・成田線
002944	美濃白鳥	35.885305	136.86068	長良川鉄道・越美南線
002945	武蔵横手	35.88522	139.280716	西武鉄道・池袋線
002946	信濃境	35.8849	138.27553	東日本旅客鉄道・中央線
002947	与野	35.884375	139.63899	東日本旅客鉄道・東北線
002948	与野	35.884375	139.63899	東日本旅客鉄道・武蔵野線
002949	初石	35.88384	139.91791	東武鉄道・野田線
002950	高麗	35.882063	139.30434	西武鉄道・池袋線
002951	与野本町	35.880925	139.626005	東日本旅客鉄道・東北線
002952	甲斐小泉	35.879555	138.35939	東日本旅客鉄道・小海線
002953	北殿	35.87951	137.984065	東海旅客鉄道・飯田線
002954	滑河	35.87706	140.347865	東日本旅客鉄道・成田線
002955	吉川	35.876645	139.843183	東日本旅客鉄道・武蔵野線
002956	東川口	35.87662	139.74367	埼玉高速鉄道・埼玉高速鉄道線
002957	越谷レイクタウン	35.876115	139.82253	東日本旅客鉄道・武蔵野線
002958	南越谷	35.876047	139.791363	東日本旅客鉄道・武蔵野線
002959	北柏	35.875675	139.988035	東日本旅客鉄道・常磐線
002960	新越谷	35.875565	139.789815	東武鉄道・伊勢崎線
002961	東川口	35.875137	139.743897	東日本旅客鉄道・武蔵野線
002962	飛騨萩原	35.874408	137.21397	東海旅客鉄道・高山線
002963	新狭山	35.874155	139.43379	西武鉄道・新宿線
002964	上福岡	35.87387	139.51187	東武鉄道・東上本線
002965	我孫子	35.872826	140.01047	東日本旅客鉄道・常磐線
002966	我孫子	35.872826	140.01047	東日本旅客鉄道・成田線
002967	天王台	35.87247	140.04232	東日本旅客鉄道・常磐線
002968	北浦和	35.8722	139.64575	東日本旅客鉄道・東北線
002969	流山おおたかの森	35.872085	139.92576	東武鉄道・野田線
002970	流山おおたかの森	35.871755	139.924955	首都圏新都市鉄道・常磐新線
002971	原野	35.871265	137.74153	東海旅客鉄道・中央線
002972	東我孫子	35.86898	140.047605	東日本旅客鉄道・成田線
002973	大島	35.86849	136.85905	長良川鉄道・越美南線
002974	吉川美南	35.868087	139.858121	東日本旅客鉄道・武蔵野線
002975	南与野	35.867355	139.631055	東日本旅客鉄道・東北線
002976	湖北	35.867195	140.077945	東日本旅客鉄道・成田線
002977	蒲生	35.86689	139.791765	東武鉄道・伊勢崎線
002978	豊四季	35.866535	139.93928	東武鉄道・野田線
002979	王子保	35.86632	136.165555	ハピラインふくい・ハピラインふくい線
002980	東浦和	35.864057	139.704537	東日本旅客鉄道・武蔵野線
002981	小淵沢	35.863733	138.316753	東日本旅客鉄道・小海線
002982	小淵沢	35.863733	138.316753	東日本旅客鉄道・中央線
002983	新木	35.8624	140.10705	東日本旅客鉄道・成田線
002984	柏	35.86219	139.971025	東日本旅客鉄道・常磐線
002985	柏	35.861985	139.970465	東武鉄道・野田線
002986	田畑	35.8608	137.977835	東海旅客鉄道・飯田線
002987	ふじみ野	35.860745	139.52309	東武鉄道・東上本線
002988	戸塚安行	35.85907	139.753775	埼玉高速鉄道・埼玉高速鉄道線
002989	浦和	35.858565	139.657145	東日本旅客鉄道・東北線
002990	新三郷	35.85839	139.869535	東日本旅客鉄道・武蔵野線
002991	狭山市	35.85734	139.413392	西武鉄道・新宿線
002992	流山	35.8558	139.90183	流鉄・流山線
002993	流山セントラルパーク	35.85459	139.91518	首都圏新都市鉄道・常磐新線
002994	新田	35.85411	139.795425	東武鉄道・伊勢崎線
002995	中浦和	35.853915	139.637303	東日本旅客鉄道・東北線
002996	大中	35.853795	136.86845	長良川鉄道・越美南線
002997	東飯能	35.85302	139.32613	東日本旅客鉄道・八高線
002998	東飯能	35.85302	139.32598	西武鉄道・池袋線
002999	飯能	35.851204	139.318842	西武鉄道・池袋線
003000	平和台	35.85112	139.901225	流鉄・流山線
003001	小見川	35.84998	140.6046	東日本旅客鉄道・成田線
003002	布佐	35.84935	140.132975	東日本旅客鉄道・成田線
003003	禅昌寺	35.849137	137.225213	東海旅客鉄道・高山線
003004	南浦和	35.848335	139.668615	東日本旅客鉄道・東北線
003005	南浦和	35.847585	139.66894	東日本旅客鉄道・武蔵野線
003006	武蔵浦和	35.846045	139.647935	東日本旅客鉄道・武蔵野線
003007	鶴瀬	35.845703	139.539307	東武鉄道・東上本線
003008	武蔵浦和	35.845414	139.64686	東日本旅客鉄道・東北線
003009	伊那北	35.845235	137.96435	東海旅客鉄道・飯田線
003010	三郷	35.844835	139.886835	東日本旅客鉄道・武蔵野線
003011	稲荷山公園	35.844688	139.399367	西武鉄道・池袋線
003012	南柏	35.844645	139.954193	東日本旅客鉄道・常磐線
003013	上万場	35.8446	136.876605	長良川鉄道・越美南線
003014	西浦和	35.844185	139.627765	東日本旅客鉄道・武蔵野線
003015	木曽福島	35.843725	137.6934	東海旅客鉄道・中央線
003016	獨協大学前	35.8433	139.800675	東武鉄道・伊勢崎線
003017	新井宿	35.84295	139.738115	埼玉高速鉄道・埼玉高速鉄道線
003018	入間市	35.842883	139.39032	西武鉄道・池袋線
003019	鰭ヶ崎	35.84097	139.911115	流鉄・流山線
003020	元加治	35.840583	139.345307	西武鉄道・池袋線
003021	笹川	35.83943	140.655825	東日本旅客鉄道・成田線
003022	木下	35.83888	140.14799	東日本旅客鉄道・成田線
003023	伊那市	35.838445	137.959255	東海旅客鉄道・飯田線
003024	南流山	35.83843	139.902795	首都圏新都市鉄道・常磐新線
003025	みずほ台	35.8382	139.550785	東武鉄道・東上本線
003026	新柏	35.8381	139.96704	東武鉄道・野田線
003027	南流山	35.837845	139.90423	東日本旅客鉄道・武蔵野線
003028	仏子	35.837675	139.36019	西武鉄道・池袋線
003029	小金城趾	35.836025	139.916875	流鉄・流山線
003030	安食	35.835715	140.242275	東日本旅客鉄道・成田線
003031	万場	35.833445	136.88325	長良川鉄道・越美南線
003032	北小金	35.83317	139.93075	東日本旅客鉄道・常磐線
003033	入曽	35.832385	139.427185	西武鉄道・新宿線
003034	久住	35.832185	140.33887	東日本旅客鉄道・成田線
003035	南条	35.8318	136.193535	ハピラインふくい・ハピラインふくい線
003036	鳩ヶ谷	35.8308	139.73616	埼玉高速鉄道・埼玉高速鉄道線
003037	小林	35.830737	140.193113	東日本旅客鉄道・成田線
003038	柳瀬川	35.83056	139.56246	東武鉄道・東上本線
003039	増尾	35.82982	139.976325	東武鉄道・野田線
003040	草加	35.82838	139.803455	東武鉄道・伊勢崎線
003041	蕨	35.82793	139.690415	東日本旅客鉄道・東北線
003042	長坂	35.82743	138.36665	東日本旅客鉄道・中央線
003043	幸谷	35.827045	139.92006	流鉄・流山線
003044	北戸田	35.826755	139.661445	東日本旅客鉄道・東北線
003045	新松戸	35.825487	139.92111	東日本旅客鉄道・武蔵野線
003046	新松戸	35.825437	139.921193	東日本旅客鉄道・常磐線
003047	三郷中央	35.824485	139.87837	首都圏新都市鉄道・常磐新線
003048	逆井	35.823282	139.983705	東武鉄道・野田線
003049	志木	35.82217	139.5753	東武鉄道・東上本線
003050	武蔵藤沢	35.82085	139.412755	西武鉄道・池袋線
003051	下総橘	35.818785	140.70215	東日本旅客鉄道・成田線
003052	戸田	35.817595	139.66961	東日本旅客鉄道・東北線
003053	古里	35.81632	139.15114	東日本旅客鉄道・青梅線
003054	南鳩ヶ谷	35.81608	139.736095	埼玉高速鉄道・埼玉高速鉄道線
003055	西川口	35.815515	139.70436	東日本旅客鉄道・東北線
003056	北朝霞	35.81547	139.58723	東日本旅客鉄道・武蔵野線
003057	郡上大和	35.81513	136.894975	長良川鉄道・越美南線
003058	鳩ノ巣	35.815105	139.12894	東日本旅客鉄道・青梅線
003059	谷塚	35.81486	139.801465	東武鉄道・伊勢崎線
003060	見沼代親水公園	35.814605	139.7707	東京都・日暮里・舎人ライナー
003061	朝霞台	35.814345	139.5873	東武鉄道・東上本線
003062	川井	35.813766	139.164306	東日本旅客鉄道・青梅線
003063	下島	35.81318	137.940145	東海旅客鉄道・飯田線
003064	馬橋	35.812095	139.917035	流鉄・流山線
003065	白丸	35.81172	139.11483	東日本旅客鉄道・青梅線
003066	馬橋	35.811685	139.91732	東日本旅客鉄道・常磐線
003067	金子	35.810815	139.32861	東日本旅客鉄道・八高線
003068	狭山ヶ丘	35.810405	139.41702	西武鉄道・池袋線
003069	奥多摩	35.809395	139.09694	東日本旅客鉄道・青梅線
003070	高柳	35.808305	139.99898	東武鉄道・野田線
003071	下総松崎	35.807775	140.27755	東日本旅客鉄道・成田線
003072	戸田公園	35.807765	139.67835	東日本旅客鉄道・東北線
003073	八潮	35.807765	139.844735	首都圏新都市鉄道・常磐新線
003074	軍畑	35.80758	139.20765	東日本旅客鉄道・青梅線
003075	下呂	35.806097	137.239386	東海旅客鉄道・高山線
003076	沢井	35.80595	139.1934	東日本旅客鉄道・青梅線
003077	新所沢	35.805805	139.45717	西武鉄道・新宿線
003078	舎人	35.80572	139.770135	東京都・日暮里・舎人ライナー
003079	徳永	35.80486	136.90355	長良川鉄道・越美南線
003080	二俣尾	35.803945	139.216145	東日本旅客鉄道・青梅線
003081	新座	35.80378	139.55623	東日本旅客鉄道・武蔵野線
003082	沢渡	35.80372	137.944025	東海旅客鉄道・飯田線
003083	印西牧の原	35.803628	140.167134	北総鉄道・北総線
003084	湯尾	35.80334	136.193015	ハピラインふくい・ハピラインふくい線
003085	常盤平	35.80315	139.949435	京成電鉄・松戸線
003086	川口	35.801795	139.71748	東日本旅客鉄道・東北線
003087	御嶽	35.80142	139.182752	東日本旅客鉄道・青梅線
003088	小手指	35.800585	139.43804	西武鉄道・池袋線
003089	北松戸	35.800365	139.911625	東日本旅客鉄道・常磐線
003090	千葉ニュータウン中央	35.80022	140.116263	京成電鉄・成田空港線
003091	千葉ニュータウン中央	35.80022	140.116263	北総鉄道・北総線
003092	川口元郷	35.79996	139.729863	埼玉高速鉄道・埼玉高速鉄道線
003093	成田湯川	35.79956	140.291481	京成電鉄・成田空港線
003094	航空公園	35.79834	139.46559	西武鉄道・新宿線
003095	五香	35.797285	139.96577	京成電鉄・松戸線
003096	石神前	35.79683	139.225135	東日本旅客鉄道・青梅線
003097	朝霞	35.796765	139.6003	東武鉄道・東上本線
003098	舎人公園	35.796665	139.77012	東京都・日暮里・舎人ライナー
003099	滝本	35.79603	139.16155	御岳登山鉄道・ケーブルカー
003100	東所沢	35.79489	139.51454	東日本旅客鉄道・武蔵野線
003101	竹ノ塚	35.79437	139.79072	東武鉄道・伊勢崎線
003102	六実	35.793705	139.999245	東武鉄道・野田線
003103	下総豊里	35.793005	140.720895	東日本旅客鉄道・成田線
003104	西高島平	35.791895	139.645685	東京都・6号線三田線
003105	八柱	35.791417	139.937497	京成電鉄・松戸線
003106	新八柱	35.79129	139.938555	東日本旅客鉄道・武蔵野線
003107	浮間舟渡	35.791264	139.691491	東日本旅客鉄道・東北線
003108	日野春	35.790728	138.394278	東日本旅客鉄道・中央線
003109	松戸新田	35.790655	139.92233	京成電鉄・松戸線
003110	青梅	35.790545	139.258125	東日本旅客鉄道・青梅線
003111	元山	35.790325	139.975675	京成電鉄・松戸線
003112	新高島平	35.79022	139.65433	東京都・6号線三田線
003113	東青梅	35.789815	139.272805	東日本旅客鉄道・青梅線
003114	御岳山	35.78963	139.153765	御岳登山鉄道・ケーブルカー
003115	上本郷	35.78938	139.915835	京成電鉄・松戸線
003116	みのり台	35.789345	139.928785	京成電鉄・松戸線
003117	高島平	35.788935	139.661295	東京都・6号線三田線
003118	西所沢	35.788758	139.456245	西武鉄道・狭山線
003119	西所沢	35.788758	139.456245	西武鉄道・池袋線
003120	谷在家	35.78868	139.7701	東京都・日暮里・舎人ライナー
003121	日向和田	35.788645	139.229535	東日本旅客鉄道・青梅線
003122	山田	35.78859	136.91166	長良川鉄道・越美南線
003123	和光市	35.78835	139.612865	東京地下鉄・8号線有楽町線
003124	和光市	35.78835	139.612865	東武鉄道・東上本線
003125	印旛日本医大	35.787815	140.202759	京成電鉄・成田空港線
003126	印旛日本医大	35.787815	140.202759	北総鉄道・北総線
003127	宮ノ平	35.78759	139.237315	東日本旅客鉄道・青梅線
003128	西台	35.78708	139.67268	東京都・6号線三田線
003129	小室	35.787037	140.076063	北総鉄道・北総線
003130	北赤羽	35.786974	139.705834	東日本旅客鉄道・東北線
003131	所沢	35.78682	139.47328	西武鉄道・新宿線
003132	所沢	35.786685	139.473445	西武鉄道・池袋線
003133	六町	35.78478	139.821805	首都圏新都市鉄道・常磐新線
003134	河辺	35.784775	139.284055	東日本旅客鉄道・青梅線
003135	白井	35.78475	140.054075	北総鉄道・北総線
003136	松戸	35.78473	139.900827	東日本旅客鉄道・常磐線
003137	西白井	35.78444	140.031745	北総鉄道・北総線
003138	松戸	35.784345	139.90083	京成電鉄・松戸線
003139	上松	35.784075	137.69327	東海旅客鉄道・中央線
003140	蓮根	35.784055	139.67906	東京都・6号線三田線
003141	赤羽岩淵	35.783355	139.72211	東京地下鉄・7号線南北線
003142	赤羽岩淵	35.783355	139.72211	埼玉高速鉄道・埼玉高速鉄道線
003143	くぬぎ山	35.78233	139.975675	京成電鉄・松戸線
003144	西新井大師西	35.78116	139.77014	東京都・日暮里・舎人ライナー
003145	新鎌ヶ谷	35.78077	139.999477	東武鉄道・野田線
003146	新鎌ヶ谷	35.77961	139.998355	京成電鉄・成田空港線
003147	新鎌ヶ谷	35.77961	139.998355	北総鉄道・北総線
003148	下山口	35.779445	139.441165	西武鉄道・狭山線
003149	新鎌ヶ谷	35.77924	139.998655	京成電鉄・松戸線
003150	大師前	35.77895	139.781655	東武鉄道・大師線
003151	秋津	35.778492	139.496843	西武鉄道・池袋線
003152	新秋津	35.77831	139.493755	東日本旅客鉄道・武蔵野線
003153	志茂	35.778025	139.7325	東京地下鉄・7号線南北線
003154	赤木	35.77793	137.943955	東海旅客鉄道・飯田線
003155	赤羽	35.77755	139.72095	東日本旅客鉄道・赤羽線
003156	成増	35.777592	139.632898	東武鉄道・東上本線
003157	赤羽	35.77755	139.72095	東日本旅客鉄道・東北線
003158	志村三丁目	35.777465	139.68586	東京都・6号線三田線
003159	西新井	35.77728	139.790365	東武鉄道・伊勢崎線
003160	西新井	35.77728	139.790365	東武鉄道・大師線
003161	成田	35.77656	140.313346	東日本旅客鉄道・成田線
003162	北綾瀬	35.77689	139.832095	東京地下鉄・9号線千代田線
003163	地下鉄成増	35.77674	139.63117	東京地下鉄・8号線有楽町線
003164	北初富	35.776555	139.989805	京成電鉄・松戸線
003165	志村坂上	35.77634	139.69473	東京都・6号線三田線
003166	京成成田	35.77627	140.315465	京成電鉄・東成田線
003167	京成成田	35.77627	140.315465	京成電鉄・本線
003168	小作	35.776055	139.302275	東日本旅客鉄道・青梅線
003169	松飛台	35.775332	139.95757	北総鉄道・北総線
003170	大町	35.77515	139.97334	北総鉄道・北総線
003171	江北	35.773785	139.770345	東京都・日暮里・舎人ライナー
003172	今庄	35.773095	136.199215	ハピラインふくい・ハピラインふくい線
003173	空港第2ビル	35.77296	140.38761	東日本旅客鉄道・成田線
003174	空港第2ビル	35.77296	140.38761	京成電鉄・成田空港線
003175	空港第2ビル	35.77296	140.38761	京成電鉄・本線
003176	梅島	35.772345	139.798075	東武鉄道・伊勢崎線
003177	青井	35.772	139.820245	首都圏新都市鉄道・常磐新線
003178	初富	35.771975	140.00046	京成電鉄・松戸線
003179	清瀬	35.771957	139.519923	西武鉄道・池袋線
003180	箱根ヶ崎	35.771695	139.346735	東日本旅客鉄道・八高線
003181	西武球場前	35.771575	139.42044	西武鉄道・狭山線
003182	西武球場前	35.77078	139.420235	西武鉄道・山口線
003183	東松戸	35.77076	139.94377	東日本旅客鉄道・武蔵野線
003184	下赤塚	35.770485	139.64485	東武鉄道・東上本線
003185	自然園前	35.770235	136.931275	長良川鉄道・越美南線
003186	地下鉄赤塚	35.770217	139.643597	東京地下鉄・8号線有楽町線
003187	東松戸	35.76981	139.942775	京成電鉄・成田空港線
003188	東松戸	35.76981	139.942775	北総鉄道・北総線
003189	東成田	35.769685	140.38725	京成電鉄・東成田線
003190	東成田	35.769685	140.38725	芝山鉄道・芝山鉄道線
003191	金町	35.76951	139.87039	東日本旅客鉄道・常磐線
003192	西武園ゆうえんち	35.76903	139.44019	西武鉄道・山口線
003193	本蓮沼	35.768985	139.70211	東京都・6号線三田線
003194	東武練馬	35.76865	139.66254	東武鉄道・東上本線
003195	京成金町	35.76845	139.87035	京成電鉄・金町線
003196	高野	35.768255	139.77072	東京都・日暮里・舎人ライナー
003197	西武園	35.767735	139.448895	西武鉄道・西武園線
003198	宮田	35.76727	137.938875	東海旅客鉄道・飯田線
003199	亀有	35.76654	139.84756	東日本旅客鉄道・常磐線
003200	五反野	35.765905	139.80963	東武鉄道・伊勢崎線
003201	多摩湖	35.765785	139.442715	西武鉄道・多摩湖線
003202	多摩湖	35.765785	139.442715	西武鉄道・山口線
003203	成田空港	35.765725	140.386305	東日本旅客鉄道・成田線
003204	成田空港	35.765725	140.386305	京成電鉄・成田空港線
003205	成田空港	35.765725	140.386305	京成電鉄・本線
003206	秋山	35.76544	139.931443	北総鉄道・北総線
003207	王子神谷	35.76509	139.7357	東京地下鉄・7号線南北線
003208	椎柴	35.765217	140.758863	東日本旅客鉄道・成田線
003209	扇大橋	35.764135	139.77085	東京都・日暮里・舎人ライナー
003210	東十条	35.76383	139.726745	東日本旅客鉄道・東北線
003211	鎌ヶ谷	35.763785	139.99731	東武鉄道・野田線
003212	上板橋	35.763615	139.676205	東武鉄道・東上本線
003213	北国分	35.76286	139.91422	北総鉄道・北総線
003214	綾瀬	35.762285	139.82489	東京地下鉄・9号線千代田線
003215	綾瀬	35.762165	139.824935	東日本旅客鉄道・常磐線
003216	板橋本町	35.7611	139.705605	東京都・6号線三田線
003217	東久留米	35.76045	139.53375	西武鉄道・池袋線
003218	十条	35.76039	139.72225	東日本旅客鉄道・赤羽線
003219	公津の杜	35.76021	140.294445	京成電鉄・本線
003220	東村山	35.759965	139.46586	西武鉄道・国分寺線
003221	東村山	35.759965	139.46586	西武鉄道・新宿線
003222	東村山	35.759965	139.46586	西武鉄道・西武園線
003223	ときわ台	35.758905	139.68876	東武鉄道・東上本線
003224	小菅	35.758685	139.81265	東武鉄道・伊勢崎線
003225	光が丘	35.75847	139.62924	東京都・12号線大江戸線
003226	羽村	35.75794	139.3163	東日本旅客鉄道・青梅線
003227	鎌ヶ谷大仏	35.757855	140.01394	京成電鉄・松戸線
003228	平和台	35.757555	139.6543	東京地下鉄・8号線有楽町線
003229	矢切	35.757505	139.900555	北総鉄道・北総線
003230	南今庄	35.757465	136.184795	ハピラインふくい・ハピラインふくい線
003231	武蔵大和	35.756435	139.44404	西武鉄道・多摩湖線
003232	柴又	35.75643	139.875283	京成電鉄・金町線
003233	中板橋	35.75628	139.694385	東武鉄道・東上本線
003234	市川大野	35.755405	139.95128	東日本旅客鉄道・武蔵野線
003235	足立小台	35.754635	139.770205	東京都・日暮里・舎人ライナー
003236	王子	35.754387	139.737411	東京地下鉄・7号線南北線
003237	芝山千代田	35.75402	140.39961	芝山鉄道・芝山鉄道線
003238	二和向台	35.753885	140.02373	京成電鉄・松戸線
003239	王子駅前	35.75273	139.738227	東京都・荒川線
003240	宗吾参道	35.75235	140.280705	京成電鉄・本線
003241	王子	35.752325	139.73821	東日本旅客鉄道・東北線
003242	ひばりヶ丘	35.751438	139.545765	西武鉄道・池袋線
003243	練馬春日町	35.75136	139.64076	東京都・12号線大江戸線
003244	新柴又	35.75135	139.87982	北総鉄道・北総線
003245	板橋区役所前	35.751305	139.710055	東京都・6号線三田線
003246	梶原	35.75107	139.7473	東京都・荒川線
003247	穴山	35.751027	138.413887	東日本旅客鉄道・中央線
003248	京成高砂	35.75087	139.86659	京成電鉄・金町線
003249	京成高砂	35.75087	139.86659	京成電鉄・成田空港線
003250	京成高砂	35.75087	139.86659	京成電鉄・本線
003251	京成高砂	35.75087	139.86659	北総鉄道・北総線
003252	荒川車庫前	35.75086	139.752805	東京都・荒川線
003253	栄町	35.75084	139.74222	東京都・荒川線
003254	荒川遊園地前	35.75065	139.757453	東京都・荒川線
003255	小台	35.75049	139.761735	東京都・荒川線
003256	飛鳥山	35.750065	139.73732	東京都・荒川線
003257	北千住	35.74981	139.805563	東京地下鉄・2号線日比谷線
003258	北千住	35.74981	139.805563	東武鉄道・伊勢崎線
003259	宮ノ前	35.749885	139.765765	東京都・荒川線
003260	北千住	35.749865	139.805175	首都圏新都市鉄道・常磐新線
003261	氷川台	35.74962	139.66547	東京地下鉄・8号線有楽町線
003262	久米川	35.749525	139.472695	西武鉄道・新宿線
003263	大泉学園	35.749407	139.586653	西武鉄道・池袋線
003264	北千住	35.749127	139.804387	東京地下鉄・9号線千代田線
003265	三咲	35.74918	140.02854	京成電鉄・松戸線
003266	熊野前	35.74918	139.76928	東京都・荒川線
003267	北千住	35.748845	139.80464	東日本旅客鉄道・常磐線
003268	新板橋	35.74884	139.719365	東京都・6号線三田線
003269	大山	35.74841	139.702623	東武鉄道・東上本線
003270	熊野前	35.748245	139.769925	東京都・日暮里・舎人ライナー
003271	保谷	35.748263	139.568237	西武鉄道・池袋線
003272	大田切	35.748198	137.940102	東海旅客鉄道・飯田線
003273	堀切菖蒲園	35.74765	139.82754	京成電鉄・本線
003274	お花茶屋	35.747615	139.839885	京成電鉄・本線
003275	猿田	35.74735	140.737365	東日本旅客鉄道・総武線
003276	滝野川一丁目	35.7473	139.735415	東京都・荒川線
003277	上中里	35.746888	139.746286	東日本旅客鉄道・東北線
003278	尾久	35.74687	139.753725	東日本旅客鉄道・東北線
003279	西ヶ原	35.745945	139.74226	東京地下鉄・7号線南北線
003280	青砥	35.74587	139.85627	京成電鉄・押上線
003281	青砥	35.74587	139.85627	京成電鉄・本線
003282	東福生	35.745748	139.335888	東日本旅客鉄道・八高線
003283	上北台	35.74576	139.415865	多摩都市モノレール・多摩都市モノレール線
003284	東尾久三丁目	35.745647	139.773817	東京都・荒川線
003285	下板橋	35.745067	139.715615	東武鉄道・東上本線
003286	板橋	35.745027	139.719197	東日本旅客鉄道・赤羽線
003287	八坂	35.74489	139.46775	西武鉄道・多摩湖線
003288	牛田	35.744545	139.81177	東武鉄道・伊勢崎線
003289	西ヶ原四丁目	35.744235	139.732685	東京都・荒川線
003290	京成関屋	35.743965	139.81185	京成電鉄・本線
003291	町屋二丁目	35.743915	139.776425	東京都・荒川線
003292	石神井公園	35.74364	139.606555	西武鉄道・池袋線
003293	西巣鴨	35.743415	139.728725	東京都・6号線三田線
003294	小竹向原	35.743395	139.67952	東京地下鉄・13号線副都心線
003295	小竹向原	35.743395	139.67952	東京地下鉄・8号線有楽町線
003296	小竹向原	35.743395	139.67952	西武鉄道・西武有楽町線
003297	堀切	35.743345	139.81738	東武鉄道・伊勢崎線
003298	赤土小学校前	35.74306	139.76913	東京都・日暮里・舎人ライナー
003299	町屋駅前	35.742775	139.780775	東京都・荒川線
003300	福生	35.742485	139.327745	東日本旅客鉄道・青梅線
003301	千住大橋	35.74241	139.79705	京成電鉄・本線
003302	町屋	35.74234	139.78157	京成電鉄・本線
003303	京成小岩	35.742215	139.883615	京成電鉄・本線
003304	町屋	35.742162	139.780108	東京地下鉄・9号線千代田線
003305	豊島園	35.742035	139.64802	西武鉄道・豊島線
003306	荒川七丁目	35.742	139.784045	東京都・荒川線
003307	馬込沢	35.741655	139.992205	東武鉄道・野田線
003308	郡上八幡	35.741625	136.947365	長良川鉄道・越美南線
003309	豊島園	35.74161	139.649205	東京都・12号線大江戸線
003310	新庚申塚	35.741105	139.73035	東京都・荒川線
003311	新桜台	35.74098	139.668573	西武鉄道・西武有楽町線
003312	萩山	35.740763	139.47687	西武鉄道・多摩湖線
003313	萩山	35.740763	139.47687	西武鉄道・拝島線
003314	練馬高野台	35.740615	139.616835	西武鉄道・池袋線
003315	北池袋	35.740335	139.716395	東武鉄道・東上本線
003316	中学校	35.740125	140.14846	山万・ユーカリが丘線
003317	松岸	35.739375	140.795195	東日本旅客鉄道・成田線
003318	松岸	35.739375	140.795195	東日本旅客鉄道・総武線
003319	庚申塚	35.739125	139.729555	東京都・荒川線
003320	桜街道	35.739035	139.416555	多摩都市モノレール・多摩都市モノレール線
003321	桜台	35.738745	139.6624	西武鉄道・池袋線
003322	荒川二丁目	35.7386	139.78469	東京都・荒川線
003323	京成立石	35.73819	139.84816	京成電鉄・押上線
003324	千川	35.738175	139.6894	東京地下鉄・13号線副都心線
003325	千川	35.738175	139.6894	東京地下鉄・8号線有楽町線
003326	女子大	35.73814	140.155155	山万・ユーカリが丘線
003327	滝不動	35.73801	140.026285	京成電鉄・松戸線
003328	練馬	35.737935	139.65444	西武鉄道・西武有楽町線
003329	練馬	35.737935	139.65444	西武鉄道・池袋線
003330	練馬	35.737935	139.65444	西武鉄道・豊島線
003331	江戸川	35.737835	139.895872	京成電鉄・本線
003332	倉橋	35.737755	140.71399	東日本旅客鉄道・総武線
003333	小川	35.737565	139.463495	西武鉄道・国分寺線
003334	小川	35.737565	139.463495	西武鉄道・拝島線
003335	田端	35.737475	139.761575	東日本旅客鉄道・山手線
003336	田端	35.737475	139.761575	東日本旅客鉄道・東北線
003337	江古田	35.737465	139.672785	西武鉄道・池袋線
003338	練馬	35.737315	139.65457	東京都・12号線大江戸線
003339	新三河島	35.737342	139.774168	京成電鉄・本線
003340	小平	35.736915	139.488445	西武鉄道・新宿線
003341	小平	35.736915	139.488445	西武鉄道・拝島線
003342	京成酒々井	35.736915	140.270175	京成電鉄・本線
003343	駒込	35.737027	139.7484	東日本旅客鉄道・山手線
003344	新府	35.73691	138.433177	東日本旅客鉄道・中央線
003345	中村橋	35.73667	139.63717	西武鉄道・池袋線
003346	国府台	35.73631	139.90354	京成電鉄・本線
003347	駒ヶ根	35.73628	137.936855	東海旅客鉄道・飯田線
003348	駒込	35.73601	139.746853	東京地下鉄・7号線南北線
003349	富士見台	35.73585	139.629815	西武鉄道・池袋線
003350	荒川区役所前	35.735365	139.78601	東京都・荒川線
003351	巣鴨新田	35.73516	139.72791	東京都・荒川線
003352	南千住	35.734648	139.799807	東日本旅客鉄道・常磐線
003353	牛浜	35.734335	139.33379	東日本旅客鉄道・青梅線
003354	巣鴨	35.73378	139.738035	東京都・6号線三田線
003355	鐘ヶ淵	35.73376	139.82037	東武鉄道・伊勢崎線
003356	巣鴨	35.73372	139.74035	東日本旅客鉄道・山手線
003357	荒川一中前	35.73369	139.788805	東京都・荒川線
003358	西日暮里	35.733685	139.76813	東京都・日暮里・舎人ライナー
003359	三河島	35.733353	139.777287	東日本旅客鉄道・常磐線
003360	小岩	35.73333	139.88185	東日本旅客鉄道・総武線
003361	要町	35.733215	139.69848	東京地下鉄・13号線副都心線
003362	要町	35.733215	139.69848	東京地下鉄・8号線有楽町線
003363	南千住	35.732985	139.79895	首都圏新都市鉄道・常磐新線
003364	倉本	35.73294	137.714325	東海旅客鉄道・中央線
003365	東大和市	35.732905	139.434295	西武鉄道・拝島線
003366	井野	35.7329	140.148545	山万・ユーカリが丘線
003367	新江古田	35.73249	139.670567	東京都・12号線大江戸線
003368	西日暮里	35.73239	139.766963	東京地下鉄・9号線千代田線
003369	南千住	35.73231	139.79878	東京地下鉄・2号線日比谷線
003370	三ノ輪橋	35.73222	139.791505	東京都・荒川線
003371	玉川上水	35.732123	139.417743	多摩都市モノレール・多摩都市モノレール線
003372	武蔵五日市	35.732145	139.22812	東日本旅客鉄道・五日市線
003373	西日暮里	35.732175	139.766715	東日本旅客鉄道・東北線
003374	酒々井	35.73185	140.275405	東日本旅客鉄道・成田線
003375	大塚	35.731785	139.72794	東日本旅客鉄道・山手線
003376	四ツ木	35.731715	139.834655	京成電鉄・押上線
003377	玉川上水	35.731705	139.418775	西武鉄道・拝島線
003378	大塚駅前	35.73162	139.729455	東京都・荒川線
003379	池袋	35.73148	139.70772	東京地下鉄・13号線副都心線
003380	市川真間	35.731268	139.91178	京成電鉄・本線
003381	池袋	35.73118	139.71117	東武鉄道・東上本線
003382	青梅街道	35.73099	139.47657	西武鉄道・多摩湖線
003383	武蔵増戸	35.730955	139.256305	東日本旅客鉄道・五日市線
003384	本銚子	35.730945	140.8473	銚子電気鉄道・銚子電気鉄道線
003385	新小平	35.730943	139.470507	東日本旅客鉄道・武蔵野線
003386	公園	35.73075	140.153747	山万・ユーカリが丘線
003387	船橋法典	35.73052	139.966684	東日本旅客鉄道・武蔵野線
003388	高根公団	35.73042	140.029435	京成電鉄・松戸線
003389	池袋	35.730345	139.71115	東京地下鉄・4号線丸ノ内線
003390	池袋	35.730275	139.711085	東日本旅客鉄道・山手線
003391	池袋	35.7302	139.71134	東日本旅客鉄道・赤羽線
003392	京成臼井	35.730025	140.180805	京成電鉄・本線
003393	東長崎	35.72997	139.683185	西武鉄道・池袋線
003394	大佐倉	35.72993	140.25072	京成電鉄・本線
003395	武蔵引田	35.72969	139.270085	東日本旅客鉄道・五日市線
003396	飯岡	35.72938	140.68335	東日本旅客鉄道・総武線
003397	銚子	35.729325	140.827465	東日本旅客鉄道・総武線
003398	銚子	35.729325	140.827465	銚子電気鉄道・銚子電気鉄道線
003399	三ノ輪	35.729285	139.791165	東京地下鉄・2号線日比谷線
003400	池袋	35.729185	139.710885	東京地下鉄・8号線有楽町線
003401	八千代緑が丘	35.72894	140.073205	東葉高速鉄道・東葉高速線
003402	観音	35.728905	140.839845	銚子電気鉄道・銚子電気鉄道線
003403	市川	35.72887	139.90817	東日本旅客鉄道・総武線
003404	武蔵砂川	35.728825	139.392345	西武鉄道・拝島線
003405	仲ノ町	35.728795	140.833765	銚子電気鉄道・銚子電気鉄道線
003406	日暮里	35.728795	139.77116	東京都・日暮里・舎人ライナー
003407	向原	35.728765	139.724805	東京都・荒川線
003408	東伏見	35.728755	139.563575	西武鉄道・新宿線
003409	西武柳沢	35.72858	139.5524	西武鉄道・新宿線
003410	笠上黒生	35.72837	140.85694	銚子電気鉄道・銚子電気鉄道線
003411	熊川	35.72829	139.33573	東日本旅客鉄道・五日市線
003412	菅野	35.728275	139.919395	京成電鉄・本線
003413	秋川	35.72805	139.28675	東日本旅客鉄道・五日市線
003414	日暮里	35.728123	139.771367	京成電鉄・本線
003415	千石	35.727965	139.744745	東京都・6号線三田線
003416	八千代中央	35.727875	140.103305	東葉高速鉄道・東葉高速線
003417	日暮里	35.727987	139.77119	東日本旅客鉄道・常磐線
003418	池袋	35.72766	139.71083	西武鉄道・池袋線
003419	武蔵関	35.727615	139.576365	西武鉄道・新宿線
003420	日暮里	35.727987	139.77119	東日本旅客鉄道・東北線
003421	船橋日大前	35.727245	140.060075	東葉高速鉄道・東葉高速線
003422	八広	35.727197	139.828317	京成電鉄・押上線
003423	田無	35.727195	139.538985	西武鉄道・新宿線
003424	小町屋	35.726775	137.93516	東海旅客鉄道・飯田線
003425	高根木戸	35.726605	140.034985	京成電鉄・松戸線
003426	椎名町	35.726495	139.694315	西武鉄道・池袋線
003427	上石神井	35.726195	139.59229	西武鉄道・新宿線
003428	西武立川	35.72618	139.369655	西武鉄道・拝島線
003429	地区センター	35.72618	140.15515	山万・ユーカリが丘線
003430	花小金井	35.726145	139.51332	西武鉄道・新宿線
003431	新大塚	35.726093	139.729407	東京地下鉄・4号線丸ノ内線
003432	東池袋	35.72595	139.718865	東京地下鉄・8号線有楽町線
003433	東秋留	35.725935	139.311675	東日本旅客鉄道・五日市線
003434	千駄木	35.725988	139.763375	東京地下鉄・9号線千代田線
003435	焼石	35.725625	137.20061	東海旅客鉄道・高山線
003436	東池袋四丁目	35.7255	139.720735	東京都・荒川線
003437	上井草	35.725255	139.602955	西武鉄道・新宿線
003438	京成佐倉	35.725205	140.229865	京成電鉄・本線
003439	西海鹿島	35.72508	140.860215	銚子電気鉄道・銚子電気鉄道線
003440	井荻	35.724663	139.615547	西武鉄道・新宿線
003441	本駒込	35.724413	139.753803	東京地下鉄・7号線南北線
003442	東向島	35.724355	139.819335	東武鉄道・伊勢崎線
003443	都電雑司ヶ谷	35.724067	139.717817	東京都・荒川線
003444	下井草	35.72387	139.624735	西武鉄道・新宿線
003445	京成八幡	35.72386	139.92817	京成電鉄・本線
003446	村上	35.72378	140.118635	東葉高速鉄道・東葉高速線
003447	砂川七番	35.723385	139.418105	多摩都市モノレール・多摩都市モノレール線
003448	落合南長崎	35.723435	139.683458	東京都・12号線大江戸線
003449	本八幡	35.72335	139.92688	東京都・10号線新宿線
003450	鷹の台	35.72301	139.46106	西武鉄道・国分寺線
003451	鷺ノ宮	35.72262	139.639845	西武鉄道・新宿線
003452	ユーカリが丘	35.72231	140.156983	山万・ユーカリが丘線
003453	都立家政	35.72219	139.64543	西武鉄道・新宿線
003454	塚田	35.722125	139.982905	東武鉄道・野田線
003455	一橋学園	35.722105	139.480065	西武鉄道・多摩湖線
003456	海鹿島	35.72208	140.863125	銚子電気鉄道・銚子電気鉄道線
003457	旭	35.721835	140.65469	東日本旅客鉄道・総武線
003458	ユーカリが丘	35.72183	140.156385	京成電鉄・本線
003459	北習志野	35.72169	140.042464	東葉高速鉄道・東葉高速線
003460	鶯谷	35.721455	139.77803	東日本旅客鉄道・東北線
003461	白山	35.72155	139.752297	東京都・6号線三田線
003462	拝島	35.721243	139.343802	東日本旅客鉄道・八高線
003463	北習志野	35.721325	140.042175	京成電鉄・松戸線
003464	拝島	35.721317	139.343377	東日本旅客鉄道・五日市線
003465	拝島	35.721317	139.343377	東日本旅客鉄道・青梅線
003466	拝島	35.72111	139.344167	西武鉄道・拝島線
003467	本八幡	35.72085	139.927405	東日本旅客鉄道・総武線
003468	鬼子母神前	35.72058	139.715155	東京都・荒川線
003469	入谷	35.720675	139.78455	東京地下鉄・2号線日比谷線
003470	目白	35.72039	139.70628	東日本旅客鉄道・山手線
003471	雑司が谷	35.7202	139.714715	東京地下鉄・13号線副都心線
003472	鬼越	35.719765	139.937865	京成電鉄・本線
003473	野方	35.719587	139.653493	西武鉄道・新宿線
003474	護国寺	35.71918	139.72745	東京地下鉄・8号線有楽町線
003475	沼袋	35.71916	139.66484	西武鉄道・新宿線
003476	泉体育館	35.718845	139.419565	多摩都市モノレール・多摩都市モノレール線
003477	京成曳舟	35.71864	139.82028	京成電鉄・押上線
003478	干潟	35.718345	140.60331	東日本旅客鉄道・総武線
003479	曳舟	35.71851	139.816673	東武鉄道・伊勢崎線
003480	曳舟	35.71851	139.816673	東武鉄道・亀戸線
003481	東大前	35.718112	139.757832	東京地下鉄・7号線南北線
003482	志津	35.717405	140.14493	京成電鉄・本線
003483	根津	35.717325	139.76575	東京地下鉄・9号線千代田線
003484	茗荷谷	35.7172	139.736895	東京地下鉄・4号線丸ノ内線
003485	京成中山	35.71695	139.94438	京成電鉄・本線
003486	新小岩	35.716845	139.857735	東日本旅客鉄道・総武線
003487	東葉勝田台	35.716413	140.125843	東葉高速鉄道・東葉高速線
003489	新井薬師前	35.715802	139.672497	西武鉄道・新宿線
003490	学習院下	35.71575	139.71231	東京都・荒川線
003491	下落合	35.715695	139.69529	西武鉄道・新宿線
003492	勝田台	35.71539	140.126045	京成電鉄・本線
003493	習志野	35.715375	140.042795	京成電鉄・松戸線
003494	相生	35.715085	136.95051	長良川鉄道・越美南線
003495	中井	35.71507	139.686645	西武鉄道・新宿線
003496	東中山	35.71442	139.952635	京成電鉄・本線
003498	下総中山	35.714285	139.94307	東日本旅客鉄道・総武線
003499	立飛	35.71427	139.41707	多摩都市モノレール・多摩都市モノレール線
003500	君ヶ浜	35.71407	140.860545	銚子電気鉄道・銚子電気鉄道線
003501	飯山満	35.714	140.0223	東葉高速鉄道・東葉高速線
003502	浅草	35.71393	139.792455	首都圏新都市鉄道・常磐新線
003503	中井	35.713865	139.68631	東京都・12号線大江戸線
003504	上野	35.71322	139.775855	東日本旅客鉄道・東北線
003505	上野	35.713315	139.777385	東日本旅客鉄道・東北新幹線
003506	高田馬場	35.71328	139.705045	東京地下鉄・5号線東西線
003507	昭島	35.71322	139.361635	東日本旅客鉄道・青梅線
003508	高田馬場	35.713313	139.703965	東日本旅客鉄道・山手線
003509	面影橋	35.712855	139.714675	東京都・荒川線
003510	高田馬場	35.712483	139.704	西武鉄道・新宿線
003511	京成大和田	35.71236	140.10863	京成電鉄・本線
003512	伊那福岡	35.71223	137.933965	東海旅客鉄道・飯田線
003513	浅草	35.71198	139.798315	東武鉄道・伊勢崎線
003514	早稲田	35.711875	139.719055	東京都・荒川線
003515	上野	35.711762	139.775357	東京地下鉄・3号線銀座線
003516	京成西船	35.71169	139.958845	京成電鉄・本線
003517	上野	35.711462	139.776986	東京地下鉄・2号線日比谷線
003518	新船橋	35.711565	139.97982	東武鉄道・野田線
003519	稲荷町	35.711403	139.78212	東京地下鉄・3号線銀座線
003520	恋ヶ窪	35.71135	139.46389	西武鉄道・国分寺線
003521	京成上野	35.71131	139.77351	京成電鉄・本線
003522	浅草	35.710737	139.797767	東京地下鉄・3号線銀座線
003523	落合	35.710635	139.685965	東京地下鉄・5号線東西線
003524	とうきょうスカイツリー	35.710465	139.809395	東武鉄道・伊勢崎線
003525	小村井	35.71032	139.82761	東武鉄道・亀戸線
003526	押上	35.71022	139.81241	東京都・1号線浅草線
003527	押上	35.71022	139.81241	京成電鉄・押上線
003528	高松	35.710045	139.413275	多摩都市モノレール・多摩都市モノレール線
003529	春日	35.709998	139.753228	東京都・6号線三田線
003530	田原町	35.709907	139.790347	東京地下鉄・3号線銀座線
003531	佐倉	35.70974	140.226755	東日本旅客鉄道・成田線
003532	佐倉	35.70974	140.226755	東日本旅客鉄道・総武線
003533	韮崎	35.709686	138.45135	東日本旅客鉄道・中央線
003534	江戸川橋	35.709295	139.73413	東京地下鉄・8号線有楽町線
003535	薬園台	35.7091	140.036705	京成電鉄・松戸線
003536	中神	35.709	139.37571	東日本旅客鉄道・青梅線
003537	浅草	35.70899	139.796595	東京都・1号線浅草線
003538	本所吾妻橋	35.708593	139.804473	東京都・1号線浅草線
003539	春日	35.708497	139.752043	東京都・12号線大江戸線
003540	押上	35.708683	139.81369	東京地下鉄・11号線半蔵門線
003541	押上	35.708683	139.81369	東武鉄道・伊勢崎線
003542	後楽園	35.708427	139.751787	東京地下鉄・7号線南北線
003543	上野御徒町	35.707974	139.772914	東京都・12号線大江戸線
003544	西早稲田	35.707993	139.70916	東京地下鉄・13号線副都心線
003545	上野広小路	35.7076	139.772967	東京地下鉄・3号線銀座線
003546	本郷三丁目	35.70757	139.76072	東京都・12号線大江戸線
003547	西船橋	35.707203	139.95938	東日本旅客鉄道・総武線
003548	東あずま	35.707375	139.831595	東武鉄道・亀戸線
003549	東中野	35.70737	139.68325	東京都・12号線大江戸線
003550	後楽園	35.707315	139.75106	東京地下鉄・4号線丸ノ内線
003551	西船橋	35.707315	139.95875	東京地下鉄・5号線東西線
003552	西船橋	35.707315	139.95875	東葉高速鉄道・東葉高速線
003553	西船橋	35.707225	139.959532	東日本旅客鉄道・京葉線
003554	西船橋	35.707225	139.959532	東日本旅客鉄道・武蔵野線
003555	御徒町	35.707195	139.774715	東日本旅客鉄道・東北線
003556	新御徒町	35.707008	139.78187	東京都・12号線大江戸線
003557	新御徒町	35.70688	139.78234	首都圏新都市鉄道・常磐新線
003558	湯島	35.706787	139.76998	東京地下鉄・9号線千代田線
003559	本郷三丁目	35.706753	139.76011	東京地下鉄・4号線丸ノ内線
003560	仲御徒町	35.706655	139.77619	東京地下鉄・2号線日比谷線
003561	平井	35.706573	139.842582	東日本旅客鉄道・総武線
003562	東中神	35.706275	139.384595	東日本旅客鉄道・青梅線
003563	東中野	35.70625	139.68508	東日本旅客鉄道・中央線
003564	犬吠	35.70625	140.86093	銚子電気鉄道・銚子電気鉄道線
003565	篠崎	35.70612	139.903885	東京都・10号線新宿線
003566	東海神	35.70596	139.980555	東葉高速鉄道・東葉高速線
003567	海神	35.705925	139.971785	京成電鉄・本線
003568	中野	35.70574	139.665605	東日本旅客鉄道・中央線
003569	中野	35.70574	139.665605	東京地下鉄・5号線東西線
003570	早稲田	35.70568	139.72219	東京地下鉄・5号線東西線
003571	蔵前	35.705492	139.792293	東京都・12号線大江戸線
003572	塩山	35.705383	138.734557	東日本旅客鉄道・中央線
003573	高円寺	35.705325	139.649718	東日本旅客鉄道・中央線
003574	阿佐ヶ谷	35.704887	139.636257	東日本旅客鉄道・中央線
003575	荻窪	35.70443	139.620245	東日本旅客鉄道・中央線
003576	南酒々井	35.704323	140.26781	東日本旅客鉄道・総武線
003577	荻窪	35.704175	139.61976	東京地下鉄・4号線丸ノ内線
003578	神楽坂	35.703865	139.73452	東京地下鉄・5号線東西線
003579	西荻窪	35.703798	139.599705	東日本旅客鉄道・中央線
003580	水道橋	35.703704	139.755102	東京都・6号線三田線
003581	西立川	35.703546	139.39339	東日本旅客鉄道・青梅線
003582	原木中山	35.7033	139.941915	東京地下鉄・5号線東西線
003583	蔵前	35.703322	139.791065	東京都・1号線浅草線
003584	吉祥寺	35.703147	139.57999	東日本旅客鉄道・中央線
003585	飯田橋	35.703097	139.745733	東京都・12号線大江戸線
003586	末広町	35.70284	139.77177	東京地下鉄・3号線銀座線
003587	三鷹	35.702694	139.560708	東日本旅客鉄道・中央線
003588	吉祥寺	35.70229	139.58031	京王電鉄・井の頭線
003589	船橋	35.7021	139.984365	東武鉄道・野田線
003590	武蔵境	35.70209	139.543555	東日本旅客鉄道・中央線
003591	水道橋	35.702	139.753745	東日本旅客鉄道・中央線
003592	武蔵境	35.70191	139.544265	西武鉄道・多摩川線
003593	船橋	35.701792	139.984072	東日本旅客鉄道・総武線
003594	東小金井	35.70156	139.52376	東日本旅客鉄道・中央線
003595	飯田橋	35.70149	139.743691	東京地下鉄・7号線南北線
003596	飯田橋	35.701333	139.746656	東京地下鉄・5号線東西線
003597	八千代台	35.701355	140.09077	京成電鉄・本線
003598	飯田橋	35.701475	139.743307	東京地下鉄・8号線有楽町線
003599	国分寺	35.701072	139.479276	西武鉄道・多摩湖線
003600	武蔵小金井	35.701035	139.50593	東日本旅客鉄道・中央線
003601	新大久保	35.70093	139.700255	東日本旅客鉄道・山手線
003602	牛込神楽坂	35.700915	139.73604	東京都・12号線大江戸線
003603	前原	35.700655	140.02752	京成電鉄・松戸線
003604	大久保	35.700635	139.697445	東日本旅客鉄道・中央線
003605	御茶ノ水	35.70043	139.764405	東京地下鉄・4号線丸ノ内線
003606	国分寺	35.700132	139.480558	東日本旅客鉄道・中央線
003607	国分寺	35.700132	139.480558	西武鉄道・国分寺線
003608	飯田橋	35.700167	139.743647	東日本旅客鉄道・中央線
003609	京成船橋	35.699963	139.984937	京成電鉄・本線
003610	亀戸水神	35.699945	139.83339	東武鉄道・亀戸線
003611	西国分寺	35.69991	139.465985	東日本旅客鉄道・武蔵野線
003612	東新宿	35.700107	139.707897	東京地下鉄・13号線副都心線
003613	東船橋	35.699807	140.004242	東日本旅客鉄道・総武線
003614	西国分寺	35.699723	139.46577	東日本旅客鉄道・中央線
003615	御茶ノ水	35.699605	139.76503	東日本旅客鉄道・総武線
003616	御茶ノ水	35.699605	139.76503	東日本旅客鉄道・中央線
003617	立川北	35.699525	139.412665	多摩都市モノレール・多摩都市モノレール線
003618	牛込柳町	35.69946	139.72519	東京都・12号線大江戸線
003619	南阿佐ヶ谷	35.699455	139.635575	東京地下鉄・4号線丸ノ内線
003620	外川	35.699315	140.857345	銚子電気鉄道・銚子電気鉄道線
003621	八日市場	35.699295	140.552395	東日本旅客鉄道・総武線
003622	国立	35.699195	139.446415	東日本旅客鉄道・中央線
003623	若松河田	35.699165	139.718185	東京都・12号線大江戸線
003624	秋葉原	35.69897	139.774283	首都圏新都市鉄道・常磐新線
003625	秋葉原	35.698535	139.773045	東日本旅客鉄道・東北線
003626	秋葉原	35.69832	139.773215	東日本旅客鉄道・総武線
003627	立川	35.698025	139.413782	東日本旅客鉄道・青梅線
003628	東高円寺	35.697965	139.658295	東京地下鉄・4号線丸ノ内線
003629	秋葉原	35.69793	139.775527	東京地下鉄・2号線日比谷線
003630	東新宿	35.697895	139.70769	東京都・12号線大江戸線
003631	中野坂上	35.697875	139.68296	東京都・12号線大江戸線
003632	新高円寺	35.69786	139.64851	東京地下鉄・4号線丸ノ内線
003633	須原	35.69785	137.69494	東海旅客鉄道・中央線
003634	立川	35.697765	139.413785	東日本旅客鉄道・中央線
003635	亀戸	35.697735	139.8272	東武鉄道・亀戸線
003636	浅草橋	35.697605	139.786455	東京都・1号線浅草線
003637	立川	35.697535	139.414305	東日本旅客鉄道・南武線
003638	新中野	35.697475	139.66951	東京地下鉄・4号線丸ノ内線
003639	錦糸町	35.697703	139.814937	東京地下鉄・11号線半蔵門線
003640	浅草橋	35.69739	139.78449	東日本旅客鉄道・総武線
003641	亀戸	35.69733	139.82633	東日本旅客鉄道・総武線
003642	井の頭公園	35.697295	139.58312	京王電鉄・井の頭線
003643	中野坂上	35.697085	139.682205	東京地下鉄・4号線丸ノ内線
003644	中野坂上	35.697085	139.682205	東京地下鉄・4号線丸ノ内線分岐線
003645	新御茶ノ水	35.696925	139.76545	東京地下鉄・9号線千代田線
003646	両国	35.69682	139.797427	東京都・12号線大江戸線
003647	錦糸町	35.696733	139.814637	東日本旅客鉄道・総武線
003648	西武新宿	35.69613	139.700067	西武鉄道・新宿線
003649	立川南	35.69617	139.412575	多摩都市モノレール・多摩都市モノレール線
003650	九段下	35.696085	139.751265	東京地下鉄・5号線東西線
003651	神保町	35.695999	139.757995	東京都・10号線新宿線
003652	神保町	35.695915	139.757827	東京地下鉄・11号線半蔵門線
003653	新小金井	35.69592	139.526745	西武鉄道・多摩川線
003654	両国	35.695755	139.79335	東日本旅客鉄道・総武線
003655	岩本町	35.695568	139.775288	東京都・10号線新宿線
003656	田切	35.695635	137.93306	東海旅客鉄道・飯田線
003657	九段下	35.69552	139.75121	東京都・10号線新宿線
003658	九段下	35.69552	139.75121	東京地下鉄・11号線半蔵門線
003659	小川町	35.695168	139.766742	東京都・10号線新宿線
003660	神保町	35.695026	139.75831	東京都・6号線三田線
003661	淡路町	35.69487	139.767455	東京地下鉄・4号線丸ノ内線
003662	西新宿	35.694515	139.69256	東京地下鉄・4号線丸ノ内線
003663	東山梨	35.69434	138.703055	東日本旅客鉄道・中央線
003664	大神宮下	35.693967	139.99137	京成電鉄・本線
003665	西国立	35.69379	139.423905	東日本旅客鉄道・南武線
003666	神田	35.693715	139.77089	東京地下鉄・3号線銀座線
003667	瑞江	35.69339	139.89781	東京都・10号線新宿線
003668	馬喰町	35.693337	139.782385	東日本旅客鉄道・総武線
003669	新宿西口	35.69316	139.69916	東京都・12号線大江戸線
003670	市ヶ谷	35.693025	139.736458	東京地下鉄・7号線南北線
003671	市ヶ谷	35.69276	139.737015	東京地下鉄・8号線有楽町線
003672	新宿	35.69244	139.70059	東京地下鉄・4号線丸ノ内線
003673	曙橋	35.69233	139.72258	東京都・10号線新宿線
003674	三鷹台	35.69205	139.589295	京王電鉄・井の頭線
003675	馬喰横山	35.692075	139.782845	東京都・10号線新宿線
003676	東日本橋	35.69171	139.784779	東京都・1号線浅草線
003677	神田	35.69177	139.770875	東日本旅客鉄道・中央線
003678	神田	35.69177	139.770875	東日本旅客鉄道・東北線
003679	中野新橋	35.691698	139.674005	東京地下鉄・4号線丸ノ内線分岐線
003680	市ヶ谷	35.691455	139.737385	東京都・10号線新宿線
003681	津田沼	35.691324	140.020276	東日本旅客鉄道・総武線
003682	二俣新町	35.69132	139.959555	東日本旅客鉄道・京葉線
003683	新宿	35.69124	139.699667	小田急電鉄・小田原線
003684	新宿三丁目	35.69118	139.70421	東京地下鉄・4号線丸ノ内線
003685	市ヶ谷	35.691155	139.73532	東日本旅客鉄道・中央線
003686	妙典	35.690867	139.924115	東京地下鉄・5号線東西線
003687	新宿三丁目	35.69084	139.706535	東京都・10号線新宿線
003688	中野富士見町	35.69082	139.668155	東京地下鉄・4号線丸ノ内線分岐線
003689	新宿三丁目	35.690284	139.704586	東京地下鉄・13号線副都心線
003690	都庁前	35.69059	139.692625	東京都・12号線大江戸線
003691	竹橋	35.69044	139.75767	東京地下鉄・5号線東西線
003692	小伝馬町	35.690364	139.778808	東京地下鉄・2号線日比谷線
003693	新宿	35.69011	139.70061	東日本旅客鉄道・中央線
003694	新津田沼	35.690185	140.023728	京成電鉄・松戸線
003695	東大島	35.689864	139.84728	東京都・10号線新宿線
003696	西新宿五丁目	35.6899	139.684665	東京都・12号線大江戸線
003697	柴崎体育館	35.6898	139.40928	多摩都市モノレール・多摩都市モノレール線
003698	大島	35.689766	139.834384	東京都・10号線新宿線
003699	船橋競馬場	35.689642	139.997955	京成電鉄・本線
003700	新宿	35.689985	139.69921	京王電鉄・京王線
003701	新宿	35.690465	139.70014	東日本旅客鉄道・山手線
003702	西大島	35.689343	139.826297	東京都・10号線新宿線
003703	新日本橋	35.688995	139.774162	東日本旅客鉄道・総武線
003704	住吉	35.688958	139.815875	東京都・10号線新宿線
003705	住吉	35.688603	139.81568	東京地下鉄・11号線半蔵門線
003706	浜町	35.68859	139.788125	東京都・10号線新宿線
003707	新宿御苑前	35.688525	139.710915	東京地下鉄・4号線丸ノ内線
003708	新宿	35.68843	139.698615	東京都・10号線新宿線
003709	菊川	35.688407	139.806103	東京都・10号線新宿線
003710	久我山	35.68814	139.599325	京王電鉄・井の頭線
003711	森下	35.68805	139.797978	東京都・10号線新宿線
003712	森下	35.687982	139.798198	東京都・12号線大江戸線
003713	四谷三丁目	35.687835	139.719325	東京地下鉄・4号線丸ノ内線
003714	塩崎	35.68779	138.487756	東日本旅客鉄道・中央線
003715	新宿	35.687625	139.69935	東京都・12号線大江戸線
003716	三越前	35.687152	139.773593	東京地下鉄・3号線銀座線
003717	大手町	35.68677	139.766177	東京地下鉄・4号線丸ノ内線
003718	実籾	35.68685	140.06808	京成電鉄・本線
003719	大手町	35.686745	139.764905	東京地下鉄・11号線半蔵門線
003720	深戸	35.68648	136.962325	長良川鉄道・越美南線
003721	人形町	35.68627	139.78204	東京都・1号線浅草線
003722	人形町	35.686077	139.782495	東京地下鉄・2号線日比谷線
003723	四ツ谷	35.685977	139.72966	東京地下鉄・7号線南北線
003724	一之江	35.68594	139.88289	東京都・10号線新宿線
003725	京成大久保	35.685925	140.048605	京成電鉄・本線
003726	小宮	35.685865	139.368477	東日本旅客鉄道・八高線
003727	物井	35.685725	140.200315	東日本旅客鉄道・総武線
003728	四ツ谷	35.685732	139.730562	東日本旅客鉄道・中央線
003729	半蔵門	35.68538	139.741695	東京地下鉄・11号線半蔵門線
003730	大手町	35.68525	139.763285	東京地下鉄・9号線千代田線
003731	谷津	35.685286	140.007648	京成電鉄・本線
003732	飯倉	35.68509	140.521415	東日本旅客鉄道・総武線
003733	矢川	35.685075	139.43159	東日本旅客鉄道・南武線
003734	山梨市	35.685034	138.682836	東日本旅客鉄道・中央線
003735	三越前	35.684863	139.773438	東京地下鉄・11号線半蔵門線
003736	富士見ヶ丘	35.684805	139.607233	京王電鉄・井の頭線
003737	麹町	35.684785	139.73735	東京地下鉄・8号線有楽町線
003738	大手町	35.684723	139.765907	東京地下鉄・5号線東西線
003739	大桑	35.684422	137.664096	東海旅客鉄道・中央線
003740	四ツ谷	35.684251	139.73004	東京地下鉄・4号線丸ノ内線
003741	榎戸	35.684075	140.288115	東日本旅客鉄道・総武線
003742	大手町	35.68407	139.76261	東京都・6号線三田線
003743	代々木	35.683795	139.70221	東日本旅客鉄道・山手線
003744	代々木	35.683795	139.70221	東日本旅客鉄道・中央線
003745	船堀	35.683785	139.863855	東京都・10号線新宿線
003746	代々木	35.68378	139.701525	東京都・12号線大江戸線
003747	京成津田沼	35.68364	140.024845	京成電鉄・松戸線
003748	京成津田沼	35.68364	140.024845	京成電鉄・千葉線
003749	京成津田沼	35.68364	140.024845	京成電鉄・本線
003750	南新宿	35.68361	139.698717	小田急電鉄・小田原線
003751	方南町	35.683515	139.657935	東京地下鉄・4号線丸ノ内線分岐線
003752	高井戸	35.68326	139.61523	京王電鉄・井の頭線
003753	水天宮前	35.683048	139.785127	東京地下鉄・11号線半蔵門線
003754	清澄白河	35.683018	139.798654	東京都・12号線大江戸線
003755	行徳	35.682848	139.914463	東京地下鉄・5号線東西線
003756	日本橋	35.682423	139.773977	東京地下鉄・5号線東西線
003757	清澄白河	35.682115	139.799742	東京地下鉄・11号線半蔵門線
003758	東京	35.681935	139.7648	東京地下鉄・4号線丸ノ内線
003759	日本橋	35.681903	139.77335	東京地下鉄・3号線銀座線
003760	東京	35.681673	139.765367	東日本旅客鉄道・総武線
003761	南船橋	35.681665	139.9957	東日本旅客鉄道・京葉線
003762	日本橋	35.681605	139.775778	東京都・1号線浅草線
003763	浜田山	35.681575	139.627575	京王電鉄・井の頭線
003764	初台	35.68142	139.68827	京王電鉄・京王線
003765	谷保	35.68138	139.44678	東日本旅客鉄道・南武線
003766	東京	35.680965	139.766685	東日本旅客鉄道・東北線
003767	千駄ヶ谷	35.681207	139.711453	東日本旅客鉄道・中央線
003768	東京	35.681103	139.76788	東海旅客鉄道・東海道新幹線
003769	東京	35.681103	139.76788	東日本旅客鉄道・東北新幹線
003770	東京	35.68117	139.767553	東日本旅客鉄道・東海道線
003771	北府中	35.680855	139.471795	東日本旅客鉄道・武蔵野線
003772	二重橋前	35.680505	139.76178	東京地下鉄・9号線千代田線
003773	茅場町	35.68032	139.779337	東京地下鉄・5号線東西線
003774	信濃町	35.679938	139.721293	東日本旅客鉄道・中央線
003775	国立競技場	35.679893	139.71472	東京都・12号線大江戸線
003776	茅場町	35.67914	139.77966	東京地下鉄・2号線日比谷線
003777	西永福	35.678875	139.635155	京王電鉄・井の頭線
003778	参宮橋	35.678605	139.693585	小田急電鉄・小田原線
003779	日野	35.678675	139.393498	東日本旅客鉄道・中央線
003780	北参道	35.678237	139.705643	東京地下鉄・13号線副都心線
003781	永田町	35.678417	139.73897	東京地下鉄・11号線半蔵門線
003782	永田町	35.678364	139.739238	東京地下鉄・7号線南北線
003783	甲州街道	35.67825	139.409155	多摩都市モノレール・多摩都市モノレール線
003784	永田町	35.677862	139.741897	東京地下鉄・8号線有楽町線
003785	東京	35.677693	139.765207	東日本旅客鉄道・京葉線
003786	飯島	35.67759	137.928995	東海旅客鉄道・飯田線
003787	桜田門	35.677442	139.751814	東京地下鉄・8号線有楽町線
003788	赤坂見附	35.676833	139.737365	東京地下鉄・3号線銀座線
003789	赤坂見附	35.676833	139.737365	東京地下鉄・4号線丸ノ内線
003790	多磨	35.676825	139.51715	西武鉄道・多摩川線
003791	幡ヶ谷	35.67676	139.67772	京王電鉄・京王線
003792	京橋	35.676797	139.77017	東京地下鉄・3号線銀座線
003793	日比谷	35.67662	139.760145	東京都・6号線三田線
003794	永福町	35.676225	139.64267	京王電鉄・井の頭線
003795	有楽町	35.675962	139.762342	東京地下鉄・8号線有楽町線
003796	宝町	35.675666	139.772092	東京都・1号線浅草線
003797	八丁堀	35.67551	139.77742	東京地下鉄・2号線日比谷線
003798	有楽町	35.67504	139.76326	東日本旅客鉄道・東海道線
003799	国会議事堂前	35.674845	139.745342	東京地下鉄・4号線丸ノ内線
003800	八丁堀	35.67462	139.77819	東日本旅客鉄道・京葉線
003801	銀座一丁目	35.674498	139.766815	東京地下鉄・8号線有楽町線
003802	日比谷	35.674208	139.760693	東京地下鉄・2号線日比谷線
003803	霞ヶ関	35.674235	139.75268	東京地下鉄・4号線丸ノ内線
003804	日比谷	35.673955	139.758765	東京地下鉄・9号線千代田線
003805	霞ヶ関	35.673875	139.75106	東京地下鉄・2号線日比谷線
003806	笹塚	35.67366	139.667175	京王電鉄・京王線
003807	国会議事堂前	35.673543	139.743053	東京地下鉄・9号線千代田線
003808	春日居町	35.673465	138.65898	東日本旅客鉄道・中央線
003809	銀座	35.673195	139.763903	東京地下鉄・4号線丸ノ内線
003810	溜池山王	35.672933	139.74129	東京地下鉄・7号線南北線
003811	野尻	35.67304	137.636155	東海旅客鉄道・中央線
003812	青山一丁目	35.672947	139.724047	東京地下鉄・11号線半蔵門線
003813	青山一丁目	35.672867	139.724007	東京都・12号線大江戸線
003814	京成幕張本郷	35.67292	140.041675	京成電鉄・千葉線
003815	幕張本郷	35.67281	140.042188	東日本旅客鉄道・総武線
003816	勝沼ぶどう郷	35.672956	138.743256	東日本旅客鉄道・中央線
003817	青山一丁目	35.67278	139.724117	東京地下鉄・3号線銀座線
003818	門前仲町	35.672752	139.795106	東京都・12号線大江戸線
003819	南行徳	35.672832	139.902398	東京地下鉄・5号線東西線
003820	霞ヶ関	35.67256	139.75177	東京地下鉄・9号線千代田線
003821	府中	35.67219	139.4801	京王電鉄・京王線
003822	赤坂	35.672113	139.73644	東京地下鉄・9号線千代田線
003823	銀座	35.672016	139.763958	東京地下鉄・2号線日比谷線
003824	門前仲町	35.671828	139.796248	東京地下鉄・5号線東西線
003825	赤池	35.671795	136.961165	長良川鉄道・越美南線
003826	溜池山王	35.671547	139.74189	東京地下鉄・3号線銀座線
003827	銀座	35.671413	139.765277	東京地下鉄・3号線銀座線
003828	原宿	35.67132	139.702712	東日本旅客鉄道・山手線
003829	万願寺	35.671315	139.41986	多摩都市モノレール・多摩都市モノレール線
003830	代田橋	35.671075	139.659395	京王電鉄・京王線
003831	西府	35.670935	139.45739	東日本旅客鉄道・南武線
003832	芦花公園	35.670547	139.608403	京王電鉄・京王線
003833	新富町	35.670457	139.773773	東京地下鉄・8号線有楽町線
003834	外苑前	35.670375	139.717825	東京地下鉄・3号線銀座線
003835	虎ノ門	35.67016	139.75012	東京地下鉄・3号線銀座線
003836	八幡山	35.670075	139.61448	京王電鉄・京王線
003837	代々木八幡	35.669716	139.689044	小田急電鉄・小田原線
003838	東銀座	35.669652	139.767152	東京都・1号線浅草線
003839	東陽町	35.66959	139.81768	東京地下鉄・5号線東西線
003840	木場	35.669353	139.807123	東京地下鉄・5号線東西線
003841	北八王子	35.669275	139.3634	東日本旅客鉄道・八高線
003842	内幸町	35.669322	139.75541	東京都・6号線三田線
003843	東銀座	35.669323	139.767412	東京地下鉄・2号線日比谷線
003844	明治神宮前	35.669183	139.703797	東京地下鉄・9号線千代田線
003845	代々木公園	35.669123	139.68965	東京地下鉄・9号線千代田線
003846	明大前	35.669085	139.65038	京王電鉄・井の頭線
003847	代々木上原	35.668897	139.679632	東京地下鉄・9号線千代田線
003848	代々木上原	35.668897	139.679632	小田急電鉄・小田原線
003849	上北沢	35.668845	139.623415	京王電鉄・京王線
003850	東府中	35.66877	139.4954	京王電鉄・京王線
003851	東府中	35.66877	139.4954	京王電鉄・競馬場線
003852	竜王	35.668675	138.51935	東日本旅客鉄道・中央線
003853	分倍河原	35.66842	139.468915	東日本旅客鉄道・南武線
003854	南砂町	35.668415	139.831695	東京地下鉄・5号線東西線
003855	明大前	35.668357	139.65055	京王電鉄・京王線
003856	府中競馬正門前	35.668355	139.485165	京王電鉄・競馬場線
003857	明治神宮前	35.668217	139.70525	東京地下鉄・13号線副都心線
003858	分倍河原	35.668065	139.468355	京王電鉄・京王線
003859	越中島	35.668	139.792495	東日本旅客鉄道・京葉線
003860	築地	35.667985	139.772548	東京地下鉄・2号線日比谷線
003861	千歳烏山	35.667835	139.600375	京王電鉄・京王線
003862	桜上水	35.66764	139.631465	京王電鉄・京王線
003863	新習志野	35.6674	140.012975	東日本旅客鉄道・京葉線
003864	新橋	35.667488	139.758192	東京地下鉄・3号線銀座線
003865	網野	35.667323	135.025593	WILLER　TRAINS・宮津線
003866	虎ノ門ヒルズ	35.66733	139.747775	東京地下鉄・2号線日比谷線
003867	甲府	35.667125	138.56876	東日本旅客鉄道・中央線
003868	乃木坂	35.666593	139.726215	東京地下鉄・9号線千代田線
003869	甲府	35.66654	138.570365	東海旅客鉄道・身延線
003870	市川塩浜	35.666232	139.923525	東日本旅客鉄道・京葉線
003871	多磨霊園	35.66636	139.50212	京王電鉄・京王線
003872	新橋	35.66639	139.7582	東日本旅客鉄道・東海道線
003873	白糸台	35.666305	139.509525	西武鉄道・多摩川線
003874	下高井戸	35.666117	139.642026	京王電鉄・京王線
003875	浦安	35.665855	139.89314	東京地下鉄・5号線東西線
003876	府中本町	35.665847	139.477263	東日本旅客鉄道・南武線
003877	下高井戸	35.665855	139.64156	東急電鉄・世田谷線
003878	府中本町	35.665817	139.47709	東日本旅客鉄道・武蔵野線
003879	表参道	35.665623	139.711403	東京地下鉄・9号線千代田線
003880	東北沢	35.66544	139.67304	小田急電鉄・小田原線
003881	伊那本郷	35.665395	137.93249	東海旅客鉄道・飯田線
003882	新橋	35.665583	139.759587	ゆりかもめ・東京臨海新交通臨海線
003883	表参道	35.665163	139.7124	東京地下鉄・11号線半蔵門線
003884	六本木一丁目	35.665075	139.7389	東京地下鉄・7号線南北線
003885	表参道	35.665063	139.71249	東京地下鉄・3号線銀座線
003886	築地市場	35.66496	139.76675	東京都・12号線大江戸線
003887	汐留	35.66499	139.761332	東京都・12号線大江戸線
003888	新橋	35.664915	139.759017	東京都・1号線浅草線
003889	月島	35.6646	139.784523	東京地下鉄・8号線有楽町線
003890	西葛西	35.664583	139.859355	東京地下鉄・5号線東西線
003891	武蔵野台	35.664135	139.511305	京王電鉄・京王線
003892	六本木	35.664065	139.731275	東京都・12号線大江戸線
003893	月島	35.663847	139.784018	東京都・12号線大江戸線
003894	葛西	35.66363	139.872309	東京地下鉄・5号線東西線
003895	八街	35.663175	140.317415	東日本旅客鉄道・総武線
003896	汐留	35.662985	139.760075	ゆりかもめ・東京臨海新交通臨海線
003897	六本木	35.6628	139.731155	東京地下鉄・2号線日比谷線
003898	四街道	35.662908	140.1652	東日本旅客鉄道・総武線
003899	東松原	35.662636	139.655758	京王電鉄・井の頭線
003900	神谷町	35.662625	139.744725	東京地下鉄・2号線日比谷線
003901	新代田	35.662495	139.66139	京王電鉄・井の頭線
003902	飛騨金山	35.662485	137.164385	東海旅客鉄道・高山線
003903	仙川	35.66237	139.585223	京王電鉄・京王線
003904	高幡不動	35.662275	139.4131	京王電鉄・京王線
003905	高幡不動	35.662275	139.4131	京王電鉄・動物園線
003906	金手	35.662215	138.57887	東海旅客鉄道・身延線
003907	横芝	35.661785	140.490775	東日本旅客鉄道・総武線
003908	下北沢	35.661605	139.66657	京王電鉄・井の頭線
003909	下北沢	35.661445	139.667345	小田急電鉄・小田原線
003910	高幡不動	35.66129	139.415235	多摩都市モノレール・多摩都市モノレール線
003911	御成門	35.660977	139.751487	東京都・6号線三田線
003912	美並苅安	35.66081	136.95477	長良川鉄道・越美南線
003913	京成幕張	35.660562	140.056005	京成電鉄・千葉線
003914	池ノ上	35.66037	139.673455	京王電鉄・井の頭線
003915	松原	35.6602	139.641895	東急電鉄・世田谷線
003916	飛田給	35.659985	139.52366	京王電鉄・京王線
003917	善光寺	35.659835	138.589225	東海旅客鉄道・身延線
003918	酒折	35.659542	138.599522	東日本旅客鉄道・中央線
003919	幕張	35.659475	140.0579	東日本旅客鉄道・総武線
003920	中河原	35.659503	139.457505	京王電鉄・京王線
003921	豊田	35.659472	139.381487	東日本旅客鉄道・中央線
003922	渋谷	35.65945	139.701035	東京地下鉄・11号線半蔵門線
003923	渋谷	35.65945	139.701035	東急電鉄・田園都市線
003924	渋谷	35.659107	139.702705	東京地下鉄・3号線銀座線
003925	渋谷	35.659099	139.702584	東京地下鉄・13号線副都心線
003926	渋谷	35.659099	139.702584	東急電鉄・東横線
003927	勝どき	35.658933	139.777133	東京都・12号線大江戸線
003928	潮見	35.658865	139.81717	東日本旅客鉄道・京葉線
003929	駒場東大前	35.65867	139.684075	京王電鉄・井の頭線
003930	渋谷	35.658551	139.699863	京王電鉄・井の頭線
003931	世田谷代田	35.658355	139.6616	小田急電鉄・小田原線
003932	渋谷	35.658082	139.701724	東日本旅客鉄道・山手線
003933	つつじヶ丘	35.658	139.57519	京王電鉄・京王線
003934	京王八王子	35.65805	139.342977	京王電鉄・京王線
003935	石和温泉	35.657525	138.634485	東日本旅客鉄道・中央線
003936	百草園	35.657375	139.431375	京王電鉄・京王線
003937	西調布	35.65732	139.529505	京王電鉄・京王線
003938	神泉	35.65718	139.693252	京王電鉄・井の頭線
003939	大門	35.656678	139.755722	東京都・12号線大江戸線
003940	大門	35.65672	139.754682	東京都・1号線浅草線
003941	麻布十番	35.65649	139.736105	東京都・12号線大江戸線
003942	西八王子	35.656275	139.312005	東日本旅客鉄道・中央線
003943	競艇場前	35.65621	139.49966	西武鉄道・多摩川線
003944	是政	35.656185	139.48864	西武鉄道・多摩川線
003945	梅ヶ丘	35.65602	139.65355	小田急電鉄・小田原線
003946	モノレール浜松町	35.655745	139.75667	東京モノレール・東京モノレール羽田空港線
003947	八王子	35.655493	139.33888	東日本旅客鉄道・中央線
003948	八王子	35.655493	139.33888	東日本旅客鉄道・八高線
003949	浜松町	35.65541	139.757125	東日本旅客鉄道・東海道線
003950	程久保	35.65523	139.410755	多摩都市モノレール・多摩都市モノレール線
003951	豊洲	35.655128	139.79602	東京地下鉄・8号線有楽町線
003952	南平	35.65514	139.392575	京王電鉄・京王線
003953	八王子	35.655045	139.34025	東日本旅客鉄道・横浜線
003954	赤羽橋	35.65497	139.744195	東京都・12号線大江戸線
003955	麻布十番	35.65481	139.737045	東京地下鉄・7号線南北線
003956	七久保	35.65468	137.911375	東海旅客鉄道・飯田線
003957	山下	35.654246	139.646437	東急電鉄・世田谷線
003958	竹芝	35.654065	139.762015	ゆりかもめ・東京臨海新交通臨海線
003959	柴崎	35.65399	139.566625	京王電鉄・京王線
003960	豪徳寺	35.653703	139.646997	小田急電鉄・小田原線
003961	豊洲	35.653705	139.795435	ゆりかもめ・東京臨海新交通臨海線
003962	芝公園	35.653748	139.749765	東京都・6号線三田線
003963	佐津	35.653075	134.68583	西日本旅客鉄道・山陰線
003964	検見川	35.65251	140.06676	京成電鉄・千葉線
003965	新検見川	35.651823	140.073145	東日本旅客鉄道・総武線
003966	調布	35.65177	139.544735	京王電鉄・京王線
003967	調布	35.65177	139.544735	京王電鉄・相模原線
003968	鎧	35.651715	134.57524	西日本旅客鉄道・山陰線
003969	広尾	35.651783	139.722193	東京地下鉄・2号線日比谷線
003970	経堂	35.651308	139.637082	小田急電鉄・小田原線
003971	聖蹟桜ヶ丘	35.650787	139.446873	京王電鉄・京王線
003972	池尻大橋	35.65071	139.68471	東急電鉄・田園都市線
003973	国領	35.650185	139.55843	京王電鉄・京王線
003974	夕日ヶ浦木津温泉	35.650017	134.97248	WILLER　TRAINS・宮津線
003975	布田	35.64986	139.551715	京王電鉄・京王線
003976	竹野	35.64985	134.75646	西日本旅客鉄道・山陰線
003977	多摩動物公園	35.64964	139.405707	京王電鉄・動物園線
003978	新浦安	35.64952	139.91253	東日本旅客鉄道・京葉線
003979	日の出	35.64926	139.75916	ゆりかもめ・東京臨海新交通臨海線
003980	南多摩	35.649215	139.489545	東日本旅客鉄道・南武線
003981	新豊洲	35.64871	139.790115	ゆりかもめ・東京臨海新交通臨海線
003982	餘部	35.648705	134.556895	西日本旅客鉄道・山陰線
003983	多摩動物公園	35.648535	139.403815	多摩都市モノレール・多摩都市モノレール線
003984	海浜幕張	35.6484	140.041995	東日本旅客鉄道・京葉線
003985	代官山	35.64825	139.70349	東急電鉄・東横線
003986	三田	35.64822	139.7489	東京都・6号線三田線
003987	三田	35.647842	139.749344	東京都・1号線浅草線
003988	千歳船橋	35.647675	139.62453	小田急電鉄・小田原線
003989	宮の坂	35.64755	139.64492	東急電鉄・世田谷線
003990	平山城址公園	35.64731	139.379895	京王電鉄・京王線
003991	恵比寿	35.646915	139.70856	東京地下鉄・2号線日比谷線
003992	恵比寿	35.64668	139.710125	東日本旅客鉄道・山手線
003993	柴山	35.646549	134.663855	西日本旅客鉄道・山陰線
003994	福野	35.646355	136.95162	長良川鉄道・越美南線
003995	新木場	35.645995	139.826845	東日本旅客鉄道・京葉線
003996	若林	35.645925	139.65991	東急電鉄・世田谷線
003997	新木場	35.64583	139.8266	東京臨海高速鉄道・臨海副都心線
003998	新木場	35.64578	139.826605	東京地下鉄・8号線有楽町線
003999	辰巳	35.645775	139.81033	東京地下鉄・8号線有楽町線
004000	田町	35.64574	139.747605	東日本旅客鉄道・東海道線
004001	市場前	35.64569	139.78565	ゆりかもめ・東京臨海新交通臨海線
004002	十二兼	35.645302	137.617562	東海旅客鉄道・中央線
004003	敦賀	35.644702	136.07641	西日本旅客鉄道・小浜線
004004	敦賀	35.644692	136.076587	西日本旅客鉄道・北陸線
004005	高遠原	35.64463	137.900545	東海旅客鉄道・飯田線
004006	西太子堂	35.64452	139.66635	東急電鉄・世田谷線
004007	北野	35.644496	139.354154	京王電鉄・京王線
004008	北野	35.644496	139.354154	京王電鉄・高尾線
004009	京王片倉	35.64436	139.33696	京王電鉄・高尾線
004010	山田	35.644355	139.320755	京王電鉄・高尾線
004011	稲城長沼	35.644275	139.50261	東日本旅客鉄道・南武線
004012	葛西臨海公園	35.64417	139.861485	東日本旅客鉄道・京葉線
004013	京王多摩川	35.643942	139.536163	京王電鉄・相模原線
004014	中目黒	35.644188	139.698927	東京地下鉄・2号線日比谷線
004015	中目黒	35.644188	139.698927	東急電鉄・東横線
004016	三軒茶屋	35.644105	139.669185	東急電鉄・世田谷線
004017	松陰神社前	35.643885	139.65499	東急電鉄・世田谷線
004018	南甲府	35.643793	138.578237	東海旅客鉄道・身延線
004019	めじろ台	35.643644	139.308514	京王電鉄・高尾線
004020	上町	35.6436	139.646377	東急電鉄・世田谷線
004021	世田谷	35.643495	139.65084	東急電鉄・世田谷線
004022	三軒茶屋	35.643343	139.671158	東急電鉄・田園都市線
004023	スポーツセンター	35.64334	140.116245	千葉都市モノレール・2号線
004024	祖師ヶ谷大蔵	35.643265	139.609795	小田急電鉄・小田原線
004025	白金高輪	35.643145	139.734285	東京都・6号線三田線
004026	白金高輪	35.643145	139.734285	東京地下鉄・7号線南北線
004027	長沼	35.64278	139.36588	京王電鉄・京王線
004028	動物公園	35.642637	140.1255	千葉都市モノレール・2号線
004029	高尾	35.642375	139.282635	東日本旅客鉄道・中央線
004030	芝浦ふ頭	35.64222	139.75787	ゆりかもめ・東京臨海新交通臨海線
004031	中央大学・明星大学	35.641885	139.408725	多摩都市モノレール・多摩都市モノレール線
004032	矢野口	35.641735	139.520435	東日本旅客鉄道・南武線
004033	高尾	35.641655	139.28171	京王電鉄・高尾線
004034	東雲	35.64082	139.80416	東京臨海高速鉄道・臨海副都心線
004035	狭間	35.64059	139.293645	京王電鉄・高尾線
004036	成城学園前	35.640135	139.59908	小田急電鉄・小田原線
004037	有明テニスの森	35.63998	139.788895	ゆりかもめ・東京臨海新交通臨海線
004038	片倉	35.639675	139.341165	東日本旅客鉄道・横浜線
004039	穴川	35.63954	140.111885	千葉都市モノレール・2号線
004040	甲斐大和	35.639424	138.781452	東日本旅客鉄道・中央線
004041	みつわ台	35.638725	140.13489	千葉都市モノレール・2号線
004042	泉岳寺	35.63813	139.73973	東京都・1号線浅草線
004043	泉岳寺	35.63813	139.73973	京浜急行電鉄・本線
004044	白金台	35.63777	139.72586	東京都・6号線三田線
004045	白金台	35.63777	139.72586	東京地下鉄・7号線南北線
004046	大矢	35.63766	136.950245	長良川鉄道・越美南線
004047	稲毛	35.637715	140.092277	東日本旅客鉄道・総武線
004048	京成稲毛	35.63725	140.08571	京成電鉄・千葉線
004049	検見川浜	35.63717	140.059085	東日本旅客鉄道・京葉線
004050	祐天寺	35.63717	139.69075	東急電鉄・東横線
004051	大塚・帝京大学	35.63686	139.416445	多摩都市モノレール・多摩都市モノレール線
004052	甲斐住吉	35.636595	138.56994	東海旅客鉄道・身延線
004053	喜多見	35.636487	139.586743	小田急電鉄・小田原線
004054	松尾	35.636355	140.458075	東日本旅客鉄道・総武線
004055	舞浜	35.63616	139.88372	東日本旅客鉄道・京葉線
004056	稲城	35.636144	139.500234	京王電鉄・相模原線
004057	都賀	35.63602	140.149185	東日本旅客鉄道・総武線
004058	東京ディズニーランド･ステーション	35.635845	139.878445	舞浜リゾートライン・ディズニーリゾートライン
004059	香住	35.635558	134.623148	西日本旅客鉄道・山陰線
004060	都賀	35.635495	140.148745	千葉都市モノレール・2号線
004061	高輪ゲートウェイ	35.635379	139.740644	東日本旅客鉄道・東海道線
004062	樽見	35.635165	136.6158	樽見鉄道・樽見線
004063	リゾートゲートウェイ･ステーション	35.63511	139.88495	舞浜リゾートライン・ディズニーリゾートライン
004064	有明	35.63455	139.79334	ゆりかもめ・東京臨海新交通臨海線
004065	国際展示場	35.63441	139.791695	東京臨海高速鉄道・臨海副都心線
004066	京王稲田堤	35.634168	139.531943	京王電鉄・相模原線
004067	稲田堤	35.63341	139.535935	東日本旅客鉄道・南武線
004068	下油井	35.63327	137.183115	東海旅客鉄道・高山線
004069	駒沢大学	35.633035	139.660965	東急電鉄・田園都市線
004070	京王よみうりランド	35.632965	139.517202	京王電鉄・相模原線
004071	目黒	35.633406	139.715727	東日本旅客鉄道・山手線
004072	目黒	35.632485	139.71566	東京都・6号線三田線
004073	目黒	35.632485	139.71566	東京地下鉄・7号線南北線
004074	目黒	35.632485	139.71566	東急電鉄・目黒線
004075	高尾山口	35.63238	139.269815	京王電鉄・高尾線
004076	狛江	35.63225	139.577384	小田急電鉄・小田原線
004077	松が谷	35.631795	139.422035	多摩都市モノレール・多摩都市モノレール線
004078	桜新町	35.6317	139.645367	東急電鉄・田園都市線
004079	高輪台	35.631545	139.730192	東京都・1号線浅草線
004080	天台	35.63147	140.11284	千葉都市モノレール・2号線
004081	桜木	35.6314	140.160985	千葉都市モノレール・2号線
004082	八王子みなみ野	35.63126	139.330965	東日本旅客鉄道・横浜線
004083	清滝	35.63108	139.2667	高尾登山電鉄・高尾鋼索線
004084	高尾山	35.631075	139.256075	高尾登山電鉄・高尾鋼索線
004085	国母	35.63056	138.55205	東海旅客鉄道・身延線
004086	京王永山	35.630252	139.448165	京王電鉄・相模原線
004087	東京ビッグサイト	35.63021	139.7913	ゆりかもめ・東京臨海新交通臨海線
004088	小天橋	35.63012	134.92848	WILLER　TRAINS・宮津線
004089	中野島	35.63002	139.551075	東日本旅客鉄道・南武線
004090	小田急永山	35.629897	139.448132	小田急電鉄・多摩線
004091	お台場海浜公園	35.629805	139.77853	ゆりかもめ・東京臨海新交通臨海線
004092	品川	35.629564	139.740069	東海旅客鉄道・東海道新幹線
004093	稲毛海岸	35.62951	140.07396	東日本旅客鉄道・京葉線
004094	学芸大学	35.62877	139.68524	東急電鉄・東横線
004095	品川	35.628135	139.738535	東日本旅客鉄道・東海道線
004096	日向	35.628295	140.36243	東日本旅客鉄道・総武線
004097	品川	35.628135	139.738535	東日本旅客鉄道・山手線
004098	ベイサイド･ステーション	35.627855	139.876345	舞浜リゾートライン・ディズニーリゾートライン
004099	小倉台	35.627815	140.17184	千葉都市モノレール・2号線
004100	みなみ子宝温泉	35.627795	136.95066	長良川鉄道・越美南線
004101	品川	35.627714	139.738094	京浜急行電鉄・本線
004102	久谷	35.627575	134.5174	西日本旅客鉄道・山陰線
004103	千城台北	35.627555	140.18201	千葉都市モノレール・2号線
004104	伊那田島	35.627445	137.91024	東海旅客鉄道・飯田線
004105	和泉多摩川	35.627415	139.57372	小田急電鉄・小田原線
004106	東京ディズニーシー･ステーション	35.627235	139.88949	舞浜リゾートライン・ディズニーリゾートライン
004107	五反田	35.62711	139.724185	東京都・1号線浅草線
004108	東京テレポート	35.627085	139.77806	東京臨海高速鉄道・臨海副都心線
004109	用賀	35.62658	139.634247	東急電鉄・田園都市線
004110	五反田	35.62606	139.723696	東日本旅客鉄道・山手線
004111	峰山	35.625965	135.07213	WILLER　TRAINS・宮津線
004112	台場	35.62587	139.771375	ゆりかもめ・東京臨海新交通臨海線
004113	作草部	35.625785	140.11537	千葉都市モノレール・2号線
004114	不動前	35.625423	139.71315	東急電鉄・目黒線
004115	みどり台	35.625295	140.097325	京成電鉄・千葉線
004116	京王多摩センター	35.625225	139.424165	京王電鉄・相模原線
004117	五反田	35.62507	139.724067	東急電鉄・池上線
004118	小田急多摩センター	35.62493	139.424375	小田急電鉄・多摩線
004119	青海	35.6248	139.781315	ゆりかもめ・東京臨海新交通臨海線
004120	京王堀之内	35.624475	139.400325	京王電鉄・相模原線
004121	多摩センター	35.623855	139.422785	多摩都市モノレール・多摩都市モノレール線
004122	城崎温泉	35.623678	134.813458	西日本旅客鉄道・山陰線
004123	天王洲アイル	35.62287	139.750905	東京モノレール・東京モノレール羽田空港線
004124	西千葉	35.622627	140.103327	東日本旅客鉄道・総武線
004125	北品川	35.622426	139.73931	京浜急行電鉄・本線
004126	千城台	35.622355	140.188545	千葉都市モノレール・2号線
004127	大崎広小路	35.622305	139.722355	東急電鉄・池上線
004128	東京国際クルーズターミナル	35.621357	139.773103	ゆりかもめ・東京臨海新交通臨海線
004129	天王洲アイル	35.62072	139.750885	東京臨海高速鉄道・臨海副都心線
004130	登戸	35.620883	139.569392	小田急電鉄・小田原線
004131	登戸	35.62071	139.570207	東日本旅客鉄道・南武線
004132	浜坂	35.620615	134.452775	西日本旅客鉄道・山陰線
004133	武蔵小山	35.62051	139.70447	東急電鉄・目黒線
004134	八坂	35.620195	136.945075	長良川鉄道・越美南線
004135	大崎	35.619945	139.728245	東日本旅客鉄道・山手線
004136	大崎	35.61975	139.727895	東京臨海高速鉄道・臨海副都心線
004137	千葉公園	35.61971	140.11798	千葉都市モノレール・2号線
004138	諸寄	35.619605	134.43438	西日本旅客鉄道・山陰線
004139	若葉台	35.619365	139.47234	京王電鉄・相模原線
004140	上野原	35.618445	139.115405	東日本旅客鉄道・中央線
004141	はるひ野	35.61841	139.46498	小田急電鉄・多摩線
004142	西敦賀	35.61796	136.067755	西日本旅客鉄道・小浜線
004143	都立大学	35.61785	139.67644	東急電鉄・東横線
004144	テレコムセンター	35.617725	139.779665	ゆりかもめ・東京臨海新交通臨海線
004145	西登戸	35.617625	140.10287	京成電鉄・千葉線
004146	上片桐	35.6175	137.90407	東海旅客鉄道・飯田線
004147	水鳥	35.61749	136.620825	樽見鉄道・樽見線
004148	相模湖	35.617315	139.188525	東日本旅客鉄道・中央線
004149	粟野	35.617295	136.027175	西日本旅客鉄道・小浜線
004150	向ヶ丘遊園	35.61728	139.56461	小田急電鉄・小田原線
004151	東千葉	35.616977	140.122193	東日本旅客鉄道・総武線
004152	常永	35.61704	138.533125	東海旅客鉄道・身延線
004153	新馬場	35.616662	139.741498	京浜急行電鉄・本線
004154	唐木田	35.616565	139.411675	小田急電鉄・多摩線
004155	戸越銀座	35.61601	139.715	東急電鉄・池上線
004156	藤野	35.615995	139.15133	東日本旅客鉄道・中央線
004157	西小山	35.615435	139.69871	東急電鉄・目黒線
004158	宿河原	35.61542	139.579545	東日本旅客鉄道・南武線
004159	生田	35.61494	139.5418	小田急電鉄・小田原線
004160	読売ランド前	35.614735	139.52804	小田急電鉄・小田原線
004161	戸越	35.614425	139.716375	東京都・1号線浅草線
004162	四方津	35.614133	139.07357	東日本旅客鉄道・中央線
004163	南大沢	35.614072	139.3798	京王電鉄・相模原線
004164	東美浜	35.61407	135.98567	西日本旅客鉄道・小浜線
004165	千葉	35.613556	140.11349	東日本旅客鉄道・総武線
004166	大月	35.613083	138.942153	東日本旅客鉄道・中央線
004167	千葉	35.613282	140.112875	東日本旅客鉄道・外房線
004168	黒川	35.613138	139.47075	小田急電鉄・多摩線
004169	栄町	35.612965	140.11867	千葉都市モノレール・1号線
004170	猿橋	35.612723	138.967923	東日本旅客鉄道・中央線
004171	大月	35.612675	138.941945	富士山麓電気鉄道・大月線
004172	新千葉	35.612465	140.108625	京成電鉄・千葉線
004173	千葉	35.612082	140.114023	千葉都市モノレール・1号線
004174	千葉	35.612082	140.114023	千葉都市モノレール・2号線
004175	上野毛	35.61199	139.638913	東急電鉄・大井町線
004176	京成千葉	35.61162	140.114355	京成電鉄・千葉線
004177	二子玉川	35.611515	139.626494	東急電鉄・大井町線
004178	二子玉川	35.611515	139.626494	東急電鉄・田園都市線
004179	久地	35.610105	139.593075	東日本旅客鉄道・南武線
004180	洗足	35.61009	139.694105	東急電鉄・目黒線
004181	荏原中延	35.6099	139.71203	東急電鉄・池上線
004182	品川シーサイド	35.60979	139.749795	東京臨海高速鉄道・臨海副都心線
004183	上大月	35.6094	138.93807	富士山麓電気鉄道・大月線
004184	青物横丁	35.60919	139.743135	京浜急行電鉄・本線
004185	百合ヶ丘	35.609025	139.51608	小田急電鉄・小田原線
004186	戸越公園	35.60893	139.71839	東急電鉄・大井町線
004187	葭川公園	35.608865	140.120075	千葉都市モノレール・1号線
004188	下神明	35.60871	139.72631	東急電鉄・大井町線
004189	成東	35.608535	140.41028	東日本旅客鉄道・総武線
004190	成東	35.608535	140.41028	東日本旅客鉄道・東金線
004191	等々力	35.60837	139.64796	東急電鉄・大井町線
004192	鳥沢	35.60804	139.003485	東日本旅客鉄道・中央線
004193	大井町	35.607717	139.73401	東急電鉄・大井町線
004194	千葉中央	35.607475	140.117765	京成電鉄・千原線
004195	千葉中央	35.607475	140.117765	京成電鉄・千葉線
004196	自由が丘	35.607395	139.66897	東急電鉄・大井町線
004197	大井町	35.607385	139.734355	東京臨海高速鉄道・臨海副都心線
004198	二子新地	35.607273	139.622683	東急電鉄・田園都市線
004199	自由が丘	35.607298	139.668712	東急電鉄・東横線
004200	大岡山	35.6072	139.684827	東急電鉄・目黒線
004201	千葉みなと	35.607095	140.10278	千葉都市モノレール・1号線
004202	大岡山	35.60707	139.684857	東急電鉄・大井町線
004203	市役所前	35.606973	140.10759	千葉都市モノレール・1号線
004204	居組	35.60701	134.393855	西日本旅客鉄道・山陰線
004205	尾山台	35.606935	139.65412	東急電鉄・大井町線
004206	相原	35.60693	139.33168	東日本旅客鉄道・横浜線
004207	大井町	35.60707	139.735013	東日本旅客鉄道・東海道線
004208	かぶと山	35.60679	134.919925	WILLER　TRAINS・宮津線
004209	千葉みなと	35.60671	140.102795	東日本旅客鉄道・京葉線
004210	緑が丘	35.606475	139.67915	東急電鉄・大井町線
004211	木尾	35.606325	136.938545	長良川鉄道・越美南線
004212	北千束	35.60628	139.69327	東急電鉄・大井町線
004213	梁川	35.606265	139.0373	東日本旅客鉄道・中央線
004214	栗平	35.60575	139.481295	小田急電鉄・多摩線
004215	中延	35.60572	139.71255	東急電鉄・大井町線
004216	九品仏	35.605375	139.66101	東急電鉄・大井町線
004217	美浜	35.605235	135.936615	西日本旅客鉄道・小浜線
004218	中延	35.605175	139.71359	東京都・1号線浅草線
004219	旗の台	35.605135	139.703315	東急電鉄・池上線
004220	鮫洲	35.60507	139.742445	京浜急行電鉄・本線
004221	旗の台	35.60493	139.70221	東急電鉄・大井町線
004222	小井川	35.60453	138.528545	東海旅客鉄道・身延線
004223	奥沢	35.603945	139.67241	東急電鉄・目黒線
004224	笹子	35.603957	138.825255	東日本旅客鉄道・中央線
004225	荏原町	35.60381	139.707545	東急電鉄・大井町線
004226	県庁前	35.6038	140.12215	千葉都市モノレール・1号線
004227	新百合ヶ丘	35.603705	139.507475	小田急電鉄・小田原線
004228	新百合ヶ丘	35.603705	139.507475	小田急電鉄・多摩線
004229	津田山	35.60365	139.60072	東日本旅客鉄道・南武線
004230	高津	35.60346	139.617665	東急電鉄・田園都市線
004231	久美浜	35.60227	134.89499	WILLER　TRAINS・宮津線
004232	長原	35.60223	139.69797	東急電鉄・池上線
004233	高尾	35.601795	136.625855	樽見鉄道・樽見線
004234	多摩境	35.601798	139.36697	京王電鉄・相模原線
004235	西大井	35.601766	139.721636	東日本旅客鉄道・東海道線
004236	本千葉	35.60039	140.121533	東日本旅客鉄道・外房線
004237	五月台	35.60023	139.493385	小田急電鉄・多摩線
004238	溝の口	35.599777	139.61054	東急電鉄・田園都市線
004239	洗足池	35.599675	139.690925	東急電鉄・池上線
004240	東浜	35.59951	134.362355	西日本旅客鉄道・山陰線
004241	南木曽	35.599043	137.6087	東海旅客鉄道・中央線
004242	武蔵溝ノ口	35.598815	139.611375	東日本旅客鉄道・南武線
004243	母野	35.598593	136.941933	長良川鉄道・越美南線
004244	立会川	35.598505	139.738945	京浜急行電鉄・本線
004245	田園調布	35.59729	139.667285	東急電鉄・東横線
004246	田園調布	35.59729	139.667285	東急電鉄・目黒線
004247	石川台	35.59686	139.68509	東急電鉄・池上線
004248	馬込	35.596367	139.711837	東京都・1号線浅草線
004249	伊那大島	35.5957	137.913215	東海旅客鉄道・飯田線
004250	橋本	35.59521	139.34354	京王電鉄・相模原線
004251	大井競馬場前	35.59503	139.7472	東京モノレール・東京モノレール羽田空港線
004252	東花輪	35.59485	138.527025	東海旅客鉄道・身延線
004253	橋本	35.59488	139.34502	東日本旅客鉄道・横浜線
004254	橋本	35.59488	139.34502	東日本旅客鉄道・相模線
004255	初狩	35.594353	138.88371	東日本旅客鉄道・中央線
004256	新疋田	35.59421	136.10069	西日本旅客鉄道・北陸線
004257	梶が谷	35.593785	139.605717	東急電鉄・田園都市線
004258	田野倉	35.593475	138.931205	富士山麓電気鉄道・大月線
004259	雪が谷大塚	35.591965	139.681125	東急電鉄・池上線
004260	千葉寺	35.59036	140.13217	京成電鉄・千原線
004261	多摩川	35.58941	139.66876	東急電鉄・東急多摩川線
004262	多摩川	35.58941	139.66876	東急電鉄・東横線
004263	柿生	35.58957	139.49755	小田急電鉄・小田原線
004264	大森	35.58885	139.728107	東日本旅客鉄道・東海道線
004265	洲原	35.588833	136.944823	長良川鉄道・越美南線
004266	玄武洞	35.588608	134.799338	西日本旅客鉄道・山陰線
004267	田立	35.588233	137.54903	東海旅客鉄道・中央線
004268	大森海岸	35.58741	139.735308	京浜急行電鉄・本線
004269	武蔵新城	35.587415	139.62909	東日本旅客鉄道・南武線
004270	西馬込	35.587305	139.70632	東京都・1号線浅草線
004271	宮崎台	35.58709	139.59085	東急電鉄・田園都市線
004272	傘松	35.586205	135.195825	丹後海陸交通・天橋立鋼索鉄道
004273	御嶽山	35.585153	139.68242	東急電鉄・池上線
004274	宮前平	35.58496	139.582255	東急電鉄・田園都市線
004275	気山	35.58491	135.909665	西日本旅客鉄道・小浜線
004276	大森台	35.58399	140.14957	京成電鉄・千原線
004277	府中	35.583365	135.195275	丹後海陸交通・天橋立鋼索鉄道
004278	鶴川	35.58311	139.481825	小田急電鉄・小田原線
004279	沼部	35.58249	139.67317	東急電鉄・東急多摩川線
004280	日当	35.582285	136.63159	樽見鉄道・樽見線
004281	蘇我	35.582323	140.130653	東日本旅客鉄道・外房線
004282	蘇我	35.582323	140.130653	東日本旅客鉄道・京葉線
004283	蘇我	35.582323	140.130653	東日本旅客鉄道・内房線
004284	相模原	35.581488	139.370622	東日本旅客鉄道・横浜線
004285	流通センター	35.581445	139.749185	東京モノレール・東京モノレール羽田空港線
004286	武蔵中原	35.58056	139.64214	東日本旅客鉄道・南武線
004287	新丸子	35.58046	139.66194	東急電鉄・東横線
004288	南橋本	35.5804	139.35242	東日本旅客鉄道・相模線
004289	求名	35.579845	140.396175	東日本旅客鉄道・東金線
004290	鷺沼	35.579613	139.573025	東急電鉄・田園都市線
004291	京丹後大宮	35.579665	135.093965	WILLER　TRAINS・宮津線
004292	久が原	35.579455	139.68567	東急電鉄・池上線
004293	白川口	35.579375	137.18484	東海旅客鉄道・高山線
004294	平和島	35.578654	139.734934	京浜急行電鉄・本線
004295	山吹	35.577775	137.903345	東海旅客鉄道・飯田線
004296	たまプラーザ	35.577405	139.55865	東急電鉄・田園都市線
004297	武蔵小杉	35.576563	139.659807	東日本旅客鉄道・南武線
004298	武蔵小杉	35.575943	139.659727	東急電鉄・東横線
004299	鵜の木	35.575385	139.68055	東急電鉄・東急多摩川線
004300	禾生	35.575195	138.92924	富士山麓電気鉄道・大月線
004301	武蔵小杉	35.574875	139.663382	東日本旅客鉄道・東海道線
004302	坂下	35.574577	137.531177	東海旅客鉄道・中央線
004303	岩美	35.57417	134.33556	西日本旅客鉄道・山陰線
004304	矢部	35.57309	139.38655	東日本旅客鉄道・横浜線
004305	千鳥町	35.573	139.69142	東急電鉄・池上線
004306	下平	35.572585	137.89591	東海旅客鉄道・飯田線
004307	大森町	35.5725	139.73201	京浜急行電鉄・本線
004308	向河原	35.572175	139.667295	東日本旅客鉄道・南武線
004309	池上	35.571945	139.702843	東急電鉄・池上線
004310	下丸子	35.571325	139.68549	東急電鉄・東急多摩川線
004311	湯の洞温泉口	35.57131	136.9313	長良川鉄道・越美南線
004312	昭和島	35.57067	139.749927	東京モノレール・東京モノレール羽田空港線
004313	甲斐上野	35.569577	138.520623	東海旅客鉄道・身延線
004314	あざみ野	35.56878	139.553547	東急電鉄・田園都市線
004315	淵野辺	35.568494	139.395334	東日本旅客鉄道・横浜線
004316	あざみ野	35.567955	139.554155	横浜市・3号線
004317	武蔵新田	35.567755	139.692435	東急電鉄・東急多摩川線
004318	大岩	35.56685	134.308565	西日本旅客鉄道・山陰線
004319	梅屋敷	35.566785	139.72817	京浜急行電鉄・本線
004320	赤坂	35.566045	138.916075	富士山麓電気鉄道・大月線
004321	鍋原	35.5658	136.636655	樽見鉄道・樽見線
004322	元住吉	35.565705	139.654715	東急電鉄・東横線
004323	蓮沼	35.56396	139.7086	東急電鉄・池上線
004324	玉川学園前	35.56351	139.46344	小田急電鉄・小田原線
004325	中川	35.563085	139.56968	横浜市・3号線
004326	芦川	35.563075	138.511255	東海旅客鉄道・身延線
004327	鎌取	35.562713	140.178675	東日本旅客鉄道・外房線
004328	蒲田	35.562485	139.71603	東日本旅客鉄道・東海道線
004329	矢口渡	35.56245	139.70034	東急電鉄・東急多摩川線
004330	蒲田	35.56177	139.71459	東急電鉄・池上線
004331	京急蒲田	35.561699	139.724329	京浜急行電鉄・空港線
004332	京急蒲田	35.561699	139.724329	京浜急行電鉄・本線
004333	蒲田	35.56165	139.71468	東急電鉄・東急多摩川線
004334	北山田	35.56109	139.592747	横浜市・4号線
004335	市川本町	35.56063	138.50202	東海旅客鉄道・身延線
004336	平間	35.560565	139.671095	東日本旅客鉄道・南武線
004337	市川大門	35.560465	138.493205	東海旅客鉄道・身延線
004338	学園前	35.560468	140.1584	京成電鉄・千原線
004339	東金	35.560095	140.3636	東日本旅客鉄道・東金線
004340	江田	35.558535	139.55141	東急電鉄・田園都市線
004341	こどもの国	35.558	139.486665	東急電鉄・こどもの国線
004342	上溝	35.557617	139.36315	東日本旅客鉄道・相模線
004343	天橋立	35.557375	135.182875	WILLER　TRAINS・宮津線
004344	都留市	35.557205	138.907455	富士山麓電気鉄道・大月線
004345	古淵	35.55598	139.41924	東日本旅客鉄道・横浜線
004346	高科	35.55573	136.640175	樽見鉄道・樽見線
004347	三方	35.555425	135.909415	西日本旅客鉄道・小浜線
004348	整備場	35.5551	139.75336	東京モノレール・東京モノレール羽田空港線
004349	糀谷	35.55445	139.72959	京浜急行電鉄・空港線
004350	東山田	35.55421	139.60604	横浜市・4号線
004351	日吉	35.55399	139.64703	東急電鉄・東横線
004352	日吉	35.553325	139.64684	横浜市・4号線
004353	センター北	35.553205	139.578215	横浜市・3号線
004354	センター北	35.553005	139.57834	横浜市・4号線
004355	コウノトリの郷	35.552835	134.83551	WILLER　TRAINS・宮津線
004356	大鳥居	35.55232	139.740225	京浜急行電鉄・空港線
004357	浜野	35.5521	140.132185	東日本旅客鉄道・内房線
004358	新川崎	35.551588	139.671604	東日本旅客鉄道・東海道線
004359	鹿島田	35.551455	139.67498	東日本旅客鉄道・南武線
004360	市が尾	35.551265	139.54126	東急電鉄・田園都市線
004361	羽田空港第2ターミナル	35.550795	139.7882	東京モノレール・東京モノレール羽田空港線
004362	谷村町	35.5506	138.90463	富士山麓電気鉄道・大月線
004363	岩滝口	35.550345	135.15133	WILLER　TRAINS・宮津線
004364	穴守稲荷	35.550333	139.746717	京浜急行電鉄・空港線
004365	おゆみ野	35.550018	140.16634	京成電鉄・千原線
004366	日吉本町	35.549913	139.633334	横浜市・4号線
004367	雑色	35.549775	139.715035	京浜急行電鉄・本線
004368	羽田空港第1・第2ターミナル	35.5498	139.786025	京浜急行電鉄・空港線
004369	梅山	35.549695	136.91795	長良川鉄道・越美南線
004370	高田	35.54955	139.62059	横浜市・4号線
004371	市田	35.54935	137.88658	東海旅客鉄道・飯田線
004372	羽田空港第1ターミナル	35.54914	139.78461	東京モノレール・東京モノレール羽田空港線
004373	天空橋	35.548355	139.7546	東京モノレール・東京モノレール羽田空港線
004374	天空橋	35.548153	139.75462	京浜急行電鉄・空港線
004375	誉田	35.547	140.213785	東日本旅客鉄道・外房線
004376	福俵	35.546165	140.341875	東日本旅客鉄道・東金線
004377	恩田	35.54558	139.49218	東急電鉄・こどもの国線
004378	福部	35.54558	134.28731	西日本旅客鉄道・山陰線
004379	番田	35.545383	139.36311	東日本旅客鉄道・相模線
004380	センター南	35.545167	139.574215	横浜市・3号線
004381	センター南	35.545215	139.574515	横浜市・4号線
004382	羽田空港第3ターミナル	35.54498	139.767066	京浜急行電鉄・空港線
004383	豊岡	35.544935	134.813325	WILLER　TRAINS・宮津線
004384	境港	35.54469	133.22301	西日本旅客鉄道・境線
004385	下市田	35.544157	137.87634	東海旅客鉄道・飯田線
004386	豊岡	35.54407	134.813545	西日本旅客鉄道・山陰線
004387	町田	35.543845	139.445002	小田急電鉄・小田原線
004388	羽田空港第3ターミナル	35.543913	139.768584	東京モノレール・東京モノレール羽田空港線
004389	栗田	35.54368	135.235295	WILLER　TRAINS・宮津線
004390	与謝野	35.543465	135.1265	WILLER　TRAINS・宮津線
004391	藤が丘	35.5434	139.52758	東急電鉄・田園都市線
004392	青葉台	35.542855	139.5173	東急電鉄・田園都市線
004393	新整備場	35.542793	139.786798	東京モノレール・東京モノレール羽田空港線
004394	神海	35.54277	136.641375	樽見鉄道・樽見線
004395	都留文科大学前	35.542585	138.89663	富士山麓電気鉄道・大月線
004396	町田	35.541545	139.44659	東日本旅客鉄道・横浜線
004397	鰍沢口	35.541415	138.47088	東海旅客鉄道・身延線
004398	上麻生	35.541303	137.118785	東海旅客鉄道・高山線
004399	六郷土手	35.54053	139.707565	京浜急行電鉄・本線
004400	近江塩津	35.53971	136.151385	西日本旅客鉄道・湖西線
004401	近江塩津	35.53971	136.151385	西日本旅客鉄道・北陸線
004402	美濃市	35.53965	136.915635	長良川鉄道・越美南線
004403	矢向	35.53946	139.68038	東日本旅客鉄道・南武線
004404	十日市場	35.53887	138.887465	富士山麓電気鉄道・大月線
004405	馬場崎町	35.538515	133.22655	西日本旅客鉄道・境線
004406	綱島	35.536815	139.634795	東急電鉄・東横線
004407	大師橋	35.536605	139.740445	京浜急行電鉄・大師線
004408	東門前	35.53659	139.734325	京浜急行電鉄・大師線
004409	都筑ふれあいの丘	35.536556	139.561301	横浜市・4号線
004410	東桂	35.536245	138.87045	富士山麓電気鉄道・大月線
004411	八幡宿	35.53616	140.120035	東日本旅客鉄道・内房線
004412	田奈	35.535922	139.504593	東急電鉄・田園都市線
004413	川崎大師	35.53577	139.725995	京浜急行電鉄・大師線
004414	成瀬	35.53538	139.472967	東日本旅客鉄道・横浜線
004415	鈴木町	35.53538	139.720655	京浜急行電鉄・大師線
004416	仲町台	35.535315	139.589515	横浜市・3号線
004417	港町	35.535065	139.71262	京浜急行電鉄・大師線
004418	小島新田	35.53464	139.747555	京浜急行電鉄・大師線
004419	宮津	35.53444	135.199975	WILLER　TRAINS・宮津線
004420	宮津	35.53444	135.199975	WILLER　TRAINS・宮福線
004421	余呉	35.533887	136.198267	西日本旅客鉄道・北陸線
004422	元善光寺	35.533855	137.861425	東海旅客鉄道・飯田線
004423	ちはら台	35.53369	140.170122	京成電鉄・千原線
004424	京急川崎	35.53301	139.70094	京浜急行電鉄・大師線
004425	京急川崎	35.53301	139.70094	京浜急行電鉄・本線
004426	相模大野	35.5322	139.437885	小田急電鉄・江ノ島線
004427	相模大野	35.5322	139.437885	小田急電鉄・小田原線
004428	藤井	35.53217	135.906315	西日本旅客鉄道・小浜線
004429	長津田	35.53193	139.4941	東急電鉄・こどもの国線
004430	長津田	35.53183	139.494245	東急電鉄・田園都市線
004431	長津田	35.531633	139.495258	東日本旅客鉄道・横浜線
004432	川崎	35.531365	139.69681	東日本旅客鉄道・東海道線
004433	川崎	35.531365	139.69681	東日本旅客鉄道・南武線
004434	上道	35.531185	133.230835	西日本旅客鉄道・境線
004435	尻手	35.530975	139.6843	東日本旅客鉄道・南武線
004436	土気	35.530903	140.26982	東日本旅客鉄道・外房線
004437	原当麻	35.528995	139.375365	東日本旅客鉄道・相模線
004438	川和町	35.528445	139.548975	横浜市・4号線
004439	新羽	35.52726	139.612053	横浜市・3号線
004440	谷汲口	35.527243	136.64217	樽見鉄道・樽見線
004441	つくし野	35.527065	139.48494	東急電鉄・田園都市線
004442	松森	35.526775	136.915415	長良川鉄道・越美南線
004443	十日市場	35.52621	139.51667	東日本旅客鉄道・横浜線
004444	落合川	35.52532	137.530057	東海旅客鉄道・中央線
004445	三つ峠	35.524253	138.84537	富士山麓電気鉄道・大月線
004446	末恒	35.523975	134.135705	西日本旅客鉄道・山陰線
004447	宮村	35.523345	135.192245	WILLER　TRAINS・宮福線
004448	八丁畷	35.52307	139.691375	東日本旅客鉄道・南武線
004449	八丁畷	35.523025	139.69145	京浜急行電鉄・本線
004450	大網	35.523015	140.311477	東日本旅客鉄道・東金線
004451	大網	35.522388	140.311138	東日本旅客鉄道・外房線
004452	大倉山	35.522432	139.629826	東急電鉄・東横線
004453	桜町	35.52218	137.82976	東海旅客鉄道・飯田線
004454	余子	35.52128	133.236555	西日本旅客鉄道・境線
004455	中山口	35.520795	133.59025	西日本旅客鉄道・山陰線
004456	伊那上郷	35.520175	137.83903	東海旅客鉄道・飯田線
004457	東林間	35.520193	139.439025	小田急電鉄・江ノ島線
004458	飯田	35.51972	137.821265	東海旅客鉄道・飯田線
004459	北新横浜	35.519215	139.61285	横浜市・3号線
004460	下市	35.51881	133.566375	西日本旅客鉄道・山陰線
004461	川崎新町	35.518325	139.69926	東日本旅客鉄道・南武線
004462	下溝	35.51832	139.38051	東日本旅客鉄道・相模線
004463	鳥取大学前	35.51816	134.173855	西日本旅客鉄道・山陰線
004464	木知原	35.517955	136.64967	樽見鉄道・樽見線
004465	鶴見市場	35.51759	139.68649	京浜急行電鉄・本線
004466	すずかけ台	35.517097	139.481747	東急電鉄・田園都市線
004467	青谷	35.516115	133.995685	西日本旅客鉄道・山陰線
004468	十村	35.516045	135.89667	西日本旅客鉄道・小浜線
004469	丹後由良	35.515803	135.27948	WILLER　TRAINS・宮津線
004470	小田急相模原	35.515555	139.423025	小田急電鉄・小田原線
004471	高松町	35.51544	133.23994	西日本旅客鉄道・境線
004472	下麻生	35.514923	137.087107	東海旅客鉄道・高山線
004473	中山	35.51468	139.539388	東日本旅客鉄道・横浜線
004474	中山	35.51474	139.540265	横浜市・4号線
004475	小田栄	35.514417	139.705076	東日本旅客鉄道・南武線
004476	宝木	35.51408	134.08245	西日本旅客鉄道・山陰線
004477	関下有知	35.513525	136.91458	長良川鉄道・越美南線
004478	湖山	35.513515	134.186255	西日本旅客鉄道・山陰線
004479	五井	35.513115	140.089745	東日本旅客鉄道・内房線
004480	五井	35.513115	140.089745	小湊鐵道・小湊鐵道線
004481	切石	35.5124	137.809145	東海旅客鉄道・飯田線
004482	赤碕	35.512315	133.634505	西日本旅客鉄道・山陰線
004483	御来屋	35.512175	133.50305	西日本旅客鉄道・山陰線
004484	南町田グランベリーパーク	35.511515	139.47044	東急電鉄・田園都市線
004485	鴨居	35.51085	139.56695	東日本旅客鉄道・横浜線
004486	つきみ野	35.510517	139.458557	東急電鉄・田園都市線
004487	菊名	35.510513	139.631307	東急電鉄・東横線
004488	浜川崎	35.510385	139.71378	東日本旅客鉄道・南武線
004489	浜川崎	35.50966	139.713535	東日本旅客鉄道・鶴見線
004490	菊名	35.509635	139.63024	東日本旅客鉄道・横浜線
004491	浜村	35.50937	134.05073	西日本旅客鉄道・山陰線
004492	喜多	35.509215	135.18777	WILLER　TRAINS・宮福線
004493	新横浜	35.509055	139.617245	横浜市・3号線
004494	泊	35.50896	133.936425	西日本旅客鉄道・山陰線
004495	小机	35.508635	139.59962	東日本旅客鉄道・横浜線
004496	鶴見	35.50854	139.676257	東日本旅客鉄道・東海道線
004497	寿	35.50845	138.82557	富士山麓電気鉄道・大月線
004498	中央林間	35.508005	139.4441	小田急電鉄・江ノ島線
004499	鶴見	35.50794	139.67579	東日本旅客鉄道・鶴見線
004500	中央林間	35.50781	139.445115	東急電鉄・田園都市線
004501	新横浜	35.506982	139.617195	東海旅客鉄道・東海道新幹線
004502	名和	35.507285	133.49197	西日本旅客鉄道・山陰線
004503	昭和	35.506892	139.723932	東日本旅客鉄道・鶴見線
004504	新横浜	35.506765	139.617425	東日本旅客鉄道・横浜線
004505	鼎	35.506705	137.82836	東海旅客鉄道・飯田線
004506	京急鶴見	35.506665	139.677587	京浜急行電鉄・本線
004507	丹後神崎	35.50653	135.293675	WILLER　TRAINS・宮津線
004508	中浜	35.50636	133.245185	西日本旅客鉄道・境線
004509	木ノ本	35.50618	136.221585	西日本旅客鉄道・北陸線
004510	大鳥羽	35.504855	135.866945	西日本旅客鉄道・小浜線
004511	下山村	35.504205	137.83974	東海旅客鉄道・飯田線
004512	落居	35.50358	138.471245	東海旅客鉄道・身延線
004513	永田	35.503343	140.311283	東日本旅客鉄道・外房線
004514	八橋	35.503097	133.673587	西日本旅客鉄道・山陰線
004515	葭池温泉前	35.50216	138.812175	富士山麓電気鉄道・大月線
004516	米子空港	35.501987	133.247889	西日本旅客鉄道・境線
004517	武蔵白石	35.50193	139.70653	東日本旅客鉄道・鶴見線
004518	扇町	35.50174	139.72242	東日本旅客鉄道・鶴見線
004519	国道	35.50077	139.67571	東日本旅客鉄道・鶴見線
004520	花月総持寺	35.500325	139.67286	京浜急行電鉄・本線
004521	中津川	35.500147	137.50281	東海旅客鉄道・中央線
004522	安善	35.49984	139.701245	東日本旅客鉄道・鶴見線
004523	浦安	35.49966	133.693245	西日本旅客鉄道・山陰線
004524	織部	35.499645	136.66709	樽見鉄道・樽見線
004525	相武台前	35.49936	139.408545	小田急電鉄・小田原線
004526	関市役所前	35.499035	136.912845	長良川鉄道・越美南線
004527	永原	35.498935	136.122493	西日本旅客鉄道・湖西線
004528	妙蓮寺	35.498775	139.633305	東急電鉄・東横線
004529	河口湖	35.49798	138.76938	富士山麓電気鉄道・河口湖線
004530	下吉田	35.497965	138.803765	富士山麓電気鉄道・大月線
004531	浅野	35.497605	139.695675	東日本旅客鉄道・鶴見線
004532	鶴見小野	35.49702	139.681275	東日本旅客鉄道・鶴見線
004533	伊那八幡	35.49675	137.841545	東海旅客鉄道・飯田線
004534	国府	35.496375	134.800055	西日本旅客鉄道・山陰線
004535	上総村上	35.49612	140.100425	小湊鐵道・小湊鐵道線
004536	弁天橋	35.495795	139.689485	東日本旅客鉄道・鶴見線
004537	南林間	35.4956	139.448005	小田急電鉄・江ノ島線
004538	生麦	35.4956	139.667335	京浜急行電鉄・本線
004539	岸根公園	35.49551	139.616545	横浜市・3号線
004540	大川	35.495405	139.71138	東日本旅客鉄道・鶴見線
004541	鳥取	35.49422	134.226085	西日本旅客鉄道・因美線
004542	鳥取	35.49422	134.226085	西日本旅客鉄道・山陰線
004543	月江寺	35.493325	138.79798	富士山麓電気鉄道・大月線
004544	相武台下	35.492775	139.38632	東日本旅客鉄道・相模線
004545	甲斐岩間	35.49251	138.463075	東海旅客鉄道・身延線
004546	大口	35.492295	139.646335	東日本旅客鉄道・横浜線
004547	新芝浦	35.491915	139.700125	東日本旅客鉄道・鶴見線
004548	小浜	35.491645	135.745645	西日本旅客鉄道・小浜線
004549	鶴間	35.49057	139.45064	小田急電鉄・江ノ島線
004550	由良	35.490237	133.7545	西日本旅客鉄道・山陰線
004551	片倉町	35.49	139.60643	横浜市・3号線
004552	関	35.489965	136.91284	長良川鉄道・越美南線
004553	富士急ハイランド	35.489537	138.781817	富士山麓電気鉄道・河口湖線
004554	白楽	35.489503	139.627921	東急電鉄・東横線
004555	大篠津町	35.488895	133.2559	西日本旅客鉄道・境線
004556	三松	35.48866	135.520495	西日本旅客鉄道・小浜線
004557	若狭和田	35.48863	135.581505	西日本旅客鉄道・小浜線
004558	本巣	35.4879	136.669895	樽見鉄道・樽見線
004559	毛賀	35.48744	137.839385	東海旅客鉄道・飯田線
004560	京急新子安	35.48722	139.65585	京浜急行電鉄・本線
004561	中川辺	35.48708	137.065127	東海旅客鉄道・高山線
004562	新子安	35.486827	139.65409	東日本旅客鉄道・東海道線
004563	若狭高浜	35.486185	135.54805	西日本旅客鉄道・小浜線
004564	海芝浦	35.48613	139.700675	東日本旅客鉄道・鶴見線
004565	松尾寺	35.48597	135.450275	西日本旅客鉄道・小浜線
004566	若狭有田	35.48557	135.868365	西日本旅客鉄道・小浜線
004567	東小浜	35.485195	135.781205	西日本旅客鉄道・小浜線
004568	大山口	35.485005	133.456685	西日本旅客鉄道・山陰線
004569	子安	35.484575	139.64504	京浜急行電鉄・本線
004570	富士山	35.48359	138.794835	富士山麓電気鉄道・河口湖線
004571	富士山	35.48359	138.794835	富士山麓電気鉄道・大月線
004572	東白楽	35.4834	139.629525	東急電鉄・東横線
004573	せきてらす前	35.4834	136.91423	長良川鉄道・越美南線
004574	若狭本郷	35.482705	135.619045	西日本旅客鉄道・小浜線
004575	本納	35.48216	140.30757	東日本旅客鉄道・外房線
004576	下北条	35.481973	133.809013	西日本旅客鉄道・山陰線
004577	海士有木	35.48173	140.1243	小湊鐵道・小湊鐵道線
004578	青郷	35.481585	135.499885	西日本旅客鉄道・小浜線
004579	神奈川新町	35.481515	139.64017	京浜急行電鉄・本線
004580	久那土	35.481495	138.46743	東海旅客鉄道・身延線
004581	羽沢横浜国大	35.481229	139.586135	東日本旅客鉄道・東海道線
004582	羽沢横浜国大	35.481229	139.586135	相模鉄道・相鉄新横浜線
004583	勢浜	35.4812	135.708045	西日本旅客鉄道・小浜線
004584	座間	35.48099	139.399885	小田急電鉄・小田原線
004585	朝日ヶ丘	35.480957	132.98778	一畑電車・北松江線
004586	加斗	35.480705	135.66618	西日本旅客鉄道・小浜線
004587	和田浜	35.48057	133.26554	西日本旅客鉄道・境線
004588	関口	35.47996	136.928885	長良川鉄道・越美南線
004589	長江	35.47984	132.974315	一畑電車・北松江線
004590	美乃坂本	35.479255	137.450355	東海旅客鉄道・中央線
004591	姉ヶ崎	35.47865	140.041933	東日本旅客鉄道・内房線
004592	関富岡	35.478535	136.944935	長良川鉄道・越美南線
004593	入谷	35.47838	139.39187	東日本旅客鉄道・相模線
004594	西谷	35.478065	139.565521	相模鉄道・相鉄新横浜線
004595	西谷	35.478065	139.565521	相模鉄道・相鉄本線
004596	東神奈川	35.477875	139.633165	東日本旅客鉄道・横浜線
004597	東神奈川	35.477875	139.633165	東日本旅客鉄道・東海道線
004598	京急東神奈川	35.477555	139.634925	京浜急行電鉄・本線
004599	松江イングリッシュガーデン前	35.47735	133.003985	一畑電車・北松江線
004600	秋鹿町	35.47723	132.95673	一畑電車・北松江線
004601	三ツ沢下町	35.476485	139.615215	横浜市・3号線
004602	三ツ沢上町	35.47642	139.60553	横浜市・3号線
004603	駄科	35.475565	137.839815	東海旅客鉄道・飯田線
004604	鶴ヶ峰	35.47509	139.549985	相模鉄道・相鉄本線
004605	富加	35.475097	136.969453	長良川鉄道・越美南線
004606	東雲	35.47501	135.284945	WILLER　TRAINS・宮津線
004607	松江フォーゲルパーク	35.474905	132.9437	一畑電車・北松江線
004608	反町	35.474218	139.625358	東急電鉄・東横線
004609	新平野	35.473097	135.807253	西日本旅客鉄道・小浜線
004610	高ノ宮	35.4718	132.930435	一畑電車・北松江線
004611	さがみ野	35.47151	139.428696	相模鉄道・相鉄本線
004612	神奈川	35.47125	139.627415	京浜急行電鉄・本線
004613	高月	35.47066	136.237647	西日本旅客鉄道・北陸線
004614	相模大塚	35.47054	139.441155	相模鉄道・相鉄本線
004615	瀬谷	35.4704	139.48259	相模鉄道・相鉄本線
004616	揖斐	35.470287	136.572507	養老鉄道・養老線
004617	大和	35.46993	139.461	相模鉄道・相鉄本線
004618	大和	35.469845	139.46147	小田急電鉄・江ノ島線
004619	江原	35.46942	134.775685	西日本旅客鉄道・山陰線
004620	松崎	35.468625	133.901935	西日本旅客鉄道・山陰線
004621	東舞鶴	35.46858	135.39479	西日本旅客鉄道・小浜線
004622	東舞鶴	35.46858	135.39479	西日本旅客鉄道・舞鶴線
004623	三ツ境	35.467785	139.50257	相模鉄道・相鉄本線
004624	上星川	35.46737	139.580454	相模鉄道・相鉄本線
004625	松江しんじ湖温泉	35.46708	133.045395	一畑電車・北松江線
004626	かしわ台	35.466845	139.415885	相模鉄道・相鉄本線
004627	弓ヶ浜	35.46677	133.288555	西日本旅客鉄道・境線
004628	横浜	35.466435	139.62235	東急電鉄・東横線
004629	横浜	35.466435	139.62235	横浜高速鉄道・みなとみらい21線
004630	津ノ森	35.46635	132.91905	一畑電車・北松江線
004631	横浜	35.46625	139.623125	京浜急行電鉄・本線
004632	上総三又	35.46592	140.126755	小湊鐵道・小湊鐵道線
004633	横浜	35.465757	139.62205	相模鉄道・相鉄本線
004634	横浜	35.465407	139.622253	東日本旅客鉄道・東海道線
004635	横浜	35.465407	139.622253	東日本旅客鉄道・根岸線
004636	横浜	35.465406	139.620144	横浜市・3号線
004637	一畑口	35.4646	132.882845	一畑電車・北松江線
004638	松江	35.46409	133.063965	西日本旅客鉄道・山陰線
004639	時又	35.46404	137.827755	東海旅客鉄道・飯田線
004640	和田町	35.46371	139.58638	相模鉄道・相鉄本線
004641	上中	35.46365	135.855835	西日本旅客鉄道・小浜線
004642	二俣川	35.46339	139.53237	相模鉄道・相鉄いずみ野線
004643	二俣川	35.46339	139.53237	相模鉄道・相鉄本線
004644	糸貫	35.463175	136.66977	樽見鉄道・樽見線
004645	辛皮	35.46257	135.173317	WILLER　TRAINS・宮福線
004646	市ノ瀬	35.46234	138.482135	東海旅客鉄道・身延線
004647	新高島	35.461955	139.626485	横浜高速鉄道・みなとみらい21線
004648	伊野灘	35.461245	132.900885	一畑電車・北松江線
004649	マキノ	35.461033	136.059273	西日本旅客鉄道・湖西線
004650	津ノ井	35.46115	134.2486	西日本旅客鉄道・因美線
004651	加茂野	35.46089	136.985115	長良川鉄道・越美南線
004652	希望ヶ丘	35.46054	139.513475	相模鉄道・相鉄本線
004653	平沼橋	35.459845	139.616465	相模鉄道・相鉄本線
004654	高島町	35.458695	139.62365	横浜市・3号線
004655	星川	35.458235	139.595195	相模鉄道・相鉄本線
004656	みなとみらい	35.457675	139.63246	横浜高速鉄道・みなとみらい21線
004657	古井	35.457432	137.047657	東海旅客鉄道・高山線
004658	淀江	35.457035	133.429805	西日本旅客鉄道・山陰線
004659	河崎口	35.45676	133.30536	西日本旅客鉄道・境線
004660	戸部	35.45666	139.61956	京浜急行電鉄・本線
004661	園	35.456135	132.86813	一畑電車・北松江線
004662	恵那	35.45509	137.407795	東海旅客鉄道・中央線
004663	恵那	35.45509	137.407795	明知鉄道・明知線
004664	モレラ岐阜	35.45494	136.66971	樽見鉄道・樽見線
004665	倉吉	35.45499	133.849033	西日本旅客鉄道・山陰線
004666	海老名	35.45423	139.3893	東日本旅客鉄道・相模線
004667	上総山田	35.4541	140.126165	小湊鐵道・小湊鐵道線
004668	天王町	35.45401	139.60253	相模鉄道・相鉄本線
004669	西横浜	35.453595	139.60897	相模鉄道・相鉄本線
004670	海老名	35.45344	139.392235	相模鉄道・相鉄本線
004671	川路	35.45312	137.81575	東海旅客鉄道・飯田線
004672	海老名	35.452948	139.391098	小田急電鉄・小田原線
004673	湖遊館新駅	35.452685	132.862145	一畑電車・北松江線
004674	南万騎が原	35.452545	139.526347	相模鉄道・相鉄いずみ野線
004675	桜木町	35.4511	139.63088	東日本旅客鉄道・根岸線
004676	桜ヶ丘	35.45053	139.46574	小田急電鉄・江ノ島線
004677	長浦	35.450285	139.995425	東日本旅客鉄道・内房線
004678	布崎	35.450235	132.855005	一畑電車・北松江線
004679	馬車道	35.450075	139.6362	横浜高速鉄道・みなとみらい21線
004680	美濃本郷	35.449919	136.571801	養老鉄道・養老線
004681	前平公園	35.449763	137.00168	長良川鉄道・越美南線
004682	桜木町	35.449637	139.630743	横浜市・3号線
004683	新茂原	35.44943	140.299715	東日本旅客鉄道・外房線
004684	河毛	35.448435	136.24951	西日本旅客鉄道・北陸線
004685	保土ヶ谷	35.44722	139.60037	東日本旅客鉄道・東海道線
004686	日本大通り	35.446795	139.642725	横浜高速鉄道・みなとみらい21線
004687	東野	35.446265	137.428815	明知鉄道・明知線
004688	三本松口	35.446145	133.323145	西日本旅客鉄道・境線
004689	四所	35.446193	135.290402	WILLER　TRAINS・宮津線
004690	乃木	35.445945	133.048715	西日本旅客鉄道・山陰線
004691	関内	35.44577	139.63602	横浜市・1号線
004692	関内	35.44577	139.63602	横浜市・3号線
004693	美濃太田	35.445613	137.019535	東海旅客鉄道・高山線
004694	美濃太田	35.445613	137.019535	東海旅客鉄道・太多線
004695	美濃太田	35.445613	137.019535	長良川鉄道・越美南線
004696	日ノ出町	35.44563	139.62666	京浜急行電鉄・本線
004697	東松江	35.445485	133.128485	西日本旅客鉄道・山陰線
004698	甲斐常葉	35.444685	138.47697	東海旅客鉄道・身延線
004699	関内	35.44422	139.635987	東日本旅客鉄道・根岸線
004700	美濃川合	35.4441	137.045392	東海旅客鉄道・太多線
004701	厚木	35.44382	139.378605	東日本旅客鉄道・相模線
004702	北池野	35.443371	136.57372	養老鉄道・養老線
004703	厚木	35.443077	139.377963	小田急電鉄・小田原線
004704	元町・中華街	35.442305	139.65074	横浜高速鉄道・みなとみらい21線
004705	西舞鶴	35.441855	135.330562	西日本旅客鉄道・舞鶴線
004706	西舞鶴	35.441855	135.330562	WILLER　TRAINS・宮津線
004707	天竜峡	35.4411	137.81734	東海旅客鉄道・飯田線
004708	伊勢佐木長者町	35.440945	139.63266	横浜市・1号線
004709	近江中庄	35.440605	136.03856	西日本旅客鉄道・湖西線
004710	後藤	35.43987	133.331483	西日本旅客鉄道・境線
004711	北方真桑	35.43982	136.674	樽見鉄道・樽見線
004712	黄金町	35.439705	139.62256	京浜急行電鉄・本線
004713	光風台	35.43957	140.114165	小湊鐵道・小湊鐵道線
004714	緑園都市	35.439305	139.521777	相模鉄道・相鉄いずみ野線
004715	本厚木	35.43921	139.364375	小田急電鉄・小田原線
004716	石川町	35.438907	139.642917	東日本旅客鉄道・根岸線
004717	武並	35.43793	137.354115	東海旅客鉄道・中央線
004718	阪東橋	35.43754	139.62497	横浜市・1号線
004719	南太田	35.43689	139.613635	京浜急行電鉄・本線
004720	池野	35.436507	136.578687	養老鉄道・養老線
004721	吉野町	35.43539	139.618567	横浜市・1号線
004722	富士見町	35.4346	133.336695	西日本旅客鉄道・境線
004723	顔戸	35.43453	137.105142	名古屋鉄道・広見線
004724	井土ヶ谷	35.433875	139.600525	京浜急行電鉄・本線
004725	明智	35.433346	137.087722	名古屋鉄道・広見線
004726	日本ライン今渡	35.432312	137.036933	名古屋鉄道・広見線
004727	雲州平田	35.43231	132.82368	一畑電車・北松江線
004728	大江山口内宮	35.432165	135.158405	WILLER　TRAINS・宮福線
004729	高座渋谷	35.432145	139.46471	小田急電鉄・江ノ島線
004730	袖ヶ浦	35.431905	139.95721	東日本旅客鉄道・内房線
004731	荒島	35.431805	133.207425	西日本旅客鉄道・山陰線
004732	阿夫利神社	35.431795	139.237595	大山観光電鉄・大山鋼索線
004733	博労町	35.431615	133.339725	西日本旅客鉄道・境線
004734	御嵩口	35.43131	137.121735	名古屋鉄道・広見線
004735	東山公園	35.43077	133.35182	西日本旅客鉄道・山陰線
004736	玉造温泉	35.430715	133.012185	西日本旅客鉄道・山陰線
004737	蒔田	35.43031	139.61053	横浜市・1号線
004738	伯耆大山	35.43012	133.38417	西日本旅客鉄道・山陰線
004739	伯耆大山	35.43012	133.38417	西日本旅客鉄道・伯備線
004740	北神戸	35.430056	136.594469	養老鉄道・養老線
004741	東戸塚	35.430008	139.556504	東日本旅客鉄道・東海道線
004742	弥生台	35.42993	139.506635	相模鉄道・相鉄いずみ野線
004743	大山寺	35.429797	139.240987	大山観光電鉄・大山鋼索線
004744	御嵩	35.42973	137.12754	名古屋鉄道・広見線
004745	いずみ野	35.429495	139.49512	相模鉄道・相鉄いずみ野線
004746	千代	35.42921	137.81678	東海旅客鉄道・飯田線
004747	東郡家	35.429155	134.259825	西日本旅客鉄道・因美線
004748	安来	35.428015	133.259235	西日本旅客鉄道・山陰線
004749	大山ケーブル	35.42789	139.24451	大山観光電鉄・大山鋼索線
004750	揖屋	35.42784	133.14906	西日本旅客鉄道・山陰線
004751	茂原	35.42683	140.30407	東日本旅客鉄道・外房線
004752	山手	35.4268	139.64647	東日本旅客鉄道・根岸線
004753	坂祝	35.426395	136.97681	東海旅客鉄道・高山線
004754	下部温泉	35.425785	138.47247	東海旅客鉄道・身延線
004755	虎姫	35.424555	136.25739	西日本旅客鉄道・北陸線
004756	弘明寺	35.4241	139.59691	京浜急行電鉄・本線
004757	馬立	35.42376	140.11473	小湊鐵道・小湊鐵道線
004758	米子	35.423335	133.33668	西日本旅客鉄道・境線
004759	米子	35.423335	133.33668	西日本旅客鉄道・山陰線
004760	新可児	35.423265	137.055675	名古屋鉄道・広見線
004761	弘明寺	35.42298	139.601998	横浜市・1号線
004762	可児	35.42293	137.05535	東海旅客鉄道・太多線
004763	旅伏	35.42119	132.80686	一畑電車・北松江線
004764	来待	35.42071	132.952	西日本旅客鉄道・山陰線
004765	社家	35.42041	139.377185	東日本旅客鉄道・相模線
004766	広神戸	35.419817	136.602143	養老鉄道・養老線
004767	金野	35.41915	137.817175	東海旅客鉄道・飯田線
004768	飯沼	35.4186	137.461345	明知鉄道・明知線
004769	波高島	35.41851	138.459705	東海旅客鉄道・身延線
004770	可児川	35.418247	137.018463	名古屋鉄道・広見線
004771	愛甲石田	35.41777	139.344155	小田急電鉄・小田原線
004772	根岸	35.41586	139.636095	東日本旅客鉄道・根岸線
004773	いずみ中央	35.4151	139.487185	相模鉄道・相鉄いずみ野線
004774	巌根	35.414785	139.933805	東日本旅客鉄道・内房線
004775	立場	35.41438	139.5007	横浜市・1号線
004776	八鹿	35.414555	134.781705	西日本旅客鉄道・山陰線
004777	美江寺	35.413375	136.66147	樽見鉄道・樽見線
004778	二俣	35.413205	135.154495	WILLER　TRAINS・宮福線
004779	郡家	35.41281	134.250835	西日本旅客鉄道・因美線
004780	郡家	35.41281	134.250835	若桜鉄道・若桜線
004781	美談	35.412555	132.798105	一畑電車・北松江線
004782	長後	35.41225	139.465325	小田急電鉄・江ノ島線
004783	名鉄岐阜	35.41156	136.761025	名古屋鉄道・各務原線
004784	田神	35.411285	136.77216	名古屋鉄道・各務原線
004785	釜戸	35.411235	137.30523	東海旅客鉄道・中央線
004786	中田	35.411155	139.51122	横浜市・1号線
004787	名鉄岐阜	35.410915	136.76023	名古屋鉄道・名古屋本線
004788	岐阜	35.409532	136.75656	東海旅客鉄道・高山線
004789	岐阜	35.409532	136.75656	東海旅客鉄道・東海道線
004790	上大岡	35.409345	139.59661	京浜急行電鉄・本線
004791	上大岡	35.409205	139.59598	横浜市・1号線
004792	真倉	35.40723	135.32625	西日本旅客鉄道・舞鶴線
004793	宍道	35.40687	132.909225	西日本旅客鉄道・山陰線
004794	宍道	35.40687	132.909225	西日本旅客鉄道・木次線
004795	門沢橋	35.4067	139.380055	東日本旅客鉄道・相模線
004796	踊場	35.40555	139.518577	横浜市・1号線
004797	ゆめが丘	35.405645	139.48236	相模鉄道・相鉄いずみ野線
004798	八頭高校前	35.40533	134.246155	若桜鉄道・若桜線
004799	加納	35.405175	136.766105	名古屋鉄道・名古屋本線
004800	西可児	35.404717	137.010657	名古屋鉄道・広見線
004801	西岐阜	35.404525	136.72326	東海旅客鉄道・東海道線
004802	大寺	35.40442	132.787435	一畑電車・北松江線
004803	八積	35.403955	140.345355	東日本旅客鉄道・外房線
004804	各務ケ原	35.40388	136.901063	東海旅客鉄道・高山線
004805	下飯田	35.403375	139.482885	横浜市・1号線
004806	苧ヶ瀬	35.4033	136.912383	名古屋鉄道・各務原線
004807	蘇原	35.403273	136.871767	東海旅客鉄道・高山線
004808	下永谷	35.40276	139.559045	横浜市・1号線
004809	名電各務原	35.402555	136.90103	名古屋鉄道・各務原線
004810	舞岡	35.402535	139.551265	横浜市・1号線
004811	唐笠	35.402325	137.81021	東海旅客鉄道・飯田線
004812	長森	35.402085	136.802855	東海旅客鉄道・高山線
004813	茶所	35.40208	136.76892	名古屋鉄道・名古屋本線
004814	細畑	35.401574	136.785402	名古屋鉄道・各務原線
004815	上永谷	35.40137	139.57279	横浜市・1号線
004816	港南中央	35.40123	139.591215	横浜市・1号線
004817	羽場	35.401193	136.921563	名古屋鉄道・各務原線
004818	戸塚	35.40109	139.53489	横浜市・1号線
004819	六軒	35.401075	136.861575	名古屋鉄道・各務原線
004820	各務原市役所前	35.400845	136.847325	名古屋鉄道・各務原線
004821	磯子	35.400575	139.61847	東日本旅客鉄道・根岸線
004822	市民公園前	35.400565	136.8419	名古屋鉄道・各務原線
004823	那加	35.400535	136.835575	東海旅客鉄道・高山線
004824	戸塚	35.400099	139.534413	東日本旅客鉄道・東海道線
004825	切通	35.400275	136.79562	名古屋鉄道・各務原線
004826	上総牛久	35.4002	140.142305	小湊鐵道・小湊鐵道線
004827	二十軒	35.40017	136.889295	名古屋鉄道・各務原線
004828	新那加	35.40011	136.83386	名古屋鉄道・各務原線
004829	三柿野	35.400075	136.876165	名古屋鉄道・各務原線
004830	鵜沼宿	35.39988	136.932405	名古屋鉄道・各務原線
004831	阿木	35.399595	137.45913	明知鉄道・明知線
004832	新加納	35.399385	136.824395	名古屋鉄道・各務原線
004833	高田橋	35.398405	136.81153	名古屋鉄道・各務原線
004834	手力	35.39826	136.80448	名古屋鉄道・各務原線
004835	近江今津	35.398198	136.032302	西日本旅客鉄道・湖西線
004836	鵜沼	35.39756	136.94605	東海旅客鉄道・高山線
004837	河原	35.39754	134.223095	西日本旅客鉄道・因美線
004838	新鵜沼	35.396835	136.94426	名古屋鉄道・各務原線
004839	新鵜沼	35.396835	136.94426	名古屋鉄道・犬山線
004840	湘南台	35.396545	139.46647	小田急電鉄・江ノ島線
004841	穂積	35.396265	136.693635	東海旅客鉄道・東海道線
004842	湘南台	35.39624	139.46612	横浜市・1号線
004843	湘南台	35.39624	139.46612	相模鉄道・相鉄いずみ野線
004844	伊勢原	35.39609	139.313795	小田急電鉄・小田原線
004845	大江高校前	35.395777	135.152737	WILLER　TRAINS・宮福線
004846	十九条	35.39574	136.66103	樽見鉄道・樽見線
004847	因幡船岡	35.395195	134.24921	若桜鉄道・若桜線
004848	川跡	35.395145	132.77641	一畑電車・大社線
004849	川跡	35.395145	132.77641	一畑電車・北松江線
004850	倉見	35.395055	139.378385	東日本旅客鉄道・相模線
004851	東赤坂	35.394159	136.600979	養老鉄道・養老線
004852	屏風浦	35.39413	139.61044	京浜急行電鉄・本線
004853	下切	35.393735	137.063715	東海旅客鉄道・太多線
004854	荘原	35.393625	132.86826	西日本旅客鉄道・山陰線
004855	出雲大社前	35.393265	132.68766	一畑電車・大社線
004856	祇園	35.391615	139.948385	東日本旅客鉄道・久留里線
004857	上総清川	35.390837	139.965643	東日本旅客鉄道・久留里線
004858	高浜	35.39072	132.746687	一畑電車・大社線
004859	犬山遊園	35.390405	136.946925	名古屋鉄道・犬山線
004860	東清川	35.39	139.98582	東日本旅客鉄道・久留里線
004861	善師野	35.3898	136.980055	名古屋鉄道・広見線
004862	岐南	35.38978	136.769245	名古屋鉄道・名古屋本線
004863	遥堪	35.38922	132.72629	一畑電車・大社線
004864	浜山公園北口	35.38907	132.708135	一畑電車・大社線
004865	大江	35.388785	135.147505	WILLER　TRAINS・宮福線
004866	隼	35.388775	134.27037	若桜鉄道・若桜線
004867	上総川間	35.388055	140.151015	小湊鐵道・小湊鐵道線
004868	武志	35.388	132.77327	一畑電車・北松江線
004869	岸本	35.38739	133.40948	西日本旅客鉄道・伯備線
004870	飯羽間	35.387263	137.437523	明知鉄道・明知線
004871	横屋	35.38693	136.65956	樽見鉄道・樽見線
004872	新杉田	35.3868	139.619435	東日本旅客鉄道・根岸線
004873	美濃赤坂	35.386605	136.582195	東海旅客鉄道・東海道線
004874	横田	35.386205	140.02013	東日本旅客鉄道・久留里線
004875	東横田	35.38616	140.03594	東日本旅客鉄道・久留里線
004876	新杉田	35.38571	139.620745	横浜シーサイドライン・金沢シーサイドライン
004877	杉田	35.383905	139.61561	京浜急行電鉄・本線
004878	六会日大前	35.38376	139.47072	小田急電鉄・江ノ島線
004879	直江	35.38371	132.807625	西日本旅客鉄道・山陰線
004880	宮山	35.382215	139.379665	東日本旅客鉄道・相模線
004881	姫	35.382	137.072115	東海旅客鉄道・太多線
004882	木更津	35.38174	139.926144	東日本旅客鉄道・久留里線
004883	木更津	35.38174	139.926144	東日本旅客鉄道・内房線
004884	上総鶴舞	35.381305	140.165063	小湊鐵道・小湊鐵道線
004885	鶴巻温泉	35.380553	139.277135	小田急電鉄・小田原線
004886	南部市場	35.380185	139.633205	横浜シーサイドライン・金沢シーサイドライン
004887	南宍道	35.38002	132.918235	西日本旅客鉄道・木次線
004888	犬山	35.3799	136.945535	名古屋鉄道・犬山線
004889	犬山	35.3799	136.945535	名古屋鉄道・広見線
004890	犬山	35.3799	136.945535	名古屋鉄道・小牧線
004891	塩之沢	35.379675	138.4539	東海旅客鉄道・身延線
004892	極楽	35.379659	137.432512	明知鉄道・明知線
004893	富岡前	35.379525	136.96218	名古屋鉄道・広見線
004894	洋光台	35.37881	139.596937	東日本旅客鉄道・根岸線
004895	長浜	35.378605	136.26499	西日本旅客鉄道・北陸線
004896	鳥浜	35.37718	139.6418	横浜シーサイドライン・金沢シーサイドライン
004897	東大垣	35.37539	136.64662	樽見鉄道・樽見線
004898	門島	35.375355	137.81407	東海旅客鉄道・飯田線
004899	北大垣	35.375289	136.60186	養老鉄道・養老線
004900	港南台	35.375147	139.576177	東日本旅客鉄道・根岸線
004901	上総一ノ宮	35.374685	140.365525	東日本旅客鉄道・外房線
004902	笠松	35.374675	136.764645	名古屋鉄道・竹鼻線
004903	笠松	35.374675	136.764645	名古屋鉄道・名古屋本線
004904	安部	35.37451	134.291655	若桜鉄道・若桜線
004905	犬山口	35.37423	136.93997	名古屋鉄道・犬山線
004906	渋沢	35.374055	139.184548	小田急電鉄・小田原線
004907	荒尾	35.373433	136.583393	東海旅客鉄道・東海道線
004908	国英	35.37319	134.217875	西日本旅客鉄道・因美線
004909	東海大学前	35.372915	139.27094	小田急電鉄・小田原線
004910	並木北	35.372015	139.64273	横浜シーサイドライン・金沢シーサイドライン
004911	公庄	35.37187	135.129255	WILLER　TRAINS・宮福線
004912	養父	35.370807	134.81181	西日本旅客鉄道・山陰線
004913	秦野	35.37007	139.22608	小田急電鉄・小田原線
004914	垂井	35.369543	136.530825	東海旅客鉄道・東海道線
004915	瑞浪	35.369115	137.251915	東海旅客鉄道・中央線
004916	大津町	35.369095	132.774325	一畑電車・北松江線
004917	西笠松	35.368825	136.75777	名古屋鉄道・竹鼻線
004918	岩村	35.36862	137.434185	明知鉄道・明知線
004919	本郷台	35.367855	139.550115	東日本旅客鉄道・根岸線
004920	寒川	35.367705	139.387315	東日本旅客鉄道・相模線
004921	上総久保	35.367455	140.154445	小湊鐵道・小湊鐵道線
004922	室	35.367269	136.606185	養老鉄道・養老線
004923	大垣	35.367105	136.617965	東海旅客鉄道・東海道線
004924	大垣	35.367105	136.617965	樽見鉄道・樽見線
004925	木津用水	35.366835	136.926015	名古屋鉄道・犬山線
004926	馬来田	35.36682	140.058515	東日本旅客鉄道・久留里線
004927	京急富岡	35.36671	139.62976	京浜急行電鉄・本線
004928	大垣	35.366671	136.616509	養老鉄道・養老線
004929	谷峨	35.36647	139.038347	東海旅客鉄道・御殿場線
004930	並木中央	35.36545	139.642985	横浜シーサイドライン・金沢シーサイドライン
004931	柳津	35.365037	136.739928	名古屋鉄道・竹鼻線
004932	木曽川堤	35.36501	136.770505	名古屋鉄道・名古屋本線
004933	徳丸	35.364405	134.335645	若桜鉄道・若桜線
004934	関ヶ原	35.36372	136.470137	東海旅客鉄道・東海道線
004935	八東	35.363605	134.31656	若桜鉄道・若桜線
004936	出雲科学館パークタウン前	35.363065	132.76651	一畑電車・北松江線
004937	善行	35.36259	139.473265	小田急電鉄・江ノ島線
004938	根本	35.36147	137.090145	東海旅客鉄道・太多線
004939	身延	35.36145	138.45306	東海旅客鉄道・身延線
004940	電鉄出雲市	35.361145	132.757805	一畑電車・北松江線
004941	山北	35.360813	139.08077	東海旅客鉄道・御殿場線
004942	丹比	35.36072	134.356287	若桜鉄道・若桜線
004943	出雲市	35.360595	132.755582	西日本旅客鉄道・山陰線
004944	能見台	35.360557	139.62923	京浜急行電鉄・本線
004945	西大垣	35.36029	136.603384	養老鉄道・養老線
004946	土岐市	35.359737	137.182133	東海旅客鉄道・中央線
004947	扶桑	35.35965	136.91609	名古屋鉄道・犬山線
004948	下天津	35.359303	135.11155	WILLER　TRAINS・宮福線
004949	駿河小山	35.35924	138.997582	東海旅客鉄道・御殿場線
004950	近江長岡	35.359077	136.374018	東海旅客鉄道・東海道線
004951	幸浦	35.358395	139.64369	横浜シーサイドライン・金沢シーサイドライン
004952	東山北	35.35761	139.10773	東海旅客鉄道・御殿場線
004953	香川	35.3566	139.39983	東日本旅客鉄道・相模線
004954	田村	35.35631	136.28188	西日本旅客鉄道・北陸線
004955	新旭	35.355485	136.03557	西日本旅客鉄道・湖西線
004956	花白温泉	35.355023	137.407355	明知鉄道・明知線
004957	下郡	35.35499	140.05541	東日本旅客鉄道・久留里線
004958	鷹狩	35.354367	134.20658	西日本旅客鉄道・因美線
004959	大船	35.354143	139.53116	東日本旅客鉄道・東海道線
004960	大船	35.35391	139.531454	東日本旅客鉄道・根岸線
004961	大船	35.353802	139.531299	東日本旅客鉄道・横須賀線
004962	産業振興センター	35.353425	139.646325	横浜シーサイドライン・金沢シーサイドライン
004963	高滝	35.353085	140.150275	小湊鐵道・小湊鐵道線
004964	大船	35.35252	139.531393	湘南モノレール・江の島線
004965	羽黒	35.35161	136.952525	名古屋鉄道・小牧線
004966	黒田	35.350195	136.777515	名古屋鉄道・名古屋本線
004967	山岡	35.350017	137.39571	明知鉄道・明知線
004968	福浦	35.34961	139.648535	横浜シーサイドライン・金沢シーサイドライン
004969	小泉	35.349155	137.10056	東海旅客鉄道・太多線
004970	田本	35.348963	137.83791	東海旅客鉄道・飯田線
004971	梅迫	35.348785	135.31112	西日本旅客鉄道・舞鶴線
004972	伯耆溝口	35.348217	133.435367	西日本旅客鉄道・伯備線
004973	藤沢本町	35.34821	139.47584	小田急電鉄・江ノ島線
004974	木曽川	35.347993	136.781162	東海旅客鉄道・東海道線
004975	南宿	35.347875	136.728655	名古屋鉄道・竹鼻線
004976	東浪見	35.34677	140.37665	東日本旅客鉄道・外房線
004977	松田	35.346	139.139135	東海旅客鉄道・御殿場線
004978	富士見町	35.34535	139.52932	湘南モノレール・江の島線
004979	若桜	35.345235	134.398365	若桜鉄道・若桜線
004980	柏森	35.34482	136.900245	名古屋鉄道・犬山線
004981	新松田	35.34461	139.13945	小田急電鉄・小田原線
004982	柏原	35.344595	136.402325	東海旅客鉄道・東海道線
004983	加茂中	35.344595	132.911	西日本旅客鉄道・木次線
004984	市大医学部	35.343905	139.65013	横浜シーサイドライン・金沢シーサイドライン
004985	美濃青柳	35.343615	136.60388	養老鉄道・養老線
004986	金沢文庫	35.343263	139.621777	京浜急行電鉄・本線
004987	用瀬	35.34314	134.2046	西日本旅客鉄道・因美線
004988	海の公園柴口	35.34212	139.63591	横浜シーサイドライン・金沢シーサイドライン
004989	新木曽川	35.342045	136.779385	名古屋鉄道・名古屋本線
004990	上夜久野	35.341835	134.931725	西日本旅客鉄道・山陰線
004991	和田山	35.341397	134.85136	西日本旅客鉄道・山陰線
004992	和田山	35.341397	134.85136	西日本旅客鉄道・播但線
004993	八景島	35.340895	139.64083	横浜シーサイドライン・金沢シーサイドライン
004994	須賀	35.33987	136.72678	名古屋鉄道・竹鼻線
004995	北茅ヶ崎	35.33968	139.40747	東日本旅客鉄道・相模線
004996	藤沢	35.338842	139.48667	東日本旅客鉄道・東海道線
004997	藤沢	35.338595	139.48712	小田急電鉄・江ノ島線
004998	北鎌倉	35.33794	139.544565	東日本旅客鉄道・横須賀線
004999	湘南町屋	35.337855	139.52272	湘南モノレール・江の島線
005000	牧	35.337815	135.101675	WILLER　TRAINS・宮福線
005001	藤沢	35.337222	139.48723	江ノ島電鉄・江ノ島電鉄線
005002	里見	35.33723	140.145525	小湊鐵道・小湊鐵道線
005003	海の公園南口	35.3372	139.63214	横浜シーサイドライン・金沢シーサイドライン
005004	辻堂	35.336845	139.445895	東日本旅客鉄道・東海道線
005005	温田	35.33637	137.841447	東海旅客鉄道・飯田線
005006	坂田	35.336125	136.28768	西日本旅客鉄道・北陸線
005007	西出雲	35.33491	132.72192	西日本旅客鉄道・山陰線
005008	玉ノ井	35.334845	136.75797	名古屋鉄道・尾西線
005009	多治見	35.334835	137.120285	東海旅客鉄道・太多線
005010	多治見	35.334835	137.120285	東海旅客鉄道・中央線
005011	江南	35.334697	136.872057	名古屋鉄道・犬山線
005012	幡屋	35.33468	132.939315	西日本旅客鉄道・木次線
005013	相模金子	35.333883	139.150432	東海旅客鉄道・御殿場線
005014	君津	35.333645	139.895515	東日本旅客鉄道・内房線
005015	湘南深沢	35.332975	139.51891	湘南モノレール・江の島線
005016	不破一色	35.332965	136.72191	名古屋鉄道・竹鼻線
005017	石上	35.33246	139.48558	江ノ島電鉄・江ノ島電鉄線
005018	足柄	35.33207	138.981753	東海旅客鉄道・御殿場線
005019	金沢八景	35.331606	139.620735	横浜シーサイドライン・金沢シーサイドライン
005020	金沢八景	35.33113	139.620125	京浜急行電鉄・逗子線
005021	金沢八景	35.33113	139.620125	京浜急行電鉄・本線
005022	本鵠沼	35.331035	139.47529	小田急電鉄・江ノ島線
005023	茅ヶ崎	35.33067	139.406993	東日本旅客鉄道・相模線
005024	茅ヶ崎	35.33042	139.407382	東日本旅客鉄道・東海道線
005025	野島公園	35.330595	139.631555	横浜シーサイドライン・金沢シーサイドライン
005026	青堀	35.330565	139.85888	東日本旅客鉄道・内房線
005027	楽田	35.330555	136.95009	名古屋鉄道・小牧線
005028	上川口	35.329465	135.07318	西日本旅客鉄道・山陰線
005029	淵垣	35.328265	135.294565	西日本旅客鉄道・舞鶴線
005030	小櫃	35.328245	140.05978	東日本旅客鉄道・久留里線
005031	甲斐大島	35.32817	138.45214	東海旅客鉄道・身延線
005032	安曇川	35.32795	136.01988	西日本旅客鉄道・湖西線
005033	醒ヶ井	35.327705	136.34519	東海旅客鉄道・東海道線
005034	平塚	35.327743	139.349457	東日本旅客鉄道・東海道線
005035	柳小路	35.32729	139.485225	江ノ島電鉄・江ノ島電鉄線
005036	竹鼻	35.326775	136.70644	名古屋鉄道・竹鼻線
005037	開成	35.326495	139.13581	小田急電鉄・小田原線
005038	友江	35.32639	136.600666	養老鉄道・養老線
005039	石刀	35.326185	136.78537	名古屋鉄道・名古屋本線
005040	出雲大東	35.32573	132.957985	西日本旅客鉄道・木次線
005041	出雲神西	35.325265	132.70271	西日本旅客鉄道・山陰線
005042	奥町	35.32435	136.7611	名古屋鉄道・尾西線
005043	六浦	35.322725	139.61149	京浜急行電鉄・逗子線
005044	梁瀬	35.322235	134.881245	西日本旅客鉄道・山陰線
005045	野志	35.32207	137.389387	明知鉄道・明知線
005046	羽島市役所前	35.321945	136.699975	名古屋鉄道・竹鼻線
005047	上大井	35.32179	139.16363	東海旅客鉄道・御殿場線
005048	鵠沼	35.3214	139.48267	江ノ島電鉄・江ノ島電鉄線
005049	鵠沼海岸	35.32075	139.47122	小田急電鉄・江ノ島線
005050	飯給	35.320505	140.14238	小湊鐵道・小湊鐵道線
005051	太東	35.320095	140.38129	東日本旅客鉄道・外房線
005052	下夜久野	35.3199	134.99883	西日本旅客鉄道・山陰線
005053	西鎌倉	35.319397	139.504307	湘南モノレール・江の島線
005054	荒河かしの木台	35.31932	135.105775	WILLER　TRAINS・宮福線
005055	鎌倉	35.319271	139.550427	東日本旅客鉄道・横須賀線
005056	開明	35.31927	136.774105	名古屋鉄道・尾西線
005057	大雄山	35.319043	139.103703	伊豆箱根鉄道・大雄山線
005058	今伊勢	35.318345	136.78913	名古屋鉄道・名古屋本線
005059	鎌倉	35.318295	139.55009	江ノ島電鉄・江ノ島電鉄線
005060	富士フイルム前	35.317703	139.10951	伊豆箱根鉄道・大雄山線
005061	田県神社前	35.3174	136.943785	名古屋鉄道・小牧線
005062	片瀬山	35.317315	139.49627	湘南モノレール・江の島線
005063	布袋	35.317065	136.872935	名古屋鉄道・犬山線
005064	和田河原	35.315947	139.11822	伊豆箱根鉄道・大雄山線
005065	岐阜羽島	35.31574	136.685755	東海旅客鉄道・東海道新幹線
005066	追浜	35.315692	139.624883	京浜急行電鉄・本線
005067	江吉良	35.315445	136.69972	名古屋鉄道・羽島線
005068	江吉良	35.315445	136.69972	名古屋鉄道・竹鼻線
005069	新羽島	35.31533	136.686945	名古屋鉄道・羽島線
005070	江南	35.315275	132.68323	西日本旅客鉄道・山陰線
005071	湘南海岸公園	35.3152	139.48332	江ノ島電鉄・江ノ島電鉄線
005072	大外羽	35.314985	136.597423	養老鉄道・養老線
005073	米原	35.315057	136.289523	東海旅客鉄道・東海道新幹線
005074	俵田	35.314625	140.061415	東日本旅客鉄道・久留里線
005075	米原	35.314841	136.290223	西日本旅客鉄道・東海道線
005076	米原	35.314841	136.290223	東海旅客鉄道・東海道線
005077	米原	35.31387	136.289505	西日本旅客鉄道・北陸線
005078	目白山下	35.31407	139.491515	湘南モノレール・江の島線
005079	米原	35.31398	136.290247	近江鉄道・本線
005080	和田塚	35.313742	139.54537	江ノ島電鉄・江ノ島電鉄線
005081	由比ヶ浜	35.31288	139.541575	江ノ島電鉄・江ノ島電鉄線
005082	因幡社	35.31239	134.19656	西日本旅客鉄道・因美線
005083	湘南江の島	35.311875	139.487815	湘南モノレール・江の島線
005084	為栗	35.311754	137.848576	東海旅客鉄道・飯田線
005085	大磯	35.3115	139.31334	東日本旅客鉄道・東海道線
005086	長谷	35.311325	139.53626	江ノ島電鉄・江ノ島電鉄線
005087	江ノ島	35.311025	139.487625	江ノ島電鉄・江ノ島電鉄線
005088	栢山	35.31065	139.142575	小田急電鉄・小田原線
005089	味岡	35.309375	136.940335	名古屋鉄道・小牧線
005090	片瀬江ノ島	35.30931	139.482925	小田急電鉄・江ノ島線
005091	極楽寺	35.309205	139.52853	江ノ島電鉄・江ノ島電鉄線
005092	美濃高田	35.3091	136.563649	養老鉄道・養老線
005093	腰越	35.30834	139.493355	江ノ島電鉄・江ノ島電鉄線
005094	南大東	35.307895	132.92799	西日本旅客鉄道・木次線
005095	西一宮	35.307485	136.79214	名古屋鉄道・尾西線
005096	鎌倉高校前	35.30676	139.500495	江ノ島電鉄・江ノ島電鉄線
005097	福知山市民病院口	35.30658	135.108635	WILLER　TRAINS・宮福線
005098	神武寺	35.30628	139.59289	京浜急行電鉄・逗子線
005099	七里ヶ浜	35.306292	139.510044	江ノ島電鉄・江ノ島電鉄線
005100	明智	35.305975	137.38737	明知鉄道・明知線
005101	烏江	35.305543	136.591667	養老鉄道・養老線
005102	高津	35.30492	135.207055	西日本旅客鉄道・山陰線
005103	稲村ヶ崎	35.30433	139.522265	江ノ島電鉄・江ノ島電鉄線
005104	古虎渓	35.303827	137.10175	東海旅客鉄道・中央線
005105	下曽我	35.30355	139.18342	東海旅客鉄道・御殿場線
005106	綾部	35.302145	135.251935	西日本旅客鉄道・山陰線
005107	綾部	35.302145	135.251935	西日本旅客鉄道・舞鶴線
005108	月崎	35.30213	140.139605	小湊鐵道・小湊鐵道線
005109	名鉄一宮	35.302085	136.796975	名古屋鉄道・尾西線
005110	名鉄一宮	35.302085	136.796975	名古屋鉄道・名古屋本線
005111	尾張一宮	35.302	136.79738	東海旅客鉄道・東海道線
005112	塚原	35.301345	139.12672	伊豆箱根鉄道・大雄山線
005113	京急田浦	35.300997	139.625213	京浜急行電鉄・本線
005114	石原	35.300885	135.180165	西日本旅客鉄道・山陰線
005115	御殿場	35.299947	138.93422	東海旅客鉄道・御殿場線
005116	竹田	35.29924	134.835795	西日本旅客鉄道・播但線
005117	岩原	35.29883	139.12881	伊豆箱根鉄道・大雄山線
005118	東逗子	35.298765	139.60182	東日本旅客鉄道・横須賀線
005119	小牧原	35.29868	136.935344	名古屋鉄道・小牧線
005120	二宮	35.29867	139.25675	東日本旅客鉄道・東海道線
005121	逗子	35.297406	139.578354	東日本旅客鉄道・横須賀線
005122	福知山	35.296995	135.11767	WILLER　TRAINS・宮福線
005123	富水	35.29677	139.14516	小田急電鉄・小田原線
005124	福知山	35.29657	135.118565	西日本旅客鉄道・山陰線
005125	福知山	35.29657	135.118565	西日本旅客鉄道・福知山線
005126	長者町	35.29626	140.38481	東日本旅客鉄道・外房線
005127	久留里	35.295795	140.075605	東日本旅客鉄道・久留里線
005128	石仏	35.295535	136.871175	名古屋鉄道・犬山線
005129	木次	35.29482	132.901897	西日本旅客鉄道・木次線
005130	逗子・葉山	35.294225	139.580522	京浜急行電鉄・逗子線
005131	フジテック前	35.29425	136.285385	近江鉄道・本線
005132	山家	35.29375	135.318545	西日本旅客鉄道・山陰線
005133	田浦	35.29284	139.637525	東日本旅客鉄道・横須賀線
005134	近江高島	35.292815	136.010135	西日本旅客鉄道・湖西線
005135	相模沼田	35.292345	139.133905	伊豆箱根鉄道・大雄山線
005136	城見ヶ丘	35.29172	140.252465	いすみ鉄道・いすみ線
005137	大貫	35.291625	139.855625	東日本旅客鉄道・内房線
005138	観音寺	35.289715	136.786165	名古屋鉄道・尾西線
005139	小牧	35.288955	136.927985	名古屋鉄道・小牧線
005140	飯田岡	35.287905	139.13932	伊豆箱根鉄道・大雄山線
005141	妙興寺	35.287295	136.79822	名古屋鉄道・名古屋本線
005142	苅安賀	35.28714	136.778255	名古屋鉄道・尾西線
005143	養老	35.286769	136.556841	養老鉄道・養老線
005144	安針塚	35.286682	139.642822	京浜急行電鉄・本線
005145	大多喜	35.286535	140.24384	いすみ鉄道・いすみ線
005146	螢田	35.28507	139.151955	小田急電鉄・小田原線
005147	鳥居本	35.284775	136.283035	近江鉄道・本線
005148	小田	35.28477	132.630235	西日本旅客鉄道・山陰線
005149	横須賀	35.28424	139.654813	東日本旅客鉄道・横須賀線
005150	二子	35.28376	136.76569	名古屋鉄道・尾西線
005151	上総大久保	35.28336	140.14593	小湊鐵道・小湊鐵道線
005152	江尾	35.28303	133.484855	西日本旅客鉄道・伯備線
005153	三門	35.28292	140.391445	東日本旅客鉄道・外房線
005154	上総中川	35.282705	140.28056	いすみ鉄道・いすみ線
005155	内船	35.28221	138.46503	東海旅客鉄道・身延線
005156	小牧口	35.28175	136.927703	名古屋鉄道・小牧線
005157	国府津	35.281395	139.214955	東海旅客鉄道・御殿場線
005158	国府津	35.281395	139.214955	東日本旅客鉄道・東海道線
005159	逸見	35.280622	139.652607	京浜急行電鉄・本線
005160	国吉	35.280425	140.31399	いすみ鉄道・いすみ線
005161	汐入	35.280315	139.662515	京浜急行電鉄・本線
005162	穴部	35.27986	139.14878	伊豆箱根鉄道・大雄山線
005163	横須賀中央	35.278837	139.669789	京浜急行電鉄・本線
005164	定光寺	35.27797	137.080945	東海旅客鉄道・中央線
005165	岩倉	35.27797	136.873575	名古屋鉄道・犬山線
005166	南御殿場	35.277227	138.925723	東海旅客鉄道・御殿場線
005167	萩原	35.27717	136.757705	名古屋鉄道・尾西線
005168	日登	35.276475	132.93113	西日本旅客鉄道・木次線
005169	新田野	35.27599	140.328525	いすみ鉄道・いすみ線
005170	鴨宮	35.275687	139.179913	東日本旅客鉄道・東海道線
005171	田儀	35.275225	132.59022	西日本旅客鉄道・山陰線
005172	五百羅漢	35.275165	139.15556	伊豆箱根鉄道・大雄山線
005173	平山	35.274295	140.064655	東日本旅客鉄道・久留里線
005174	立木	35.27428	135.33725	西日本旅客鉄道・山陰線
005175	平岡	35.27362	137.853647	東海旅客鉄道・飯田線
005176	彦根	35.272485	136.2634	西日本旅客鉄道・東海道線
005177	彦根	35.272175	136.263695	近江鉄道・本線
005178	足柄	35.27177	139.154505	小田急電鉄・小田原線
005179	間内	35.2716	136.93119	名古屋鉄道・小牧線
005180	島氏永	35.271147	136.80087	名古屋鉄道・名古屋本線
005181	県立大学	35.269817	139.67697	京浜急行電鉄・本線
005182	小谷松	35.268975	140.25104	いすみ鉄道・いすみ線
005183	井細田	35.26897	139.157395	伊豆箱根鉄道・大雄山線
005184	武庫	35.26742	133.4768	西日本旅客鉄道・伯備線
005185	鶯巣	35.267433	137.832667	東海旅客鉄道・飯田線
005186	青倉	35.26711	134.81169	西日本旅客鉄道・播但線
005187	養老渓谷	35.2664	140.159395	小湊鐵道・小湊鐵道線
005188	安栖里	35.26623	135.38538	西日本旅客鉄道・山陰線
005189	玉野	35.266195	136.7478	名古屋鉄道・尾西線
005190	智頭	35.265105	134.22558	西日本旅客鉄道・因美線
005191	智頭	35.265105	134.22558	智頭急行・智頭線
005192	下久野	35.26487	132.99247	西日本旅客鉄道・木次線
005193	寄畑	35.264835	138.474995	東海旅客鉄道・身延線
005194	高蔵寺	35.2644	137.043255	東海旅客鉄道・中央線
005195	高蔵寺	35.264255	137.04326	愛知環状鉄道・愛知環状鉄道線
005196	牛山	35.26406	136.93134	名古屋鉄道・小牧線
005197	大山寺	35.263305	136.87479	名古屋鉄道・犬山線
005198	上総東	35.26329	140.344905	いすみ鉄道・いすみ線
005199	堀ノ内	35.26315	139.687035	京浜急行電鉄・久里浜線
005200	堀ノ内	35.26315	139.687035	京浜急行電鉄・本線
005201	ひこね芹川	35.262148	136.261179	近江鉄道・本線
005202	京急大津	35.261005	139.69537	京浜急行電鉄・本線
005203	和知	35.260946	135.399178	西日本旅客鉄道・山陰線
005204	西大原	35.260515	140.377975	いすみ鉄道・いすみ線
005205	佐貫町	35.259985	139.87614	東日本旅客鉄道・内房線
005206	馬堀海岸	35.25956	139.707915	京浜急行電鉄・本線
005207	東総元	35.259445	140.24763	いすみ鉄道・いすみ線
005208	緑町	35.25927	139.15861	伊豆箱根鉄道・大雄山線
005209	上総松丘	35.258205	140.06403	東日本旅客鉄道・久留里線
005210	衣笠	35.25711	139.66099	東日本旅客鉄道・横須賀線
005211	新大津	35.25697	139.690197	京浜急行電鉄・久里浜線
005212	神領	35.256595	137.010465	東海旅客鉄道・中央線
005213	山崎	35.25644	136.739445	名古屋鉄道・尾西線
005214	小田原	35.256405	139.156505	伊豆箱根鉄道・大雄山線
005215	小田原	35.256355	139.15543	小田急電鉄・小田原線
005216	小田原	35.256355	139.15543	小田急箱根・鉄道線
005217	小田原	35.25621	139.154765	東海旅客鉄道・東海道新幹線
005218	小田原	35.256105	139.155767	東日本旅客鉄道・東海道線
005219	恋山形	35.25588	134.27909	智頭急行・智頭線
005220	徳重・名古屋芸大	35.255745	136.873355	名古屋鉄道・犬山線
005221	彦根口	35.25519	136.25859	近江鉄道・本線
005222	富士岡	35.254887	138.919643	東海旅客鉄道・御殿場線
005223	国府宮	35.25428	136.802935	名古屋鉄道・名古屋本線
005224	伊那小沢	35.254095	137.83475	東海旅客鉄道・飯田線
005225	北小松	35.253293	135.97004	西日本旅客鉄道・湖西線
005226	稲沢	35.253097	136.82093	東海旅客鉄道・東海道線
005227	浦賀	35.251876	139.71504	京浜急行電鉄・本線
005228	美濃津屋	35.251392	136.566718	養老鉄道・養老線
005229	大原	35.250847	140.391033	東日本旅客鉄道・外房線
005230	大原	35.250847	140.391033	いすみ鉄道・いすみ線
005231	強羅	35.250893	139.048257	小田急箱根・鉄道線
005232	強羅	35.250735	139.04794	小田急箱根・鋼索線
005233	西畑	35.250527	140.215177	いすみ鉄道・いすみ線
005234	春日井	35.25036	136.936235	名古屋鉄道・小牧線
005235	中水野	35.250455	137.071925	愛知環状鉄道・愛知環状鉄道線
005236	久我原	35.25022	140.247665	いすみ鉄道・いすみ線
005237	公園下	35.250075	139.046035	小田急箱根・鋼索線
005238	上総中野	35.25004	140.199595	小湊鐵道・小湊鐵道線
005239	上総中野	35.25004	140.199595	いすみ鉄道・いすみ線
005240	公園上	35.249123	139.043297	小田急箱根・鋼索線
005241	北久里浜	35.249162	139.68639	京浜急行電鉄・久里浜線
005242	中強羅	35.24808	139.04032	小田急箱根・鋼索線
005243	森上	35.24761	136.736955	名古屋鉄道・尾西線
005244	井出	35.247455	138.490985	東海旅客鉄道・身延線
005245	上強羅	35.24714	139.037725	小田急箱根・鋼索線
005246	彫刻の森	35.24665	139.05076	小田急箱根・鉄道線
005247	早雲山	35.24646	139.035825	小田急箱根・鋼索線
005248	風祭	35.24624	139.12916	小田急箱根・鉄道線
005249	南彦根	35.24608	136.248015	西日本旅客鉄道・東海道線
005250	箱根板橋	35.245155	139.145185	小田急箱根・鉄道線
005251	西春	35.244783	136.871293	名古屋鉄道・犬山線
005252	丹波竹田	35.243735	135.134095	西日本旅客鉄道・福知山線
005253	春日井	35.242962	136.984953	東海旅客鉄道・中央線
005254	宮ノ下	35.24199	139.063025	小田急箱根・鉄道線
005255	根雨	35.24146	133.44179	西日本旅客鉄道・伯備線
005256	入生田	35.24078	139.12106	小田急箱根・鉄道線
005257	総元	35.24057	140.24036	いすみ鉄道・いすみ線
005258	小涌谷	35.240345	139.053185	小田急箱根・鉄道線
005259	波根	35.24015	132.52609	西日本旅客鉄道・山陰線
005260	大平台	35.239065	139.07386	小田急箱根・鉄道線
005261	早川	35.238798	139.14504	東日本旅客鉄道・東海道線
005262	新井	35.23658	134.79521	西日本旅客鉄道・播但線
005263	高宮	35.236363	136.261067	近江鉄道・多賀線
005264	近江舞子	35.236355	135.959375	西日本旅客鉄道・湖西線
005265	高宮	35.236215	136.260605	近江鉄道・本線
005266	中井侍	35.23592	137.834935	東海旅客鉄道・飯田線
005267	味美	35.235105	136.937185	名古屋鉄道・小牧線
005268	奥田	35.235025	136.811145	名古屋鉄道・名古屋本線
005269	塔ノ沢	35.23446	139.094025	小田急箱根・鉄道線
005270	上丸渕	35.233875	136.73252	名古屋鉄道・尾西線
005271	箱根湯本	35.23354	139.10395	小田急箱根・鉄道線
005272	スクリーン	35.233305	136.267175	近江鉄道・多賀線
005273	久里浜	35.233067	139.70096	東日本旅客鉄道・横須賀線
005274	上総亀山	35.233185	140.089505	東日本旅客鉄道・久留里線
005275	土師	35.233	134.225725	西日本旅客鉄道・因美線
005276	山郷	35.2327	134.288745	智頭急行・智頭線
005277	京急久里浜	35.23147	139.702215	京浜急行電鉄・久里浜線
005278	稲子	35.230535	138.536935	東海旅客鉄道・身延線
005279	十島	35.23019	138.515875	東海旅客鉄道・身延線
005280	勝川	35.2299	136.95646	東海旅客鉄道・中央線
005281	久手	35.229825	132.508515	西日本旅客鉄道・山陰線
005282	味美	35.22935	136.93234	JR東海交通事業・城北線
005283	比良	35.2286	136.90293	JR東海交通事業・城北線
005284	勝川	35.228025	136.953335	JR東海交通事業・城北線
005285	出雲八代	35.227295	133.00148	西日本旅客鉄道・木次線
005286	多賀大社前	35.226422	136.28413	近江鉄道・多賀線
005287	大里	35.226405	136.818295	名古屋鉄道・名古屋本線
005288	瀬戸市	35.225913	137.078443	愛知環状鉄道・愛知環状鉄道線
005289	新瀬戸	35.225525	137.077685	名古屋鉄道・瀬戸線
005290	清洲	35.225477	136.83451	東海旅客鉄道・東海道線
005291	西富士宮	35.225451	138.602526	東海旅客鉄道・身延線
005292	河瀬	35.225385	136.225315	西日本旅客鉄道・東海道線
005293	瀬戸市役所前	35.224995	137.08421	名古屋鉄道・瀬戸線
005294	尾張瀬戸	35.22489	137.09674	名古屋鉄道・瀬戸線
005295	水野	35.224195	137.06942	名古屋鉄道・瀬戸線
005296	駒野	35.223743	136.603422	養老鉄道・養老線
005297	上小田井	35.2233	136.877015	名古屋市・3号線鶴舞線
005298	上小田井	35.2233	136.877015	名古屋鉄道・犬山線
005299	味鋺	35.222814	136.936269	名古屋鉄道・小牧線
005300	浪花	35.222635	140.379135	東日本旅客鉄道・外房線
005301	丸渕	35.222525	136.72899	名古屋鉄道・尾西線
005302	上総湊	35.22183	139.870995	東日本旅客鉄道・内房線
005303	小田井	35.221275	136.880925	JR東海交通事業・城北線
005304	富士宮	35.2212	138.615482	東海旅客鉄道・身延線
005305	比良	35.21996	135.944065	西日本旅客鉄道・湖西線
005306	小幡緑地	35.218665	136.982855	名古屋ガイドウェイバス・ガイドウェイバス志段味線
005307	尾張旭	35.216765	137.03625	名古屋鉄道・瀬戸線
005308	三郷	35.216235	137.05237	名古屋鉄道・瀬戸線
005309	白沢渓谷	35.21593	136.9785	名古屋ガイドウェイバス・ガイドウェイバス志段味線
005310	庄内緑地公園	35.215025	136.886615	名古屋市・3号線鶴舞線
005311	岩波	35.21513	138.919258	東海旅客鉄道・御殿場線
005312	中小田井	35.214755	136.876845	名古屋鉄道・犬山線
005313	源道寺	35.214485	138.62712	東海旅客鉄道・身延線
005314	川村	35.214165	136.968735	名古屋ガイドウェイバス・ガイドウェイバス志段味線
005315	旭前	35.214155	137.01975	名古屋鉄道・瀬戸線
005316	尼子	35.214025	136.24618	近江鉄道・本線
005317	渕高	35.213945	136.727355	名古屋鉄道・尾西線
005318	那岐	35.213762	134.20989	西日本旅客鉄道・因美線
005319	尾張星の宮	35.213061	136.855111	JR東海交通事業・城北線
005320	YRP野比	35.21257	139.685255	京浜急行電鉄・久里浜線
005321	井川	35.21227	138.22114	大井川鐵道・井川線
005322	下山	35.212195	135.422745	西日本旅客鉄道・山陰線
005323	新清洲	35.21146	136.83536	名古屋鉄道・名古屋本線
005324	印場	35.211025	137.01104	名古屋鉄道・瀬戸線
005325	川宮	35.210265	136.96204	名古屋ガイドウェイバス・ガイドウェイバス志段味線
005326	小和田	35.2099	137.835995	東海旅客鉄道・飯田線
005327	市島	35.20799	135.13006	西日本旅客鉄道・福知山線
005328	大森・金城学院前	35.206935	136.99659	名古屋鉄道・瀬戸線
005329	瀬戸口	35.206565	137.08213	愛知環状鉄道・愛知環状鉄道線
005330	黒坂	35.206485	133.383535	西日本旅客鉄道・伯備線
005331	亀嵩	35.206265	133.05287	西日本旅客鉄道・木次線
005332	新守山	35.20604	136.950238	東海旅客鉄道・中央線
005333	京急長沢	35.205445	139.674125	京浜急行電鉄・久里浜線
005334	美作河井	35.20541	134.107118	西日本旅客鉄道・因美線
005335	富士根	35.20527	138.63561	東海旅客鉄道・身延線
005336	喜多山	35.20506	136.98811	名古屋鉄道・瀬戸線
005337	丸ノ内	35.204205	136.84214	名古屋鉄道・名古屋本線
005338	庄内通	35.203815	136.891005	名古屋市・3号線鶴舞線
005339	上飯田	35.203605	136.92968	名古屋市・上飯田線
005340	上飯田	35.203605	136.92968	名古屋鉄道・小牧線
005341	稲枝	35.203325	136.19446	西日本旅客鉄道・東海道線
005342	根府川	35.202554	139.138622	東日本旅客鉄道・東海道線
005343	金屋	35.202495	136.95675	名古屋ガイドウェイバス・ガイドウェイバス志段味線
005344	下小田井	35.20243	136.87081	名古屋鉄道・犬山線
005345	志賀	35.202246	135.92482	西日本旅客鉄道・湖西線
005346	六輪	35.202215	136.729155	名古屋鉄道・尾西線
005347	大田市	35.20088	132.499355	西日本旅客鉄道・山陰線
005348	小幡	35.20007	136.97556	名古屋鉄道・瀬戸線
005349	枇杷島	35.19953	136.861463	東海旅客鉄道・東海道線
005350	枇杷島	35.199487	136.861403	JR東海交通事業・城北線
005351	沼久保	35.19929	138.58425	東海旅客鉄道・身延線
005352	須ヶ口	35.19893	136.845755	名古屋鉄道・津島線
005353	須ヶ口	35.19893	136.845755	名古屋鉄道・名古屋本線
005354	美濃山崎	35.198724	136.621537	養老鉄道・養老線
005355	青塚	35.198705	136.766935	名古屋鉄道・津島線
005356	津久井浜	35.19812	139.66485	京浜急行電鉄・久里浜線
005357	豊郷	35.197905	136.230985	近江鉄道・本線
005358	山口	35.197895	137.101702	愛知環状鉄道・愛知環状鉄道線
005359	竹岡	35.19759	139.83003	東日本旅客鉄道・内房線
005360	守山	35.19735	136.956553	名古屋ガイドウェイバス・ガイドウェイバス志段味線
005361	芝川	35.19725	138.56383	東海旅客鉄道・身延線
005362	黒川	35.19716	136.910155	名古屋市・2号線名城線
005363	瓢箪山	35.197145	136.964445	名古屋鉄道・瀬戸線
005364	出雲三成	35.196683	133.00986	西日本旅客鉄道・木次線
005365	志賀本通	35.196275	136.921215	名古屋市・2号線名城線
005366	平安通	35.19622	136.92976	名古屋市・上飯田線
005367	守山自衛隊前	35.19619	136.95757	名古屋鉄道・瀬戸線
005368	甚目寺	35.195955	136.825855	名古屋鉄道・津島線
005369	平安通	35.195885	136.929845	名古屋市・2号線名城線
005370	七宝	35.195785	136.805965	名古屋鉄道・津島線
005371	静間	35.195415	132.46804	西日本旅客鉄道・山陰線
005372	木田	35.1953	136.78801	名古屋鉄道・津島線
005373	胡麻	35.195295	135.468615	西日本旅客鉄道・山陰線
005374	新川橋	35.19525	136.85262	名古屋鉄道・名古屋本線
005375	勝幡	35.195245	136.750375	名古屋鉄道・津島線
005376	西枇杷島	35.195085	136.86528	名古屋鉄道・名古屋本線
005377	二ツ杁	35.19466	136.859785	名古屋鉄道・名古屋本線
005378	矢田	35.19366	136.947995	名古屋鉄道・瀬戸線
005379	上菅	35.19355	133.34194	西日本旅客鉄道・伯備線
005380	五十猛	35.19281	132.440935	西日本旅客鉄道・山陰線
005381	大曽根	35.192755	136.936175	名古屋市・2号線名城線
005382	大曽根	35.192755	136.936175	名古屋市・4号線名城線
005383	知和	35.192637	134.077047	西日本旅客鉄道・因美線
005384	尾盛	35.1921	138.174465	大井川鐵道・井川線
005385	浄心	35.192095	136.89079	名古屋市・3号線鶴舞線
005386	閑蔵	35.19174	138.194245	大井川鐵道・井川線
005387	大曽根	35.191595	136.93695	名古屋鉄道・瀬戸線
005388	大曽根	35.191525	136.9375	名古屋ガイドウェイバス・ガイドウェイバス志段味線
005389	ナゴヤドーム前矢田	35.190925	136.94399	名古屋市・4号線名城線
005390	名城公園	35.190457	136.904767	名古屋市・2号線名城線
005391	大嵐	35.19046	137.81852	東海旅客鉄道・飯田線
005392	ナゴヤドーム前矢田	35.190205	136.94742	名古屋ガイドウェイバス・ガイドウェイバス志段味線
005393	東枇杷島	35.18994	136.870315	名古屋鉄道・名古屋本線
005394	町方	35.189917	136.727037	名古屋鉄道・尾西線
005395	大曽根	35.18947	136.93718	東海旅客鉄道・中央線
005396	藤浪	35.18883	136.738915	名古屋鉄道・津島線
005397	砂田橋	35.18878	136.954205	名古屋ガイドウェイバス・ガイドウェイバス志段味線
005398	砂田橋	35.188705	136.954635	名古屋市・4号線名城線
005399	あわくら温泉	35.18851	134.336938	智頭急行・智頭線
005400	入山瀬	35.18835	138.647525	東海旅客鉄道・身延線
005401	三浦海岸	35.188285	139.653375	京浜急行電鉄・久里浜線
005402	森下	35.188245	136.92929	名古屋鉄道・瀬戸線
005403	尼ヶ坂	35.1878	136.919175	名古屋鉄道・瀬戸線
005404	御宿	35.18754	140.351445	東日本旅客鉄道・外房線
005405	清水	35.187095	136.91394	名古屋鉄道・瀬戸線
005406	茶屋ヶ坂	35.18466	136.962125	名古屋市・4号線名城線
005407	栄生	35.18379	136.873065	名古屋鉄道・名古屋本線
005408	東大手	35.18345	136.908475	名古屋鉄道・瀬戸線
005409	浅間町	35.183315	136.890205	名古屋市・3号線鶴舞線
005410	藤が丘	35.182555	137.021445	名古屋市・1号線東山線
005411	蓬莱	35.182527	135.915123	西日本旅客鉄道・湖西線
005412	藤が丘	35.1822	137.022265	愛知高速交通・東部丘陵線
005413	名古屋城	35.18147	136.905575	名古屋市・2号線名城線
005414	石津	35.180368	136.627481	養老鉄道・養老線
005415	能登川	35.179955	136.166015	西日本旅客鉄道・東海道線
005416	鍼灸大学前	35.179527	135.489523	西日本旅客鉄道・山陰線
005417	陶磁資料館南	35.17924	137.09705	愛知高速交通・東部丘陵線
005418	接岨峡温泉	35.178825	138.185285	大井川鐵道・井川線
005419	三崎口	35.178218	139.633358	京浜急行電鉄・久里浜線
005420	津島	35.17803	136.73107	名古屋鉄道・津島線
005421	津島	35.17803	136.73107	名古屋鉄道・尾西線
005422	愛・地球博記念公園	35.177665	137.087535	愛知高速交通・東部丘陵線
005423	亀島	35.17755	136.87746	名古屋市・1号線東山線
005424	はなみずき通	35.17752	137.03547	愛知高速交通・東部丘陵線
005425	出雲横田	35.177415	133.092555	西日本旅客鉄道・木次線
005426	本陣	35.17699	136.867245	名古屋市・1号線東山線
005427	八草	35.176515	137.10635	愛知高速交通・東部丘陵線
005428	愛知川	35.17616	136.21342	近江鉄道・本線
005429	自由ヶ丘	35.17539	136.966805	名古屋市・4号線名城線
005430	本郷	35.175325	137.01359	名古屋市・1号線東山線
005431	丸の内	35.174925	136.896735	名古屋市・3号線鶴舞線
005432	八草	35.17492	137.10715	愛知環状鉄道・愛知環状鉄道線
005433	公園西	35.1743	137.076855	愛知高速交通・東部丘陵線
005434	高岳	35.174165	136.916185	名古屋市・6号線桜通線
005435	久屋大通	35.173837	136.908143	名古屋市・2号線名城線
005436	久屋大通	35.17371	136.907833	名古屋市・6号線桜通線
005437	上社	35.17348	137.00659	名古屋市・1号線東山線
005438	車道	35.173405	136.92949	名古屋市・6号線桜通線
005439	丸の内	35.17304	136.898635	名古屋市・6号線桜通線
005440	中村日赤	35.1727	136.862295	名古屋市・1号線東山線
005441	国際センター	35.172055	136.888975	名古屋市・6号線桜通線
005442	芸大通	35.17188	137.06122	愛知高速交通・東部丘陵線
005443	杁ヶ池公園	35.171745	137.0379	愛知高速交通・東部丘陵線
005444	名古屋	35.171605	136.8837	名古屋市・1号線東山線
005445	長久手古戦場	35.17147	137.049505	愛知高速交通・東部丘陵線
005446	裾野	35.171327	138.90926	東海旅客鉄道・御殿場線
005447	名古屋	35.171402	136.881663	東海旅客鉄道・中央線
005448	名古屋	35.171402	136.881663	東海旅客鉄道・東海道線
005449	名古屋	35.171009	136.881374	東海旅客鉄道・関西線
005450	千種	35.170925	136.931095	東海旅客鉄道・中央線
005451	名古屋	35.17079	136.88229	名古屋市・6号線桜通線
005452	生山	35.170705	133.321915	西日本旅客鉄道・伯備線
005453	新栄町	35.17067	136.920105	名古屋市・1号線東山線
005454	千種	35.17066	136.92997	名古屋市・1号線東山線
005455	栄町	35.170485	136.908845	名古屋鉄道・瀬戸線
005456	名古屋	35.17075	136.880957	東海旅客鉄道・東海道新幹線
005457	名鉄名古屋	35.17044	136.88387	名古屋鉄道・名古屋本線
005458	西藤原	35.170195	136.47813	三岐鉄道・三岐線
005459	栄	35.16995	136.908587	名古屋市・1号線東山線
005460	今池	35.169785	136.938075	名古屋市・1号線東山線
005461	栄	35.169505	136.90863	名古屋市・2号線名城線
005462	美作加茂	35.16947	134.062195	西日本旅客鉄道・因美線
005463	近鉄名古屋	35.16936	136.88375	近畿日本鉄道・名古屋線
005464	伏見	35.169213	136.89738	名古屋市・1号線東山線
005465	今池	35.168975	136.937005	名古屋市・6号線桜通線
005466	伏見	35.169037	136.89734	名古屋市・3号線鶴舞線
005467	長島ダム	35.168935	138.157135	大井川鐵道・井川線
005468	名古屋	35.168661	136.882539	名古屋臨海高速鉄道・西名古屋港線
005469	黒井	35.16852	135.097325	西日本旅客鉄道・福知山線
005470	一社	35.1683	136.99599	名古屋市・1号線東山線
005471	浜金谷	35.168195	139.82226	東日本旅客鉄道・内房線
005472	竪堀	35.168065	138.64579	東海旅客鉄道・身延線
005473	池下	35.167825	136.946025	名古屋市・1号線東山線
005474	奥大井湖上	35.167805	138.18064	大井川鐵道・井川線
005475	中村公園	35.16773	136.854925	名古屋市・1号線東山線
005476	太閤通	35.16763	136.873385	名古屋市・6号線桜通線
005477	アプトいちしろ	35.16758	138.144665	大井川鐵道・井川線
005478	覚王山	35.166545	136.952505	名古屋市・1号線東山線
005479	岳南原田	35.16609	138.7046	岳南電車・岳南鉄道線
005480	ひらんだ	35.164885	138.16801	大井川鐵道・井川線
005481	西野尻	35.16404	136.48793	三岐鉄道・三岐線
005482	本山	35.163875	136.96371	名古屋市・1号線東山線
005483	日比野	35.163675	136.7286	名古屋鉄道・尾西線
005484	水窪	35.163335	137.8705	東海旅客鉄道・飯田線
005485	矢場町	35.163305	136.908725	名古屋市・2号線名城線
005486	生野	35.16322	134.78913	西日本旅客鉄道・播但線
005487	本山	35.16288	136.96379	名古屋市・4号線名城線
005488	星ヶ丘	35.16277	136.98589	名古屋市・1号線東山線
005489	日吉	35.162037	135.503483	西日本旅客鉄道・山陰線
005490	ささしまライブ	35.162015	136.88192	名古屋臨海高速鉄道・西名古屋港線
005491	本吉原	35.16197	138.69281	岳南電車・岳南鉄道線
005492	和邇	35.161653	135.922322	西日本旅客鉄道・湖西線
005493	比奈	35.16148	138.713625	岳南電車・岳南鉄道線
005494	大須観音	35.16141	136.898075	名古屋市・3号線鶴舞線
005495	米野	35.16126	136.87962	近畿日本鉄道・名古屋線
005496	神谷	35.16098	138.74302	岳南電車・岳南鉄道線
005497	岳南富士岡	35.16095	138.72339	岳南電車・岳南鉄道線
005498	美濃松山	35.160906	136.632682	養老鉄道・養老線
005499	吉原本町	35.16077	138.68973	岳南電車・岳南鉄道線
005500	東山公園	35.16063	136.97264	名古屋市・1号線東山線
005501	須津	35.16047	138.73392	岳南電車・岳南鉄道線
005502	西粟倉	35.160345	134.33578	智頭急行・智頭線
005503	吹上	35.158805	136.93522	名古屋市・6号線桜通線
005504	岩塚	35.1582	136.854417	名古屋市・1号線東山線
005505	ジヤトコ前	35.15776	138.69004	岳南電車・岳南鉄道線
005506	上前津	35.157517	136.90678	名古屋市・2号線名城線
005507	上前津	35.15734	136.906527	名古屋市・3号線鶴舞線
005508	柚木	35.15731	138.63911	東海旅客鉄道・身延線
005509	鶴舞	35.156995	136.918175	東海旅客鉄道・中央線
005510	真鶴	35.156754	139.132133	東日本旅客鉄道・東海道線
005511	黄金	35.156275	136.870805	近畿日本鉄道・名古屋線
005512	鶴舞	35.156155	136.91525	名古屋市・3号線鶴舞線
005513	岳南江尾	35.155245	138.75183	岳南電車・岳南鉄道線
005514	五箇荘	35.15484	136.19725	近江鉄道・本線
005515	篠原	35.15473	137.12077	愛知環状鉄道・愛知環状鉄道線
005516	名古屋大学	35.154512	136.966577	名古屋市・4号線名城線
005517	向市場	35.154065	137.869455	東海旅客鉄道・飯田線
005518	烏森	35.152815	136.86381	近畿日本鉄道・名古屋線
005519	石生	35.15275	135.06375	西日本旅客鉄道・福知山線
005520	勝浦	35.15262	140.31197	東日本旅客鉄道・外房線
005521	山王	35.151885	136.88877	名古屋鉄道・名古屋本線
005522	富士	35.15127	138.651848	東海旅客鉄道・身延線
005523	富士	35.15127	138.651848	東海旅客鉄道・東海道線
005524	仁万	35.151005	132.40351	西日本旅客鉄道・山陰線
005525	東別院	35.149935	136.904575	名古屋市・2号線名城線
005526	御器所	35.14972	136.933657	名古屋市・6号線桜通線
005527	奥泉	35.14978	138.14778	大井川鐵道・井川線
005528	荒畑	35.1496	136.92523	名古屋市・3号線鶴舞線
005529	近鉄八田	35.149525	136.854338	近畿日本鉄道・名古屋線
005530	御器所	35.149467	136.933883	名古屋市・3号線鶴舞線
005531	八川	35.14939	133.089445	西日本旅客鉄道・木次線
005532	小本	35.149063	136.86146	名古屋臨海高速鉄道・西名古屋港線
005533	八田	35.148787	136.852183	東海旅客鉄道・関西線
005534	川名	35.148715	136.94826	名古屋市・3号線鶴舞線
005535	八田	35.148337	136.853262	名古屋市・1号線東山線
005536	佐屋	35.14755	136.716685	名古屋鉄道・尾西線
005537	東藤原	35.147415	136.498835	三岐鉄道・三岐線
005538	長泉なめり	35.147345	138.899325	東海旅客鉄道・御殿場線
005539	尾頭橋	35.147048	136.891017	東海旅客鉄道・東海道線
005540	阿下喜	35.146275	136.519035	三岐鉄道・北勢線
005541	湯河原	35.146125	139.1022	東日本旅客鉄道・東海道線
005542	八事日赤	35.144638	136.964892	名古屋市・4号線名城線
005543	吉原	35.14444	138.701235	岳南電車・岳南鉄道線
005544	吉原	35.143885	138.70264	東海旅客鉄道・東海道線
005545	金山	35.143875	136.901935	名古屋市・2号線名港線
005546	金山	35.143875	136.901935	名古屋市・2号線名城線
005547	金山	35.143875	136.901935	名古屋市・4号線名城線
005548	いりなか	35.14387	136.95454	名古屋市・3号線鶴舞線
005549	金山	35.143295	136.90085	東海旅客鉄道・中央線
005550	春田	35.14315	136.813385	東海旅客鉄道・関西線
005551	金山	35.14286	136.90133	名古屋鉄道・名古屋本線
005552	金山	35.142773	136.900897	東海旅客鉄道・東海道線
005553	安土	35.142573	136.133797	西日本旅客鉄道・東海道線
005554	新富士	35.142068	138.663009	東海旅客鉄道・東海道新幹線
005555	三浦	35.14211	134.07808	西日本旅客鉄道・因美線
005556	蟹江	35.14198	136.793475	東海旅客鉄道・関西線
005557	川根小山	35.141725	138.14104	大井川鐵道・井川線
005558	保田	35.141465	139.83816	東日本旅客鉄道・内房線
005559	鵜原	35.14125	140.278965	東日本旅客鉄道・外房線
005560	富士川	35.14113	138.61871	東海旅客鉄道・東海道線
005561	伏屋	35.14015	136.827825	近畿日本鉄道・名古屋線
005562	荒子	35.14005	136.861935	名古屋臨海高速鉄道・西名古屋港線
005563	桜山	35.140037	136.933313	名古屋市・6号線桜通線
005564	高畑	35.1391	136.853513	名古屋市・1号線東山線
005565	小野	35.138845	135.922685	西日本旅客鉄道・湖西線
005566	上総興津	35.137215	140.25047	東日本旅客鉄道・外房線
005567	八事	35.137038	136.96462	名古屋市・4号線名城線
005568	八事	35.137015	136.963785	名古屋市・3号線鶴舞線
005569	保見	35.136715	137.134363	愛知環状鉄道・愛知環状鉄道線
005570	東田子の浦	35.13627	138.745485	東海旅客鉄道・東海道線
005571	土本	35.13603	138.13917	大井川鐵道・井川線
005572	河辺の森	35.135325	136.196225	近江鉄道・本線
005573	西高蔵	35.134865	136.901805	名古屋市・4号線名城線
005574	多度	35.133743	136.640663	養老鉄道・養老線
005575	麻生田	35.13359	136.53561	三岐鉄道・北勢線
005576	船岡	35.13349	135.491805	西日本旅客鉄道・山陰線
005577	貝津	35.13312	137.148055	愛知環状鉄道・愛知環状鉄道線
005578	永和	35.13284	136.76441	東海旅客鉄道・関西線
005579	日比野	35.132765	136.89309	名古屋市・2号線名港線
005580	伊勢治田	35.132755	136.514745	三岐鉄道・三岐線
005581	戸田	35.132605	136.807445	近畿日本鉄道・名古屋線
005582	塩釜口	35.13243	136.97863	名古屋市・3号線鶴舞線
005583	瑞穂区役所	35.13203	136.93439	名古屋市・6号線桜通線
005584	南荒子	35.131635	136.861935	名古屋臨海高速鉄道・西名古屋港線
005585	城西	35.131585	137.862025	東海旅客鉄道・飯田線
005586	総合リハビリセンター	35.1305	136.954477	名古屋市・4号線名城線
005587	熱田	35.129802	136.910675	東海旅客鉄道・東海道線
005588	近鉄蟹江	35.12965	136.795215	近畿日本鉄道・名古屋線
005589	五ノ三	35.129345	136.711435	名古屋鉄道・尾西線
005590	安房小湊	35.128635	140.18977	東日本旅客鉄道・外房線
005591	下土狩	35.128543	138.895105	東海旅客鉄道・御殿場線
005592	植田	35.1285	136.988555	名古屋市・3号線鶴舞線
005593	馬路	35.12804	132.387405	西日本旅客鉄道・山陰線
005594	十国峠山麓	35.12768	139.03743	十国峠・十国鋼索線
005595	十国峠山頂	35.12768	139.04083	十国峠・十国鋼索線
005596	黒笹	35.12767	137.091595	名古屋鉄道・豊田線
005597	熱田神宮西	35.12765	136.90682	名古屋市・4号線名城線
005598	柏原	35.127195	135.077125	西日本旅客鉄道・福知山線
005599	三好ヶ丘	35.126995	137.111415	名古屋鉄道・豊田線
005600	三島	35.12671	138.90969	東海旅客鉄道・東海道新幹線
005601	三島	35.126153	138.910603	東海旅客鉄道・東海道線
005602	原	35.126037	136.997087	名古屋市・3号線鶴舞線
005603	三島	35.125855	138.910635	伊豆箱根鉄道・駿豆線
005604	安房天津	35.12579	140.15474	東日本旅客鉄道・外房線
005605	神宮前	35.125705	136.912565	名古屋鉄道・常滑線
005606	神宮前	35.125705	136.912565	名古屋鉄道・名古屋本線
005607	中島	35.125185	136.86141	名古屋臨海高速鉄道・西名古屋港線
005608	瑞穂運動場西	35.125095	136.935435	名古屋市・6号線桜通線
005609	原	35.124935	138.793345	東海旅客鉄道・東海道線
005610	沢間	35.12472	138.13436	大井川鐵道・井川線
005611	六番町	35.124105	136.88839	名古屋市・2号線名港線
005612	大原	35.123905	134.327825	智頭急行・智頭線
005613	米野木	35.1237	137.06699	名古屋鉄道・豊田線
005614	美作滝尾	35.123585	134.071405	西日本旅客鉄道・因美線
005615	富吉	35.12349	136.76937	近畿日本鉄道・名古屋線
005616	瑞穂運動場東	35.12271	136.948342	名古屋市・4号線名城線
005617	丹生川	35.122705	136.51954	三岐鉄道・三岐線
005618	平針	35.1227	137.007215	名古屋市・3号線鶴舞線
005619	近江八幡	35.12254	136.10255	西日本旅客鉄道・東海道線
005620	近江八幡	35.12221	136.102705	近江鉄道・八日市線
005621	四郷	35.121927	137.162693	愛知環状鉄道・愛知環状鉄道線
005622	猿投	35.121735	137.178705	名古屋鉄道・三河線
005623	浄水	35.121285	137.137315	名古屋鉄道・豊田線
005624	赤池	35.121035	137.018205	名古屋市・3号線鶴舞線
005625	赤池	35.121035	137.018205	名古屋鉄道・豊田線
005626	堅田	35.121015	135.9151	西日本旅客鉄道・湖西線
005627	熱田神宮伝馬町	35.120875	136.91044	名古屋市・4号線名城線
005628	堀田	35.120225	136.919995	名古屋鉄道・名古屋本線
005629	佐古木	35.11948	136.752305	近畿日本鉄道・名古屋線
005630	新蒲原	35.119414	138.608102	東海旅客鉄道・東海道線
005631	三島広小路	35.119345	138.911215	伊豆箱根鉄道・駿豆線
005632	新瑞橋	35.1189	136.93638	名古屋市・6号線桜通線
005633	日進	35.11839	137.048775	名古屋鉄道・豊田線
005634	行川アイランド	35.118255	140.22571	東日本旅客鉄道・外房線
005635	片浜	35.11837	138.818673	東海旅客鉄道・東海道線
005636	新瑞橋	35.11773	136.93722	名古屋市・4号線名城線
005637	妙音通	35.11712	136.92958	名古屋市・4号線名城線
005638	長谷	35.11704	134.74814	西日本旅客鉄道・播但線
005639	川根両国	35.11681	138.14059	大井川鐵道・井川線
005640	堀田	35.116455	136.92146	名古屋市・4号線名城線
005641	多宝塔	35.11644	135.77281	鞍馬寺・鞍馬山鋼索鉄道
005642	三島田町	35.116202	138.918563	伊豆箱根鉄道・駿豆線
005643	上豊田	35.116175	137.1551	名古屋鉄道・豊田線
005644	大岡	35.11604	138.881764	東海旅客鉄道・御殿場線
005645	下野代	35.115898	136.64723	養老鉄道・養老線
005646	相月	35.11491	137.85436	東海旅客鉄道・飯田線
005647	武佐	35.11487	136.130645	近江鉄道・八日市線
005648	呼続	35.11476	136.93037	名古屋鉄道・名古屋本線
005649	港北	35.11464	136.862773	名古屋臨海高速鉄道・西名古屋港線
005650	山門	35.11455	135.772875	鞍馬寺・鞍馬山鋼索鉄道
005651	平戸橋	35.114545	137.18459	名古屋鉄道・三河線
005652	八日市	35.114175	136.19454	近江鉄道・八日市線
005653	八日市	35.114175	136.19454	近江鉄道・本線
005654	蒲原	35.114037	138.58283	東海旅客鉄道・東海道線
005655	弥富	35.114065	136.725845	東海旅客鉄道・関西線
005656	安房勝山	35.114065	139.83341	東日本旅客鉄道・内房線
005657	弥富	35.114065	136.725845	名古屋鉄道・尾西線
005658	豊田本町	35.113625	136.91082	名古屋鉄道・常滑線
005659	近鉄弥富	35.113585	136.727765	近畿日本鉄道・名古屋線
005660	東海通	35.113475	136.886045	名古屋市・2号線名港線
005661	鞍馬	35.1129	135.772255	叡山電鉄・鞍馬線
005662	上石見	35.112485	133.351605	西日本旅客鉄道・伯備線
005663	三島二日町	35.11103	138.925935	伊豆箱根鉄道・駿豆線
005664	楚原	35.110865	136.560305	三岐鉄道・北勢線
005665	新八日市	35.110475	136.192085	近江鉄道・八日市線
005666	平田	35.110185	136.14664	近江鉄道・八日市線
005667	桜本町	35.109315	136.93684	名古屋市・6号線桜通線
005668	函南	35.108716	138.970984	東海旅客鉄道・東海道線
005669	太郎坊宮前	35.10854	136.183985	近江鉄道・八日市線
005670	千頭	35.10777	138.136905	大井川鐵道・井川線
005671	千頭	35.10777	138.136905	大井川鐵道・大井川本線
005672	越戸	35.10767	137.18013	名古屋鉄道・三河線
005673	安房鴨川	35.10762	140.10371	東日本旅客鉄道・外房線
005674	安房鴨川	35.10762	140.10371	東日本旅客鉄道・内房線
005675	三里	35.10725	136.53833	三岐鉄道・三岐線
005676	湯里	35.10656	132.375535	西日本旅客鉄道・山陰線
005677	港区役所	35.106505	136.884795	名古屋市・2号線名港線
005678	桜	35.106055	136.934625	名古屋鉄道・名古屋本線
005679	貴船口	35.105868	135.7636	叡山電鉄・鞍馬線
005680	道徳	35.1057	136.90952	名古屋鉄道・常滑線
005681	鶴里	35.105565	136.9442	名古屋市・6号線桜通線
005682	愛環梅坪	35.105155	137.160915	愛知環状鉄道・愛知環状鉄道線
005683	荒子川公園	35.104505	136.861305	名古屋臨海高速鉄道・西名古屋港線
005684	熱海	35.104413	139.078168	東海旅客鉄道・東海道新幹線
005685	熱海	35.10379	139.077805	東海旅客鉄道・東海道線
005686	熱海	35.10373	139.078078	東日本旅客鉄道・東海道線
005687	市辺	35.10384	136.16562	近江鉄道・八日市線
005688	熱海	35.10373	139.078078	東日本旅客鉄道・伊東線
005689	沼津	35.10304	138.860477	東海旅客鉄道・東海道線
005690	沼津	35.10304	138.860477	東海旅客鉄道・御殿場線
005691	鳴子北	35.1027	136.966165	名古屋市・6号線桜通線
005692	野並	35.102605	136.954895	名古屋市・6号線桜通線
005693	相生山	35.102514	136.976236	名古屋市・6号線桜通線
005694	出雲坂根	35.10244	133.120583	西日本旅客鉄道・木次線
005695	園部	35.10217	135.483455	西日本旅客鉄道・山陰線
005696	宮本武蔵	35.10185	134.330475	智頭急行・智頭線
005697	築地口	35.099945	136.8832	名古屋市・2号線名港線
005698	梅坪	35.09967	137.162285	名古屋鉄道・三河線
005699	梅坪	35.09967	137.162285	名古屋鉄道・豊田線
005700	篠原	35.09928	136.07176	西日本旅客鉄道・東海道線
005701	本笠寺	35.09908	136.933435	名古屋鉄道・名古屋本線
005702	来宮	35.09872	139.06557	東日本旅客鉄道・伊東線
005703	神沢	35.098632	136.989399	名古屋市・6号線桜通線
005704	長島	35.09817	136.695655	東海旅客鉄道・関西線
005705	近鉄長島	35.09763	136.69608	近畿日本鉄道・名古屋線
005706	二ノ瀬	35.097625	135.762985	叡山電鉄・鞍馬線
005707	由比	35.097125	138.55282	東海旅客鉄道・東海道線
005708	おごと温泉	35.096895	135.894563	西日本旅客鉄道・湖西線
005709	下深谷	35.096057	136.661554	養老鉄道・養老線
005710	長谷野	35.09558	136.18757	近江鉄道・本線
005711	大泉	35.095205	136.56999	三岐鉄道・北勢線
005712	笠寺	35.095317	136.926227	東海旅客鉄道・東海道線
005713	徳重	35.094888	136.997627	名古屋市・6号線桜通線
005714	大江	35.0933	136.9128	名古屋鉄道・常滑線
005715	大江	35.0933	136.9128	名古屋鉄道・築港線
005716	名古屋港	35.093205	136.881915	名古屋市・2号線名港線
005717	岩井	35.09305	139.84987	東日本旅客鉄道・内房線
005718	大場	35.0922	138.93938	伊豆箱根鉄道・駿豆線
005719	吉富	35.092055	135.498545	西日本旅客鉄道・山陰線
005720	佐久間	35.09187	137.809725	東海旅客鉄道・飯田線
005721	崎平	35.09185	138.12747	大井川鐵道・大井川本線
005722	大安	35.091545	136.54576	三岐鉄道・三岐線
005723	稲永	35.09151	136.86336	名古屋臨海高速鉄道・西名古屋港線
005724	温泉津	35.09127	132.350765	西日本旅客鉄道・山陰線
005725	三井野原	35.09123	133.116475	西日本旅客鉄道・木次線
005726	青部	35.089557	138.11557	大井川鐵道・大井川本線
005727	東名古屋港	35.08909	136.899185	名古屋鉄道・築港線
005728	市原	35.08816	135.76305	叡山電鉄・鞍馬線
005729	下滝	35.08787	135.09417	西日本旅客鉄道・福知山線
005730	新豊田	35.087879	137.153541	愛知環状鉄道・愛知環状鉄道線
005731	大学前	35.08778	136.184675	近江鉄道・本線
005732	本星崎	35.087475	136.937335	名古屋鉄道・名古屋本線
005733	豊田市	35.08726	137.15624	名古屋鉄道・三河線
005734	中部天竜	35.085315	137.802855	東海旅客鉄道・飯田線
005735	谷川	35.08279	135.049895	西日本旅客鉄道・加古川線
005736	谷川	35.08279	135.049895	西日本旅客鉄道・福知山線
005737	新郷	35.082105	133.367805	西日本旅客鉄道・伯備線
005738	石井	35.08192	134.35772	智頭急行・智頭線
005739	太海	35.081485	140.09623	東日本旅客鉄道・内房線
005740	久世	35.081	133.74508	西日本旅客鉄道・姫新線
005741	中国勝山	35.08061	133.69476	西日本旅客鉄道・姫新線
005742	高野	35.080475	134.065945	西日本旅客鉄道・因美線
005743	大同町	35.08026	136.90935	名古屋鉄道・常滑線
005744	伊豆仁田	35.078755	138.941565	伊豆箱根鉄道・駿豆線
005745	鳴海	35.07843	136.95119	名古屋鉄道・名古屋本線
005746	播磨	35.078266	136.674623	養老鉄道・養老線
005747	東員	35.078155	136.587065	三岐鉄道・北勢線
005748	二軒茶屋	35.07803	135.765815	叡山電鉄・鞍馬線
005749	石見福光	35.076585	132.3289	西日本旅客鉄道・山陰線
005750	刑部	35.076265	133.566025	西日本旅客鉄道・姫新線
005751	久下村	35.075865	135.03063	西日本旅客鉄道・加古川線
005752	野跡	35.075325	136.85419	名古屋臨海高速鉄道・西名古屋港線
005753	梅戸井	35.075055	136.557195	三岐鉄道・三岐線
005754	京セラ前	35.07484	136.180405	近江鉄道・本線
005755	駿河徳山	35.074705	138.11055	大井川鐵道・大井川本線
005756	京都精華大前	35.073055	135.76891	叡山電鉄・鞍馬線
005757	柴田	35.072825	136.90908	名古屋鉄道・常滑線
005758	穴太	35.07282	136.60535	三岐鉄道・北勢線
005759	丹波大山	35.0724	135.168565	西日本旅客鉄道・福知山線
005760	上挙母	35.07192	137.15467	名古屋鉄道・三河線
005761	新上挙母	35.07179	137.15118	愛知環状鉄道・愛知環状鉄道線
005762	岩倉	35.071213	135.786373	叡山電鉄・鞍馬線
005763	木野	35.071095	135.776535	叡山電鉄・鞍馬線
005764	比叡山坂本	35.070895	135.878443	西日本旅客鉄道・湖西線
005765	坂本比叡山口	35.070585	135.871285	京阪電気鉄道・石山坂本線
005766	左京山	35.07052	136.96038	名古屋鉄道・名古屋本線
005767	ケーブル坂本	35.06976	135.863955	比叡山鉄道・比叡山鉄道線
005768	下川合	35.06933	137.78639	東海旅客鉄道・飯田線
005769	七和	35.06912	136.61549	三岐鉄道・北勢線
005770	大高	35.0691	136.94028	東海旅客鉄道・東海道線
005771	八木	35.068986	135.531974	西日本旅客鉄道・山陰線
005772	野洲	35.068435	136.02239	西日本旅客鉄道・東海道線
005773	ほうらい丘	35.068319	135.861207	比叡山鉄道・比叡山鉄道線
005774	有松	35.06769	136.9711	名古屋鉄道・名古屋本線
005775	もたて山	35.067452	135.846876	比叡山鉄道・比叡山鉄道線
005776	桑名	35.066975	136.683375	近畿日本鉄道・名古屋線
005777	桑名	35.066975	136.683375	養老鉄道・養老線
005778	ケーブル八瀬	35.066925	135.808905	京福電気鉄道・鋼索線
005779	桑名	35.06667	136.68374	東海旅客鉄道・関西線
005780	ケーブル延暦寺	35.066515	135.84419	比叡山鉄道・比叡山鉄道線
005781	八幡前	35.06617	135.792445	叡山電鉄・鞍馬線
005782	原木	35.06549	138.943705	伊豆箱根鉄道・駿豆線
005783	寺前	35.065303	134.7432	西日本旅客鉄道・播但線
005784	松ノ馬場	35.065445	135.870325	京阪電気鉄道・石山坂本線
005785	西桑名	35.06539	136.683795	三岐鉄道・北勢線
005786	八瀬比叡山口	35.06512	135.808345	叡山電鉄・叡山本線
005787	桜川	35.064945	136.18758	近江鉄道・本線
005788	ケーブル比叡	35.064265	135.822165	京福電気鉄道・鋼索線
005789	星川	35.064193	136.630337	三岐鉄道・北勢線
005790	船町口	35.062885	135.00936	西日本旅客鉄道・加古川線
005791	国際会館	35.06289	135.785087	京都市・烏丸線
005792	江見	35.0625	140.06114	東日本旅客鉄道・内房線
005793	三宅八幡	35.062375	135.79619	叡山電鉄・叡山本線
005794	坪井	35.062147	133.877283	西日本旅客鉄道・姫新線
005795	中京競馬場前	35.0615	136.98089	名古屋鉄道・名古屋本線
005796	名和	35.06092	136.91169	名古屋鉄道・常滑線
005797	在良	35.06071	136.643525	三岐鉄道・北勢線
005798	馬道	35.06061	136.676405	三岐鉄道・北勢線
005799	北勢中央公園口	35.060605	136.566045	三岐鉄道・三岐線
005800	早瀬	35.060575	137.77509	東海旅客鉄道・飯田線
005801	西別所	35.0596	136.665643	三岐鉄道・北勢線
005802	蓮花寺	35.059528	136.651061	三岐鉄道・北勢線
005803	伊豆多賀	35.059483	139.06691	東日本旅客鉄道・伊東線
005804	院庄	35.058985	133.95752	西日本旅客鉄道・姫新線
005805	美作追分	35.058753	133.820113	西日本旅客鉄道・姫新線
005806	東津山	35.058707	134.03205	西日本旅客鉄道・因美線
005807	東津山	35.058707	134.03205	西日本旅客鉄道・姫新線
005808	美作千代	35.05849	133.906035	西日本旅客鉄道・姫新線
005809	土橋	35.058225	137.12947	名古屋鉄道・三河線
005810	宝ヶ池	35.058095	135.792315	叡山電鉄・鞍馬線
005811	宝ヶ池	35.05809	135.79246	叡山電鉄・叡山本線
005812	益生	35.057785	136.678585	近畿日本鉄道・名古屋線
005813	黒松	35.057025	132.3134	西日本旅客鉄道・山陰線
005814	浦川	35.05634	137.76357	東海旅客鉄道・飯田線
005815	篠山口	35.056195	135.17749	西日本旅客鉄道・福知山線
005816	穴太	35.0556	135.864885	京阪電気鉄道・石山坂本線
005817	三河豊田	35.055437	137.15093	愛知環状鉄道・愛知環状鉄道線
005818	富原	35.05492	133.61239	西日本旅客鉄道・姫新線
005819	津山	35.054505	134.003445	西日本旅客鉄道・津山線
005820	津山	35.054505	134.003445	西日本旅客鉄道・姫新線
005821	津山口	35.054475	133.98275	西日本旅客鉄道・津山線
005822	南大高	35.054448	136.94872	東海旅客鉄道・東海道線
005823	韮山	35.053285	138.94552	伊豆箱根鉄道・駿豆線
005824	本黒田	35.052953	134.995947	西日本旅客鉄道・加古川線
005825	興津	35.052515	138.521905	東海旅客鉄道・東海道線
005826	前後	35.052075	136.995925	名古屋鉄道・名古屋本線
005827	松ヶ崎	35.051592	135.776318	京都市・烏丸線
005828	田野口	35.05133	138.09548	大井川鐵道・大井川本線
005829	北山	35.05126	135.765605	京都市・烏丸線
005830	朝日大塚	35.05099	136.19358	近江鉄道・本線
005831	守山	35.050938	135.996464	西日本旅客鉄道・東海道線
005832	新野	35.05023	134.75258	西日本旅客鉄道・播但線
005833	上市場	35.050195	137.752415	東海旅客鉄道・飯田線
005834	修学院	35.050005	135.7903	叡山電鉄・叡山本線
005835	唐崎	35.0498	135.866965	西日本旅客鉄道・湖西線
005836	出馬	35.049345	137.74425	東海旅客鉄道・飯田線
005837	古見	35.04921	133.760725	西日本旅客鉄道・姫新線
005838	金城ふ頭	35.048885	136.849245	名古屋臨海高速鉄道・西名古屋港線
005839	千代川	35.04844	135.54842	西日本旅客鉄道・山陰線
005840	月田	35.047965	133.66669	西日本旅客鉄道・姫新線
005841	保々	35.046775	136.56592	三岐鉄道・三岐線
005842	丹治部	35.04634	133.553705	西日本旅客鉄道・姫新線
005843	富浦	35.04623	139.837755	東日本旅客鉄道・内房線
005844	美作大崎	35.045322	134.067535	西日本旅客鉄道・姫新線
005845	北大路	35.04463	135.758375	京都市・烏丸線
005846	油木	35.0446	133.11927	西日本旅客鉄道・木次線
005847	一乗寺	35.04438	135.78752	叡山電鉄・叡山本線
005848	平福	35.04369	134.371875	智頭急行・智頭線
005849	滋賀里	35.04355	135.859235	京阪電気鉄道・石山坂本線
005850	網代	35.04351	139.081069	東日本旅客鉄道・伊東線
005851	西勝間田	35.043445	134.089515	西日本旅客鉄道・姫新線
005852	聚楽園	35.042817	136.903057	名古屋鉄道・常滑線
005853	和田浦	35.04171	140.01961	東日本旅客鉄道・内房線
005854	豊明	35.041135	137.008245	名古屋鉄道・名古屋本線
005855	竹村	35.040075	137.114755	名古屋鉄道・三河線
005856	伊豆長岡	35.039805	138.94751	伊豆箱根鉄道・駿豆線
005857	末野原	35.03954	137.1469	愛知環状鉄道・愛知環状鉄道線
005858	足立	35.0384	133.38384	西日本旅客鉄道・伯備線
005859	茶山・京都芸術大学	35.038395	135.78465	叡山電鉄・叡山本線
005860	伊勢朝日	35.038255	136.66887	近畿日本鉄道・名古屋線
005861	南矢代	35.03764	135.174805	西日本旅客鉄道・福知山線
005862	栗東	35.037485	135.980105	西日本旅客鉄道・東海道線
005863	鞍馬口	35.037352	135.759326	京都市・烏丸線
005864	浅利	35.037005	132.27406	西日本旅客鉄道・山陰線
005865	南滋賀	35.0365	135.857685	京阪電気鉄道・石山坂本線
005866	勝間田	35.03587	134.118748	西日本旅客鉄道・姫新線
005867	共和	35.035365	136.95458	東海旅客鉄道・東海道線
005868	山城	35.035275	136.588355	三岐鉄道・三岐線
005869	新日鉄前	35.03514	136.89949	名古屋鉄道・常滑線
005870	元田中	35.035015	135.78163	叡山電鉄・叡山本線
005871	朝日	35.033735	136.658	東海旅客鉄道・関西線
005872	暁学園前	35.03282	136.605955	三岐鉄道・三岐線
005873	並河	35.032295	135.55505	西日本旅客鉄道・山陰線
005874	佐良山	35.032072	133.960876	西日本旅客鉄道・津山線
005875	朝日野	35.03154	136.205727	近江鉄道・本線
005876	出町柳	35.03092	135.773545	叡山電鉄・叡山本線
005877	今出川	35.030058	135.759334	京都市・烏丸線
005878	出町柳	35.030038	135.772637	京阪電気鉄道・鴨東線
005879	富士松	35.029805	137.01644	名古屋鉄道・名古屋本線
005880	那古船形	35.02904	139.8514	東日本旅客鉄道・内房線
005881	東栄	35.02897	137.713855	東海旅客鉄道・飯田線
005882	平津	35.02844	136.61843	三岐鉄道・三岐線
005883	龍安寺	35.027835	135.72143	京福電気鉄道・北野線
005884	等持院・立命館大学衣笠キャンパス前	35.02783	135.72368	京福電気鉄道・北野線
005885	近江神宮前	35.027565	135.85574	京阪電気鉄道・石山坂本線
005886	永覚	35.02747	137.13898	愛知環状鉄道・愛知環状鉄道線
005887	手原	35.027425	135.99944	西日本旅客鉄道・草津線
005888	北野白梅町	35.027425	135.73081	京福電気鉄道・北野線
005889	宇多野	35.027055	135.70988	京福電気鉄道・北野線
005890	御室仁和寺	35.026355	135.71439	京福電気鉄道・北野線
005891	若林	35.026305	137.09584	名古屋鉄道・三河線
005892	妙心寺	35.02628	135.71785	京福電気鉄道・北野線
005893	トロッコ保津峡	35.026065	135.646235	嵯峨野観光鉄道・嵯峨野観光線
005894	大津京	35.024127	135.856893	西日本旅客鉄道・湖西線
005895	池場	35.02433	137.703905	東海旅客鉄道・飯田線
005896	鶴居	35.023695	134.754765	西日本旅客鉄道・播但線
005897	鳴滝	35.02353	135.7058	京福電気鉄道・北野線
005898	清水	35.0234	138.4891	東海旅客鉄道・東海道線
005899	美作落合	35.02336	133.760245	西日本旅客鉄道・姫新線
005900	保津峡	35.023093	135.640298	西日本旅客鉄道・山陰線
005901	草津	35.022633	135.962375	西日本旅客鉄道・東海道線
005902	黒田庄	35.02274	134.992545	西日本旅客鉄道・加古川線
005903	岩山	35.022695	133.512735	西日本旅客鉄道・姫新線
005904	草津	35.022633	135.962375	西日本旅客鉄道・草津線
005905	京阪大津京	35.022435	135.85568	京阪電気鉄道・石山坂本線
005906	大矢知	35.022145	136.633415	三岐鉄道・三岐線
005907	下泉	35.022125	138.09011	大井川鐵道・大井川本線
005908	古市	35.02196	135.15495	西日本旅客鉄道・福知山線
005909	南三原	35.021195	139.97907	東日本旅客鉄道・内房線
005910	常盤	35.02037	135.7048	京福電気鉄道・北野線
005911	太田川	35.020305	136.89257	名古屋鉄道・河和線
005912	太田川	35.020305	136.89257	名古屋鉄道・常滑線
005913	楢原	35.01968	134.189185	西日本旅客鉄道・姫新線
005914	嵯峨嵐山	35.018785	135.68131	西日本旅客鉄道・山陰線
005915	トロッコ嵯峨	35.018605	135.680445	嵯峨野観光鉄道・嵯峨野観光線
005916	花園	35.018595	135.717895	西日本旅客鉄道・山陰線
005917	大津市役所前	35.018375	135.855655	京阪電気鉄道・石山坂本線
005918	神宮丸太町	35.018495	135.772243	京阪電気鉄道・鴨東線
005919	円町	35.018145	135.730695	西日本旅客鉄道・山陰線
005920	石部	35.0177	136.05307	西日本旅客鉄道・草津線
005921	鹿王院	35.017045	135.68525	京福電気鉄道・嵐山本線
005922	新清水	35.017025	138.48747	静岡鉄道・静岡清水線
005923	トロッコ嵐山	35.017015	135.67092	嵯峨野観光鉄道・嵯峨野観光線
005924	太秦	35.016955	135.700625	西日本旅客鉄道・山陰線
005925	亀岡	35.016805	135.58232	西日本旅客鉄道・山陰線
005926	車折神社	35.016755	135.689045	京福電気鉄道・嵐山本線
005927	嵐電嵯峨	35.0165	135.6818	京福電気鉄道・嵐山本線
005928	川越富洲原	35.016245	136.65976	近畿日本鉄道・名古屋線
005929	丸太町	35.01651	135.75949	京都市・烏丸線
005930	撮影所前	35.015685	135.702697	京福電気鉄道・北野線
005931	嵐山	35.015365	135.678215	京福電気鉄道・嵐山本線
005932	有栖川	35.01519	135.694015	京福電気鉄道・嵐山本線
005933	帷子ノ辻	35.015145	135.700315	京福電気鉄道・北野線
005934	帷子ノ辻	35.015145	135.700315	京福電気鉄道・嵐山本線
005935	入江岡	35.01504	138.4814	静岡鉄道・静岡清水線
005936	田京	35.014565	138.945775	伊豆箱根鉄道・駿豆線
005937	林野	35.013928	134.151698	西日本旅客鉄道・姫新線
005938	一ツ木	35.013605	137.025455	名古屋鉄道・名古屋本線
005939	太秦広隆寺	35.013275	135.708345	京福電気鉄道・嵐山本線
005940	美作江見	35.01322	134.21962	西日本旅客鉄道・姫新線
005941	桜橋	35.01307	138.47749	静岡鉄道・静岡清水線
005942	トロッコ亀岡	35.01305	135.606645	嵯峨野観光鉄道・嵯峨野観光線
005943	三井寺	35.01286	135.85986	京阪電気鉄道・石山坂本線
005944	江津	35.012795	132.22322	西日本旅客鉄道・山陰線
005945	大羽根園	35.012555	136.494205	近畿日本鉄道・湯の山線
005946	三河上郷	35.01241	137.13276	愛知環状鉄道・愛知環状鉄道線
005947	中菰野	35.0123	136.504245	近畿日本鉄道・湯の山線
005948	日野	35.01225	136.21946	近江鉄道・本線
005949	二条	35.01202	135.74177	京都市・東西線
005950	二条城前	35.011913	135.75042	京都市・東西線
005951	蚕ノ社	35.011712	135.713002	京福電気鉄道・嵐山本線
005952	湯の山温泉	35.011605	136.473695	近畿日本鉄道・湯の山線
005953	狐ヶ崎	35.01143	138.459745	静岡鉄道・静岡清水線
005954	びわ湖浜大津	35.011295	135.86401	京阪電気鉄道・京津線
005955	びわ湖浜大津	35.011295	135.86401	京阪電気鉄道・石山坂本線
005956	二条	35.011165	135.741765	西日本旅客鉄道・山陰線
005957	西大路御池	35.010961	135.730617	京都市・東西線
005958	三河八橋	35.010945	137.07724	名古屋鉄道・三河線
005959	太秦天神川	35.01094	135.716055	京都市・東西線
005960	京都市役所前	35.01091	135.76895	京都市・東西線
005961	道後山	35.01088	133.17827	西日本旅客鉄道・芸備線
005962	烏丸御池	35.010798	135.759623	京都市・東西線
005963	馬堀	35.0107	135.602587	西日本旅客鉄道・山陰線
005964	烏丸御池	35.010208	135.759633	京都市・烏丸線
005965	嵐電天神川	35.010183	135.714817	京福電気鉄道・嵐山本線
005966	尾張横須賀	35.010015	136.88555	名古屋鉄道・常滑線
005967	嵐山	35.00987	135.68233	阪急電鉄・嵐山線
005968	高横須賀	35.00965	136.893735	名古屋鉄道・河和線
005969	東山	35.00944	135.77982	京都市・東西線
005970	三条京阪	35.009217	135.773693	京都市・東西線
005971	三条	35.008867	135.772337	京阪電気鉄道・鴨東線
005972	三条	35.008867	135.772337	京阪電気鉄道・京阪本線
005973	菰野	35.00872	136.517355	近畿日本鉄道・湯の山線
005974	大府	35.008695	136.961805	東海旅客鉄道・東海道線
005975	大府	35.008695	136.961805	東海旅客鉄道・武豊線
005976	山ノ内	35.00832	135.723215	京福電気鉄道・嵐山本線
005977	富田	35.00816	136.65316	東海旅客鉄道・関西線
005978	蹴上	35.008007	135.790397	京都市・東西線
005979	御門台	35.007905	138.452545	静岡鉄道・静岡清水線
005980	西大路三条	35.007895	135.73253	京福電気鉄道・嵐山本線
005981	島ノ関	35.0077	135.870965	京阪電気鉄道・石山坂本線
005982	近鉄富田	35.006473	136.64938	三岐鉄道・近鉄連絡線
005983	近鉄富田	35.006473	136.64938	近畿日本鉄道・名古屋線
005984	知立	35.00623	137.039665	名古屋鉄道・三河線
005985	知立	35.00623	137.039665	名古屋鉄道・名古屋本線
005986	宇佐美	35.005635	139.079785	東日本旅客鉄道・伊東線
005987	上栄町	35.00518	135.86019	京阪電気鉄道・京津線
005988	石場	35.004735	135.87554	京阪電気鉄道・石山坂本線
005989	三河知立	35.005701	137.05507	名古屋鉄道・三河線
005990	京都河原町	35.00378	135.768723	阪急電鉄・京都線
005991	南草津	35.003594	135.947176	西日本旅客鉄道・東海道線
005992	烏丸	35.0037	135.760375	阪急電鉄・京都線
005993	佐用	35.00368	134.356655	西日本旅客鉄道・姫新線
005994	佐用	35.00368	134.356655	智頭急行・智頭線
005995	大宮	35.003653	135.749515	阪急電鉄・京都線
005996	西院	35.003565	135.731965	阪急電鉄・京都線
005997	祇園四条	35.003322	135.771926	京阪電気鉄道・京阪本線
005998	西院	35.0032	135.734273	京福電気鉄道・嵐山本線
005999	四条大宮	35.003145	135.74824	京福電気鉄道・嵐山本線
006000	大津	35.003015	135.86501	西日本旅客鉄道・東海道線
006001	四条	35.00281	135.759675	京都市・烏丸線
006002	草薙	35.002293	138.441023	東海旅客鉄道・東海道線
006003	日本へそ公園	35.00205	134.997665	西日本旅客鉄道・加古川線
006004	三河川合	35.001725	137.663995	東海旅客鉄道・飯田線
006005	草薙	35.001415	138.442565	静岡鉄道・静岡清水線
006006	備後落合	35.001135	133.148315	西日本旅客鉄道・芸備線
006007	備後落合	35.001135	133.148315	西日本旅客鉄道・木次線
006008	甲西	35.00061	136.08237	西日本旅客鉄道・草津線
006009	寺本	35.000205	136.87544	名古屋鉄道・常滑線
006010	松尾大社	35.000175	135.688285	阪急電鉄・嵐山線
006011	京阪膳所	34.99978	135.88086	京阪電気鉄道・石山坂本線
006012	膳所	34.999126	135.880902	西日本旅客鉄道・東海道線
006013	牛田	34.99928	137.06088	名古屋鉄道・名古屋本線
006014	亀甲	34.99868	133.959195	西日本旅客鉄道・津山線
006015	逢妻	34.998235	136.99054	東海旅客鉄道・東海道線
006016	塩郷	34.997645	138.09065	大井川鐵道・大井川本線
006017	錦	34.997625	135.88577	京阪電気鉄道・石山坂本線
006018	九重	34.997515	139.911395	東日本旅客鉄道・内房線
006019	県立美術館前	34.997515	138.43809	静岡鉄道・静岡清水線
006020	草野	34.99693	135.15237	西日本旅客鉄道・福知山線
006021	清水五条	34.996565	135.7687	京阪電気鉄道・京阪本線
006022	富田浜	34.99656	136.650095	東海旅客鉄道・関西線
006023	丹波口	34.99655	135.74227	西日本旅客鉄道・山陰線
006024	桜	34.996465	136.541755	近畿日本鉄道・湯の山線
006025	北野桝塚	34.996285	137.13949	愛知環状鉄道・愛知環状鉄道線
006026	御陵	34.99598	135.801885	京都市・東西線
006027	御陵	34.99598	135.801885	京阪電気鉄道・京津線
006028	館山	34.995915	139.86199	東日本旅客鉄道・内房線
006029	五条	34.995217	135.759733	京都市・烏丸線
006030	美作土居	34.995175	134.25995	西日本旅客鉄道・姫新線
006031	膳所本町	34.99515	135.88923	京阪電気鉄道・石山坂本線
006032	重原	34.99478	137.023775	名古屋鉄道・三河線
006033	備中神代	34.994605	133.40058	西日本旅客鉄道・芸備線
006034	備中神代	34.994605	133.40058	西日本旅客鉄道・伯備線
006035	小奴可	34.99457	133.211175	西日本旅客鉄道・芸備線
006036	大仁	34.994365	138.93746	伊豆箱根鉄道・駿豆線
006037	大谷	34.99431	135.853165	京阪電気鉄道・京津線
006038	朝倉	34.99386	136.863455	名古屋鉄道・常滑線
006039	尾張森岡	34.99388	136.97046	東海旅客鉄道・武豊線
006040	県総合運動場	34.993415	138.430205	静岡鉄道・静岡清水線
006041	霞ヶ浦	34.993433	136.636917	近畿日本鉄道・名古屋線
006042	古庄	34.992865	138.419595	静岡鉄道・静岡清水線
006043	山科	34.9926	135.81658	西日本旅客鉄道・湖西線
006044	山科	34.9926	135.81658	西日本旅客鉄道・東海道線
006045	西京極	34.992537	135.71852	阪急電鉄・京都線
006046	京阪山科	34.99202	135.81696	京阪電気鉄道・京津線
006047	四宮	34.991875	135.82397	京阪電気鉄道・京津線
006048	追分	34.991355	135.8375	京阪電気鉄道・京津線
006049	千歳	34.99135	139.96628	東日本旅客鉄道・内房線
006050	山科	34.99133	135.817355	京都市・東西線
006051	中ノ庄	34.99082	135.89154	京阪電気鉄道・石山坂本線
006052	刈谷	34.990805	137.00971	東海旅客鉄道・東海道線
006053	刈谷	34.99053	137.009275	名古屋鉄道・三河線
006054	柿平	34.99052	137.644013	東海旅客鉄道・飯田線
006055	播磨徳久	34.99045	134.38568	西日本旅客鉄道・姫新線
006056	七条	34.9901	135.767635	京阪電気鉄道・京阪本線
006057	上桂	34.990025	135.69621	阪急電鉄・嵐山線
006058	都野津	34.989545	132.1874	西日本旅客鉄道・山陰線
006059	南加木屋	34.98927	136.906855	名古屋鉄道・河和線
006060	長沼	34.98911	138.412885	静岡鉄道・静岡清水線
006061	梅小路京都西	34.989023	135.743152	西日本旅客鉄道・山陰線
006062	牧之郷	34.988855	138.95442	伊豆箱根鉄道・駿豆線
006063	比延	34.988775	134.99574	西日本旅客鉄道・加古川線
006064	三河槙原	34.98855	137.620905	東海旅客鉄道・飯田線
006065	瓦ヶ浜	34.988325	135.89464	京阪電気鉄道・石山坂本線
006066	甘地	34.98815	134.75856	西日本旅客鉄道・播但線
006067	布原	34.98808	133.422325	西日本旅客鉄道・伯備線
006068	古見	34.98774	136.856775	名古屋鉄道・常滑線
006069	瀬田	34.987285	135.92584	西日本旅客鉄道・東海道線
006070	新見	34.987197	133.456703	西日本旅客鉄道・伯備線
006071	新見	34.987197	133.456703	西日本旅客鉄道・姫新線
006072	新安城	34.9869	137.085515	名古屋鉄道・西尾線
006073	新安城	34.9869	137.085515	名古屋鉄道・名古屋本線
006074	京都	34.986565	135.75988	京都市・烏丸線
006075	地名	34.985993	138.087293	大井川鐵道・大井川本線
006076	京都	34.985663	135.75858	西日本旅客鉄道・山陰線
006077	京都	34.985663	135.75858	西日本旅客鉄道・東海道線
006078	阿倉川	34.985225	136.62943	近畿日本鉄道・名古屋線
006079	京都	34.98517	135.75932	西日本旅客鉄道・奈良線
006080	三日月	34.984835	134.43535	西日本旅客鉄道・姫新線
006081	粟津	34.98477	135.89563	京阪電気鉄道・石山坂本線
006082	刈谷市	34.984683	136.99394	名古屋鉄道・三河線
006083	京都	34.984613	135.758343	東海旅客鉄道・東海道新幹線
006084	京都	34.984613	135.758343	近畿日本鉄道・京都線
006085	東静岡	34.984077	138.41292	東海旅客鉄道・東海道線
006086	野田新町	34.9835	137.028177	東海旅客鉄道・東海道線
006087	上月	34.983475	134.32252	西日本旅客鉄道・姫新線
006088	高角	34.983205	136.55446	近畿日本鉄道・湯の山線
006089	三雲	34.98313	136.11758	西日本旅客鉄道・草津線
006090	大門	34.98258	137.154735	愛知環状鉄道・愛知環状鉄道線
006091	東野	34.9824	135.81682	京都市・東西線
006092	柚木	34.982095	138.40617	静岡鉄道・静岡清水線
006093	東福寺	34.98143	135.77001	京阪電気鉄道・京阪本線
006094	緒川	34.981385	136.9719	東海旅客鉄道・武豊線
006095	東福寺	34.981407	135.769707	西日本旅客鉄道・奈良線
006096	西大路	34.98099	135.731493	西日本旅客鉄道・東海道線
006097	水口松尾	34.980225	136.18644	近江鉄道・本線
006098	石山	34.980065	135.898785	西日本旅客鉄道・東海道線
006099	東寺	34.979985	135.752595	近畿日本鉄道・京都線
006100	京阪石山	34.97962	135.899627	京阪電気鉄道・石山坂本線
006101	修善寺	34.97927	138.95097	伊豆箱根鉄道・駿豆線
006102	九条	34.979117	135.75975	京都市・烏丸線
006103	桂	34.978703	135.703237	阪急電鉄・京都線
006104	桂	34.978753	135.703133	阪急電鉄・嵐山線
006105	春日町	34.97843	138.400635	静岡鉄道・静岡清水線
006106	長浦	34.9784	136.847815	名古屋鉄道・常滑線
006107	音羽町	34.9784	138.395845	静岡鉄道・静岡清水線
006108	新西脇	34.97792	134.97758	西日本旅客鉄道・加古川線
006109	敬川	34.97782	132.174025	西日本旅客鉄道・山陰線
006110	伊勢川島	34.97766	136.56695	近畿日本鉄道・湯の山線
006111	東刈谷	34.977355	137.043635	東海旅客鉄道・東海道線
006112	川原町	34.977303	136.623308	近畿日本鉄道・名古屋線
006113	日吉町	34.97704	138.391175	静岡鉄道・静岡清水線
006114	藍本	34.97696	135.15553	西日本旅客鉄道・福知山線
006115	千倉	34.976807	139.95453	東日本旅客鉄道・内房線
006116	新静岡	34.97586	138.38765	静岡鉄道・静岡清水線
006117	伊東	34.974835	139.092105	東日本旅客鉄道・伊東線
006118	伊東	34.974835	139.092105	伊豆急行・伊豆急行線
006119	水口	34.97425	136.17683	近江鉄道・本線
006120	十条	34.973995	135.75246	近畿日本鉄道・京都線
006121	鳥羽街道	34.973707	135.770007	京阪電気鉄道・京阪本線
006122	八幡新田	34.973775	136.91262	名古屋鉄道・河和線
006123	唐橋前	34.97337	135.903005	京阪電気鉄道・石山坂本線
006124	坂根	34.972965	133.37082	西日本旅客鉄道・芸備線
006125	椥辻	34.97268	135.814912	京都市・東西線
006126	十条	34.972493	135.759713	京都市・烏丸線
006127	北岡崎	34.972255	137.1577	愛知環状鉄道・愛知環状鉄道線
006128	静岡	34.971787	138.388917	東海旅客鉄道・東海道線
006129	静岡	34.971742	138.389675	東海旅客鉄道・東海道新幹線
006130	西脇市	34.97167	134.96893	西日本旅客鉄道・加古川線
006131	宇頭	34.971315	137.118105	名古屋鉄道・名古屋本線
006132	湯谷温泉	34.970497	137.613027	東海旅客鉄道・飯田線
006133	三河安城	34.970475	137.06095	東海旅客鉄道・東海道線
006134	水口石橋	34.97001	136.17161	近江鉄道・本線
006135	伊勢松本	34.969635	136.59073	近畿日本鉄道・湯の山線
006136	中川原	34.969325	136.603235	近畿日本鉄道・湯の山線
006137	伏見稲荷	34.96913	135.769305	京阪電気鉄道・京阪本線
006138	三河安城	34.969027	137.060303	東海旅客鉄道・東海道新幹線
006139	小原	34.968225	133.962055	西日本旅客鉄道・津山線
006140	水口城南	34.96813	136.1656	近江鉄道・本線
006141	石浜	34.967865	136.972905	東海旅客鉄道・武豊線
006142	石山寺	34.9673	135.903435	京阪電気鉄道・石山坂本線
006143	近鉄四日市	34.966975	136.618575	近畿日本鉄道・名古屋線
006144	あすなろう四日市	34.966975	136.618575	四日市あすなろう鉄道・内部線
006145	稲荷	34.966747	135.77074	西日本旅客鉄道・奈良線
006146	近鉄四日市	34.966395	136.61835	近畿日本鉄道・湯の山線
006147	比婆山	34.966275	133.12329	西日本旅客鉄道・芸備線
006148	市岡	34.96625	133.346585	西日本旅客鉄道・芸備線
006149	上鳥羽口	34.965015	135.75273	近畿日本鉄道・京都線
006150	内名	34.964935	133.23195	西日本旅客鉄道・芸備線
006151	北安城	34.964645	137.09215	名古屋鉄道・西尾線
006152	桂川	34.964782	135.710413	西日本旅客鉄道・東海道線
006153	波子	34.964085	132.151265	西日本旅客鉄道・山陰線
006154	龍谷大前深草	34.964015	135.77014	京阪電気鉄道・京阪本線
006155	小垣江	34.96388	136.99552	名古屋鉄道・三河線
006156	洛西口	34.96362	135.70314	阪急電鉄・京都線
006157	くいな橋	34.962565	135.757415	京都市・烏丸線
006158	川根温泉笹間渡	34.962295	138.086195	大井川鐵道・大井川本線
006159	四日市	34.962103	136.629877	東海旅客鉄道・関西線
006160	巽ヶ丘	34.962293	136.91567	名古屋鉄道・河和線
006161	日長	34.961655	136.83217	名古屋鉄道・常滑線
006162	小野	34.961233	135.812723	京都市・東西線
006163	矢作橋	34.961065	137.13997	名古屋鉄道・名古屋本線
006164	福崎	34.961045	134.751045	西日本旅客鉄道・播但線
006165	久崎	34.96069	134.34419	智頭急行・智頭線
006166	安城	34.96044	137.08642	東海旅客鉄道・東海道線
006167	赤堀	34.959225	136.610435	四日市あすなろう鉄道・内部線
006168	南伊東	34.957755	139.088035	伊豆急行・伊豆急行線
006169	藤森	34.95688	135.77022	京阪電気鉄道・京阪本線
006170	新正	34.956383	136.61843	近畿日本鉄道・名古屋線
006171	中岡崎	34.95634	137.15278	愛知環状鉄道・愛知環状鉄道線
006172	竹田	34.95599	135.75616	京都市・烏丸線
006173	竹田	34.95599	135.75616	近畿日本鉄道・京都線
006174	日永	34.95596	136.604355	四日市あすなろう鉄道・内部線
006175	日永	34.95596	136.604355	四日市あすなろう鉄道・八王子線
006176	白沢	34.95508	136.91538	名古屋鉄道・河和線
006177	岡崎公園前	34.954912	137.15347	名古屋鉄道・名古屋本線
006178	向日町	34.955117	135.709783	西日本旅客鉄道・東海道線
006179	石蟹	34.95473	133.479555	西日本旅客鉄道・伯備線
006180	東向日	34.953915	135.70466	阪急電鉄・京都線
006181	抜里	34.953297	138.08773	大井川鐵道・大井川本線
006182	西日野	34.95295	136.59119	四日市あすなろう鉄道・八王子線
006183	貴生川	34.952635	136.153215	近江鉄道・本線
006184	西栗栖	34.952435	134.470595	西日本旅客鉄道・姫新線
006185	東岡崎	34.95203	137.16745	名古屋鉄道・名古屋本線
006186	三河大野	34.95198	137.603	東海旅客鉄道・飯田線
006187	南安城	34.951905	137.092602	名古屋鉄道・西尾線
006188	貴生川	34.951955	136.154165	西日本旅客鉄道・草津線
006189	貴生川	34.951955	136.154165	信楽高原鐵道・信楽線
006190	誕生寺	34.95164	133.95924	西日本旅客鉄道・津山線
006191	川奈	34.950885	139.124835	伊豆急行・伊豆急行線
006192	醍醐	34.950323	135.810557	京都市・東西線
006193	南日永	34.949905	136.601025	四日市あすなろう鉄道・内部線
006194	新舞子	34.949725	136.828595	名古屋鉄道・常滑線
006195	東浦	34.949595	136.9707	東海旅客鉄道・武豊線
006196	久代	34.949565	132.13918	西日本旅客鉄道・山陰線
006197	滝	34.94879	134.962405	西日本旅客鉄道・加古川線
006198	墨染	34.94817	135.769105	京阪電気鉄道・京阪本線
006199	JR藤森	34.947992	135.77562	西日本旅客鉄道・奈良線
006200	相野	34.947635	135.15595	西日本旅客鉄道・福知山線
006201	吉浜	34.946705	136.98944	名古屋鉄道・三河線
006202	西岡崎	34.94662	137.123155	東海旅客鉄道・東海道線
006203	伏見	34.94602	135.76149	近畿日本鉄道・京都線
006204	矢神	34.9435	133.332725	西日本旅客鉄道・芸備線
006205	海山道	34.943317	136.62296	近畿日本鉄道・名古屋線
006206	千本	34.942495	134.49436	西日本旅客鉄道・姫新線
006207	南四日市	34.941437	136.609587	東海旅客鉄道・関西線
006208	六名	34.941285	137.151885	愛知環状鉄道・愛知環状鉄道線
006209	滝野	34.941025	134.95492	西日本旅客鉄道・加古川線
006210	坂部	34.94097	136.916715	名古屋鉄道・河和線
006211	安倍川	34.94121	138.3641	東海旅客鉄道・東海道線
006212	石田	34.94055	135.803875	京都市・東西線
006213	泊	34.940405	136.598475	四日市あすなろう鉄道・内部線
006214	備後西城	34.94039	133.119775	西日本旅客鉄道・芸備線
006215	家山	34.940075	138.07777	大井川鐵道・大井川本線
006216	西向日	34.93994	135.70272	阪急電鉄・京都線
006217	丹波橋	34.93892	135.76542	京阪電気鉄道・京阪本線
006218	備後八幡	34.93818	133.23205	西日本旅客鉄道・芸備線
006219	近鉄丹波橋	34.938105	135.766425	近畿日本鉄道・京都線
006220	男川	34.937443	137.183357	名古屋鉄道・名古屋本線
006221	碧海古井	34.9372	137.090837	名古屋鉄道・西尾線
006222	大野町	34.93543	136.8275	名古屋鉄道・常滑線
006223	追分	34.933915	136.596135	四日市あすなろう鉄道・内部線
006224	六地蔵	34.9337	135.796442	京都市・東西線
006225	桃山御陵前	34.93333	135.76555	近畿日本鉄道・京都線
006226	塩浜	34.933138	136.622218	近畿日本鉄道・名古屋線
006227	六地蔵	34.932883	135.797323	西日本旅客鉄道・奈良線
006228	本長篠	34.932645	137.576738	東海旅客鉄道・飯田線
006229	桃山	34.932557	135.771927	西日本旅客鉄道・奈良線
006230	伏見桃山	34.932505	135.76436	京阪電気鉄道・京阪本線
006231	六地蔵	34.931987	135.793227	京阪電気鉄道・宇治線
006232	甲南	34.93175	136.16902	西日本旅客鉄道・草津線
006233	井倉	34.93173	133.51624	西日本旅客鉄道・伯備線
006234	阿久比	34.931305	136.918455	名古屋鉄道・河和線
006235	桃山南口	34.931025	135.78351	京阪電気鉄道・宇治線
006236	三河高浜	34.93077	136.98996	名古屋鉄道・三河線
006237	大海	34.930155	137.54901	東海旅客鉄道・飯田線
006238	北条町	34.929137	134.83217	北条鉄道・北条線
006239	小古曽	34.928675	136.592245	四日市あすなろう鉄道・内部線
006240	広野	34.92855	135.19143	西日本旅客鉄道・福知山線
006241	観月橋	34.92815	135.768955	京阪電気鉄道・宇治線
006242	溝口	34.92792	134.74239	西日本旅客鉄道・播但線
006243	堀内公園	34.927617	137.08965	名古屋鉄道・西尾線
006244	下府	34.927415	132.110585	西日本旅客鉄道・山陰線
006245	中書島	34.92664	135.760055	京阪電気鉄道・京阪本線
006246	中書島	34.92664	135.760055	京阪電気鉄道・宇治線
006247	木幡	34.92622	135.796095	京阪電気鉄道・宇治線
006248	長篠城	34.926047	137.565277	東海旅客鉄道・飯田線
006249	弓削	34.925645	133.95779	西日本旅客鉄道・津山線
006250	内部	34.925533	136.58695	四日市あすなろう鉄道・内部線
006251	岡崎	34.925783	137.157233	東海旅客鉄道・東海道線
006252	岡崎	34.925783	137.157233	愛知環状鉄道・愛知環状鉄道線
006253	長岡天神	34.92488	135.69246	阪急電鉄・京都線
006254	木幡	34.92481	135.798925	西日本旅客鉄道・奈良線
006255	西ノ口	34.924605	136.82676	名古屋鉄道・常滑線
006257	美合	34.923705	137.196335	名古屋鉄道・名古屋本線
006258	長岡京	34.9235	135.7009	西日本旅客鉄道・東海道線
006259	用宗	34.921875	138.35932	東海旅客鉄道・東海道線
006261	高浜港	34.92153	136.98938	名古屋鉄道・三河線
006262	播磨新宮	34.92139	134.54587	西日本旅客鉄道・姫新線
006263	大和田	34.921095	138.082185	大井川鐵道・大井川本線
006264	鳥居	34.920753	137.55163	東海旅客鉄道・飯田線
006265	社町	34.92028	134.9346	西日本旅客鉄道・加古川線
006266	寺庄	34.919085	136.18585	西日本旅客鉄道・草津線
006267	亀崎	34.91901	136.961105	東海旅客鉄道・武豊線
006268	河野原円心	34.91881	134.35266	智頭急行・智頭線
006269	桜井	34.91752	137.088375	名古屋鉄道・西尾線
006270	植大	34.917435	136.923445	名古屋鉄道・河和線
006271	北楠	34.9163	136.62481	近畿日本鉄道・名古屋線
006272	紫香楽宮跡	34.91613	136.087963	信楽高原鐵道・信楽線
006273	蒲池	34.915275	136.825655	名古屋鉄道・常滑線
006274	野馳	34.915053	133.31703	西日本旅客鉄道・芸備線
006275	向島	34.914725	135.76977	近畿日本鉄道・京都線
006276	黄檗	34.914025	135.802935	京阪電気鉄道・宇治線
006277	藤川	34.91324	137.21857	名古屋鉄道・名古屋本線
006278	平子	34.912925	133.100155	西日本旅客鉄道・芸備線
006279	西山天王山	34.912895	135.688554	阪急電鉄・京都線
006280	黄檗	34.912795	135.803685	西日本旅客鉄道・奈良線
006281	三河東郷	34.91224	137.527315	東海旅客鉄道・飯田線
006282	妙見口	34.911515	135.44458	能勢電鉄・妙見線
006283	香呂	34.91136	134.735915	西日本旅客鉄道・播但線
006284	雲井	34.91124	136.08435	信楽高原鐵道・信楽線
006285	河原田	34.911235	136.599275	伊勢鉄道・伊勢線
006286	河原田	34.911235	136.599275	東海旅客鉄道・関西線
006287	播磨横田	34.910435	134.825335	北条鉄道・北条線
006288	茶臼山	34.910355	137.514435	東海旅客鉄道・飯田線
006289	新三田	34.91014	135.208615	西日本旅客鉄道・福知山線
006290	富戸	34.91004	139.131685	伊豆急行・伊豆急行線
006291	ウッディタウン中央	34.90967	135.18382	神戸電鉄・公園都市線
006292	半田口	34.909087	136.925473	名古屋鉄道・河和線
006293	淀	34.906515	135.720996	京阪電気鉄道・京阪本線
006294	日生中央	34.90639	135.393076	能勢電鉄・日生線
006295	ときわ台	34.906175	135.43809	能勢電鉄・妙見線
006296	東新町	34.906117	137.502977	東海旅客鉄道・飯田線
006297	南桜井	34.906007	137.076937	名古屋鉄道・西尾線
006298	北新川	34.905975	136.992485	名古屋鉄道・三河線
006299	榎戸	34.90495	136.8282	名古屋鉄道・常滑線
006300	楠	34.904885	136.63117	近畿日本鉄道・名古屋線
006301	乙川	34.903357	136.94155	東海旅客鉄道・武豊線
006302	浜田	34.902645	132.088415	西日本旅客鉄道・山陰線
006303	住吉町	34.9021	136.92574	名古屋鉄道・河和線
006304	福用	34.901823	138.090097	大井川鐵道・大井川本線
006305	東城	34.901845	133.273595	西日本旅客鉄道・芸備線
006306	南ウッディタウン	34.901745	135.189695	神戸電鉄・公園都市線
006307	甲賀	34.901295	136.212755	西日本旅客鉄道・草津線
006308	新城	34.90107	137.493	東海旅客鉄道・飯田線
006309	光風台	34.89991	135.43141	能勢電鉄・妙見線
006310	名電山中	34.89952	137.242695	名古屋鉄道・名古屋本線
006311	三室戸	34.89896	135.80637	京阪電気鉄道・宇治線
006312	河曲	34.897885	136.568035	東海旅客鉄道・関西線
006313	青野ヶ原	34.897305	134.927975	西日本旅客鉄道・加古川線
006314	多屋	34.897025	136.830695	名古屋鉄道・常滑線
006315	新川町	34.896605	136.990305	名古屋鉄道・三河線
006316	長	34.896415	134.825725	北条鉄道・北条線
006317	苔縄	34.896395	134.353875	智頭急行・智頭線
006318	神目	34.896237	133.935385	西日本旅客鉄道・津山線
006319	宇治	34.89516	135.806335	京阪電気鉄道・宇治線
006320	半田	34.89411	136.93043	東海旅客鉄道・武豊線
006321	知多半田	34.893992	136.92588	名古屋鉄道・河和線
006322	笹部	34.893675	135.416445	能勢電鉄・妙見線
006323	勅旨	34.893665	136.07313	信楽高原鐵道・信楽線
006324	小倉	34.893005	135.78188	近畿日本鉄道・京都線
006325	山下	34.893005	135.412245	能勢電鉄・日生線
006326	山下	34.892935	135.41235	能勢電鉄・妙見線
006327	本宿	34.89293	137.259975	名古屋鉄道・名古屋本線
006328	米津	34.892855	137.061075	名古屋鉄道・西尾線
006329	山崎	34.8922	135.679043	西日本旅客鉄道・東海道線
006330	大山崎	34.89145	135.68155	阪急電鉄・京都線
006331	長太ノ浦	34.89152	136.62635	近畿日本鉄道・名古屋線
006332	常滑	34.89117	136.83511	名古屋鉄道・空港線
006333	常滑	34.89117	136.83511	名古屋鉄道・常滑線
006334	宇治	34.89038	135.80081	西日本旅客鉄道・奈良線
006335	加佐登	34.89032	136.52999	東海旅客鉄道・関西線
006336	城ヶ崎海岸	34.890185	139.121927	伊豆急行・伊豆急行線
006337	油日	34.889695	136.22959	西日本旅客鉄道・草津線
006338	野田城	34.889295	137.47789	東海旅客鉄道・飯田線
006339	JR小倉	34.889084	135.786258	西日本旅客鉄道・奈良線
006340	三田	34.88869	135.229915	西日本旅客鉄道・福知山線
006341	三田	34.88836	135.230015	神戸電鉄・三田線
006342	相見	34.888042	137.160271	東海旅客鉄道・東海道線
006343	東觜崎	34.88759	134.557685	西日本旅客鉄道・姫新線
006344	碧南中央	34.88731	136.98944	名古屋鉄道・三河線
006345	播磨下里	34.88628	134.840215	北条鉄道・北条線
006346	成岩	34.886195	136.921845	名古屋鉄道・河和線
006347	フラワータウン	34.885503	135.202417	神戸電鉄・公園都市線
006348	玉桂寺前	34.885235	136.06928	信楽高原鐵道・信楽線
006349	仁豊野	34.885047	134.728072	西日本旅客鉄道・播但線
006350	畦野	34.885015	135.415597	能勢電鉄・妙見線
006351	石清水八幡宮	34.884718	135.699818	京阪電気鉄道・京阪本線
006352	ケーブル八幡宮口	34.884245	135.699365	京阪電気鉄道・鋼索線
006353	鈴鹿市	34.88391	136.58279	近畿日本鉄道・鈴鹿線
006354	神尾	34.883033	138.101733	大井川鐵道・大井川本線
006355	伊勢田	34.88216	135.778995	近畿日本鉄道・京都線
006356	橋本	34.881993	135.68422	京阪電気鉄道・京阪本線
006357	三田本町	34.88175	135.229645	神戸電鉄・三田線
006358	ケーブル八幡宮山上	34.880932	135.699869	京阪電気鉄道・鋼索線
006359	島本	34.880367	135.66251	西日本旅客鉄道・東海道線
006360	桜町前	34.88024	137.062455	名古屋鉄道・西尾線
006361	三日市	34.88024	136.56223	近畿日本鉄道・鈴鹿線
006362	りんくう常滑	34.879615	136.8281	名古屋鉄道・空港線
006363	箕田	34.879613	136.622047	近畿日本鉄道・名古屋線
006364	一の鳥居	34.87947	135.419997	能勢電鉄・妙見線
006365	河合西	34.878995	134.91937	西日本旅客鉄道・加古川線
006366	青山	34.878736	136.917294	名古屋鉄道・河和線
006367	鈴鹿	34.87847	136.588795	伊勢鉄道・伊勢線
006368	高	34.877885	133.07068	西日本旅客鉄道・芸備線
006369	水無瀬	34.877807	135.66777	阪急電鉄・京都線
006370	伊豆高原	34.87746	139.108175	伊豆急行・伊豆急行線
006371	信楽	34.87721	136.061375	信楽高原鐵道・信楽線
006372	横山	34.87702	135.22007	神戸電鉄・公園都市線
006373	横山	34.87702	135.22007	神戸電鉄・三田線
006374	方谷	34.876815	133.55647	西日本旅客鉄道・伯備線
006375	東上	34.876157	137.455363	東海旅客鉄道・飯田線
006376	法華口	34.87527	134.856365	北条鉄道・北条線
006377	平田町	34.87514	136.54238	近畿日本鉄道・鈴鹿線
006378	大久保	34.87463	135.77706	近畿日本鉄道・京都線
006379	新田	34.87434	135.78073	西日本旅客鉄道・奈良線
006380	東成岩	34.874297	136.923493	東海旅客鉄道・武豊線
006381	碧南	34.874015	136.985625	名古屋鉄道・三河線
006382	焼津	34.872285	138.31848	東海旅客鉄道・東海道線
006383	上牧	34.872035	135.6617	阪急電鉄・京都線
006384	名電長沢	34.87147	137.28839	名古屋鉄道・名古屋本線
006385	柳	34.87136	136.595965	近畿日本鉄道・鈴鹿線
006386	西尾口	34.87074	137.0627	名古屋鉄道・西尾線
006387	福渡	34.8703	133.904045	西日本旅客鉄道・津山線
006388	伊勢若松	34.869495	136.61679	近畿日本鉄道・名古屋線
006389	伊勢若松	34.869495	136.61679	近畿日本鉄道・鈴鹿線
006390	西浜田	34.869385	132.05039	西日本旅客鉄道・山陰線
006391	平野	34.86876	135.41733	能勢電鉄・妙見線
006392	井田川	34.868265	136.492585	東海旅客鉄道・関西線
006393	江島	34.86786	137.441555	東海旅客鉄道・飯田線
006394	道場	34.867275	135.255805	西日本旅客鉄道・福知山線
006395	神鉄道場	34.866757	135.226135	神戸電鉄・三田線
006396	砥堀	34.86642	134.724875	西日本旅客鉄道・播但線
006397	上郡	34.866146	134.353278	西日本旅客鉄道・山陽線
006398	上郡	34.866146	134.353278	智頭急行・智頭線
006399	田原	34.865485	134.86684	北条鉄道・北条線
006400	久津川	34.864955	135.774785	近畿日本鉄道・京都線
006401	長山	34.864398	137.431353	東海旅客鉄道・飯田線
006402	太市	34.864015	134.607115	西日本旅客鉄道・姫新線
006403	西尾	34.86392	137.05784	名古屋鉄道・西尾線
006404	本竜野	34.862685	134.55534	西日本旅客鉄道・姫新線
006405	備後庄原	34.862355	133.01621	西日本旅客鉄道・芸備線
006406	網引	34.862035	134.878085	北条鉄道・北条線
006407	樟葉	34.861847	135.67534	京阪電気鉄道・京阪本線
006408	多田	34.86057	135.416705	能勢電鉄・妙見線
006409	中部国際空港	34.859895	136.815975	名古屋鉄道・空港線
006410	西焼津	34.859805	138.285595	東海旅客鉄道・東海道線
006411	幸田	34.859653	137.164463	東海旅客鉄道・東海道線
006412	二俣本町	34.8594	137.812765	天竜浜名湖鉄道・天竜浜名湖線
006413	名電赤坂	34.85936	137.311137	名古屋鉄道・名古屋本線
006414	天竜二俣	34.859135	137.820005	天竜浜名湖鉄道・天竜浜名湖線
006415	上ゲ	34.85833	136.916455	名古屋鉄道・河和線
006416	周布	34.858135	132.017275	西日本旅客鉄道・山陰線
006417	粟生	34.85736	134.90957	西日本旅客鉄道・加古川線
006418	粟生	34.85736	134.909435	北条鉄道・北条線
006419	粟生	34.85686	134.90957	神戸電鉄・粟生線
006420	余部	34.85625	134.642755	西日本旅客鉄道・姫新線
006421	野里	34.85619	134.711335	西日本旅客鉄道・播但線
006422	道場南口	34.856135	135.22318	神戸電鉄・三田線
006423	城陽	34.85558	135.78106	西日本旅客鉄道・奈良線
006424	武田尾	34.855505	135.305715	西日本旅客鉄道・福知山線
006425	玉垣	34.85514	136.57003	伊勢鉄道・伊勢線
006426	備後三日市	34.855095	132.99832	西日本旅客鉄道・芸備線
006427	彩都西	34.85507	135.522865	大阪モノレール・国際文化公園都市モノレール線(彩都線)
006428	千代崎	34.85485	136.608355	近畿日本鉄道・名古屋線
006429	鼓滝	34.854705	135.418335	能勢電鉄・妙見線
006430	武豊	34.85327	136.921085	東海旅客鉄道・武豊線
006431	寺田	34.85327	135.772085	近畿日本鉄道・京都線
006432	高槻	34.851245	135.61711	西日本旅客鉄道・東海道線
006433	知多武豊	34.850615	136.916545	名古屋鉄道・河和線
006434	備中川面	34.850175	133.58851	西日本旅客鉄道・伯備線
006435	葉多	34.850125	134.91993	神戸電鉄・粟生線
006436	門出	34.850119	138.119378	大井川鐵道・大井川本線
006437	亀山	34.850085	136.45052	西日本旅客鉄道・関西線
006438	亀山	34.850085	136.45052	東海旅客鉄道・関西線
006439	亀山	34.849935	136.4505	東海旅客鉄道・紀勢線
006440	高槻市	34.849825	135.623145	阪急電鉄・京都線
006441	藤枝	34.84957	138.25287	東海旅客鉄道・東海道線
006442	関	34.849087	136.394893	西日本旅客鉄道・関西線
006443	二郎	34.84884	135.22697	神戸電鉄・三田線
006444	三河一宮	34.847947	137.414603	東海旅客鉄道・飯田線
006445	鴬の森	34.847745	135.418845	能勢電鉄・妙見線
006446	上野部	34.84724	137.830035	天竜浜名湖鉄道・天竜浜名湖線
006447	西鹿島	34.846755	137.80794	天竜浜名湖鉄道・天竜浜名湖線
006448	柘植	34.84675	136.256165	西日本旅客鉄道・関西線
006449	柘植	34.84675	136.256165	西日本旅客鉄道・草津線
006450	西鹿島	34.84675	137.807955	遠州鉄道・鉄道線
006451	御油	34.84606	137.3215	名古屋鉄道・名古屋本線
006452	合格	34.844835	138.120835	大井川鐵道・大井川本線
006453	福地	34.84469	137.048555	名古屋鉄道・西尾線
006454	七塚	34.844385	132.985885	西日本旅客鉄道・芸備線
006455	牧野	34.843773	135.665503	京阪電気鉄道・京阪本線
006456	伊豆大川	34.84335	139.07407	伊豆急行・伊豆急行線
006457	小野	34.843135	134.934225	神戸電鉄・粟生線
006458	滝山	34.843085	135.42114	能勢電鉄・妙見線
006459	加太	34.842565	136.340275	西日本旅客鉄道・関西線
006460	長池	34.84239	135.789775	西日本旅客鉄道・奈良線
006461	建部	34.84226	133.899205	西日本旅客鉄道・津山線
006462	播磨高岡	34.841985	134.658715	西日本旅客鉄道・姫新線
006463	鈴鹿サーキット稲生	34.8411	136.555215	伊勢鉄道・伊勢線
006464	富野荘	34.84016	135.772915	近畿日本鉄道・京都線
006465	日切	34.838895	138.1225	大井川鐵道・大井川本線
006466	岩水寺	34.837705	137.79258	天竜浜名湖鉄道・天竜浜名湖線
006467	摂津富田	34.83768	135.59333	西日本旅客鉄道・東海道線
006468	国府	34.83745	137.32814	名古屋鉄道・名古屋本線
006469	国府	34.83745	137.32814	名古屋鉄道・豊川線
006470	豊岡	34.83715	137.83976	天竜浜名湖鉄道・天竜浜名湖線
006471	六合	34.836483	138.203843	東海旅客鉄道・東海道線
006472	三ヶ根	34.836433	137.176547	東海旅客鉄道・東海道線
006473	田尾寺	34.835585	135.22618	神戸電鉄・三田線
006474	代官町	34.835487	138.12603	大井川鐵道・大井川本線
006475	富田	34.83516	135.59271	阪急電鉄・京都線
006476	絹延橋	34.83482	135.42307	能勢電鉄・妙見線
006477	京口	34.834765	134.70544	西日本旅客鉄道・播但線
006478	豊川	34.83464	135.52671	大阪モノレール・国際文化公園都市モノレール線(彩都線)
006479	フルーツパーク	34.83438	137.732195	天竜浜名湖鉄道・天竜浜名湖線
006480	遠州岩水寺	34.834355	137.80114	遠州鉄道・鉄道線
006481	箕面	34.834276	135.468224	阪急電鉄・箕面線
006482	白子	34.83386	136.5895	近畿日本鉄道・名古屋線
006483	小野町	34.833585	134.91847	西日本旅客鉄道・加古川線
006484	松井山手	34.83319	135.72757	西日本旅客鉄道・片町線
006485	戸綿	34.831367	137.931143	天竜浜名湖鉄道・天竜浜名湖線
006486	遠州森	34.831115	137.92427	天竜浜名湖鉄道・天竜浜名湖線
006487	大住	34.830805	135.749895	西日本旅客鉄道・片町線
006488	宮口	34.83045	137.77375	天竜浜名湖鉄道・天竜浜名湖線
006489	島田	34.83015	138.173425	東海旅客鉄道・東海道線
006490	上横須賀	34.83012	137.07214	名古屋鉄道・西尾線
006491	山ノ内	34.82964	132.9577	西日本旅客鉄道・芸備線
006492	富貴	34.829325	136.916765	名古屋鉄道・河和線
006493	富貴	34.829325	136.916765	名古屋鉄道・知多新線
006494	有年	34.829271	134.39556	西日本旅客鉄道・山陽線
006495	御殿山	34.829165	135.653995	京阪電気鉄道・京阪本線
006496	八幡	34.829087	137.35202	名古屋鉄道・豊川線
006497	山陽姫路	34.828785	134.689335	山陽電気鉄道・本線
006498	JR総持寺	34.82852	135.577675	西日本旅客鉄道・東海道線
006499	都田	34.82826	137.718303	天竜浜名湖鉄道・天竜浜名湖線
006500	山城青谷	34.82814	135.800155	西日本旅客鉄道・奈良線
006501	川西能勢口	34.82759	135.412979	能勢電鉄・妙見線
006502	姫路	34.827545	134.69039	西日本旅客鉄道・播但線
006503	姫路	34.827545	134.69039	西日本旅客鉄道・姫新線
006504	川西能勢口	34.827427	135.413295	阪急電鉄・宝塚線
006505	雲雀丘花屋敷	34.82728	135.402833	阪急電鉄・宝塚線
006506	伊豆北川	34.827275	139.075725	伊豆急行・伊豆急行線
006507	西宮名塩	34.82723	135.308885	西日本旅客鉄道・福知山線
006508	総持寺	34.827165	135.58479	阪急電鉄・京都線
006509	姫路	34.826737	134.690754	西日本旅客鉄道・山陽線
006510	敷地	34.826595	137.86414	天竜浜名湖鉄道・天竜浜名湖線
006511	姫路	34.826373	134.691223	西日本旅客鉄道・山陽新幹線
006512	折居	34.826385	131.98682	西日本旅客鉄道・山陰線
006513	鼓ヶ浦	34.82619	136.58126	近畿日本鉄道・名古屋線
006514	徳田	34.826145	136.543985	伊勢鉄道・伊勢線
006515	森町病院前	34.826128	137.917717	天竜浜名湖鉄道・天竜浜名湖線
006516	長尾	34.825947	135.713033	西日本旅客鉄道・片町線
006517	新金谷	34.82574	138.13765	大井川鐵道・大井川本線
006518	木野山	34.825715	133.61435	西日本旅客鉄道・伯備線
006519	竜野	34.82546	134.52196	西日本旅客鉄道・山陽線
006520	蒲郡競艇場前	34.825425	137.20212	名古屋鉄道・蒲郡線
006521	三河塩津	34.825427	137.201503	東海旅客鉄道・東海道線
006522	川西池田	34.82489	135.40981	西日本旅客鉄道・福知山線
006523	東姫路	34.82438	134.711848	西日本旅客鉄道・山陽線
006524	市場	34.82431	134.944565	神戸電鉄・粟生線
006525	遠州芝本	34.824055	137.798745	遠州鉄道・鉄道線
006526	諏訪町	34.82354	137.37044	名古屋鉄道・豊川線
006527	牧落	34.82347	135.4659	阪急電鉄・箕面線
006528	蒲郡	34.822767	137.225677	名古屋鉄道・蒲郡線
006529	蒲郡	34.822736	137.227378	東海旅客鉄道・東海道線
006530	豊川	34.82255	137.397215	東海旅客鉄道・飯田線
006531	山本	34.82195	135.38849	阪急電鉄・宝塚線
006532	岡場	34.821775	135.22248	神戸電鉄・三田線
006533	豊川稲荷	34.82177	137.39596	名古屋鉄道・豊川線
006534	京田辺	34.821803	135.768297	西日本旅客鉄道・片町線
006535	池田	34.8216	135.42563	阪急電鉄・宝塚線
006536	新堂	34.821035	136.206715	西日本旅客鉄道・関西線
006537	円田	34.820837	137.907573	天竜浜名湖鉄道・天竜浜名湖線
006538	新田辺	34.820718	135.772822	近畿日本鉄道・京都線
006539	樫山	34.820475	134.949805	神戸電鉄・粟生線
006540	原田	34.82017	137.952895	天竜浜名湖鉄道・天竜浜名湖線
006541	手柄	34.81992	134.681395	山陽電気鉄道・本線
006542	常葉大学前	34.81992	137.709265	天竜浜名湖鉄道・天竜浜名湖線
006543	北千里	34.819905	135.51103	阪急電鉄・千里線
006544	中山観音	34.81954	135.36929	阪急電鉄・宝塚線
006545	生瀬	34.81934	135.325325	西日本旅客鉄道・福知山線
006546	市場	34.81924	134.93257	西日本旅客鉄道・加古川線
006547	金谷	34.819235	138.125825	東海旅客鉄道・東海道線
006548	金谷	34.819235	138.125825	大井川鐵道・大井川本線
006549	三河三谷	34.818568	137.247753	東海旅客鉄道・東海道線
006550	阪大病院前	34.81845	135.52974	大阪モノレール・国際文化公園都市モノレール線(彩都線)
006551	稲荷口	34.818415	137.38774	名古屋鉄道・豊川線
006552	相生	34.81827	134.47436	西日本旅客鉄道・山陽新幹線
006553	遠江一宮	34.818063	137.889093	天竜浜名湖鉄道・天竜浜名湖線
006554	相生	34.817993	134.473467	西日本旅客鉄道・山陽線
006555	相生	34.817993	134.473467	西日本旅客鉄道・赤穂線
006556	山城多賀	34.817595	135.80626	西日本旅客鉄道・奈良線
006557	伊豆熱川	34.817213	139.069453	伊豆急行・伊豆急行線
006558	御着	34.817005	134.73533	西日本旅客鉄道・山陽線
006559	金指	34.8169	137.681287	天竜浜名湖鉄道・天竜浜名湖線
006560	桜井	34.816695	135.46083	阪急電鉄・箕面線
006561	中山寺	34.8166	135.374005	西日本旅客鉄道・福知山線
006562	茨木市	34.8165	135.57568	阪急電鉄・京都線
006563	枚方市	34.81624	135.64872	京阪電気鉄道・京阪本線
006564	売布神社	34.816314	135.36185	阪急電鉄・宝塚線
006565	枚方市	34.816175	135.648865	京阪電気鉄道・交野線
006566	三河大塚	34.815772	137.282956	東海旅客鉄道・東海道線
006567	茨木	34.815078	135.562072	西日本旅客鉄道・東海道線
006568	小田渕	34.814763	137.345625	名古屋鉄道・名古屋本線
006569	藤阪	34.81444	135.70275	西日本旅客鉄道・片町線
006570	下庄	34.814258	136.47961	東海旅客鉄道・紀勢線
006571	網干	34.814245	134.58476	西日本旅客鉄道・山陽線
006572	宮之阪	34.813675	135.65669	京阪電気鉄道・交野線
006573	英賀保	34.813365	134.644775	西日本旅客鉄道・山陽線
006574	三河鹿島	34.813313	137.189697	名古屋鉄道・蒲郡線
006575	磯山	34.81265	136.568875	近畿日本鉄道・名古屋線
006576	愛知御津	34.812585	137.316585	東海旅客鉄道・東海道線
006577	岡地	34.812307	137.66571	天竜浜名湖鉄道・天竜浜名湖線
006578	吉永	34.812245	134.204415	西日本旅客鉄道・山陽線
006579	中瀬古	34.812145	136.543045	伊勢鉄道・伊勢線
006580	枚方公園	34.811625	135.639495	京阪電気鉄道・京阪本線
006581	宝塚	34.811355	135.340845	西日本旅客鉄道・福知山線
006582	清荒神	34.811195	135.353445	阪急電鉄・宝塚線
006583	亀山	34.810655	134.67675	山陽電気鉄道・本線
006584	公園東口	34.81059	135.539595	大阪モノレール・国際文化公園都市モノレール線(彩都線)
006585	宝塚	34.810485	135.340895	阪急電鉄・今津線
006586	宝塚	34.810485	135.340895	阪急電鉄・宝塚線
006587	千里中央	34.809773	135.495046	北大阪急行電鉄・南北線
006588	はりま勝原	34.81016	134.614283	西日本旅客鉄道・山陽線
006589	大村	34.808645	134.97152	神戸電鉄・粟生線
006590	牛久保	34.80857	137.381715	東海旅客鉄道・飯田線
006591	原谷	34.808465	137.954985	天竜浜名湖鉄道・天竜浜名湖線
006592	遠州小林	34.808345	137.79555	遠州鉄道・鉄道線
006593	興戸	34.80832	135.77868	近畿日本鉄道・京都線
006594	石橋阪大前	34.808195	135.44549	阪急電鉄・宝塚線
006595	石橋阪大前	34.808138	135.446225	阪急電鉄・箕面線
006596	宇野辺	34.80804	135.55448	大阪モノレール・大阪モノレール線
006597	星ヶ丘	34.807595	135.659825	京阪電気鉄道・交野線
006598	千里中央	34.807455	135.495185	大阪モノレール・大阪モノレール線
006599	上野間	34.80727	136.86681	名古屋鉄道・知多新線
006600	気賀	34.8072	137.65195	天竜浜名湖鉄道・天竜浜名湖線
006601	万博記念公園	34.80678	135.53016	大阪モノレール・国際文化公園都市モノレール線(彩都線)
006602	万博記念公園	34.80678	135.53016	大阪モノレール・大阪モノレール線
006603	五社	34.80613	135.216355	神戸電鉄・三田線
006604	山田	34.80564	135.515545	大阪モノレール・大阪モノレール線
006605	ひめじ別所	34.80556	134.752975	西日本旅客鉄道・山陽線
006606	同志社前	34.805587	135.778407	西日本旅客鉄道・片町線
006607	三石	34.804995	134.2763	西日本旅客鉄道・山陽線
006608	少路	34.804275	135.47534	大阪モノレール・大阪モノレール線
006609	佐那具	34.804195	136.163155	西日本旅客鉄道・関西線
006610	山田	34.80386	135.515615	阪急電鉄・千里線
006611	宝塚南口	34.803821	135.345844	阪急電鉄・今津線
006612	南茨木	34.803195	135.56476	大阪モノレール・大阪モノレール線
006613	西飾磨	34.803045	134.65122	山陽電気鉄道・網干線
006614	伊奈	34.802853	137.354787	名古屋鉄道・名古屋本線
006615	三次	34.802695	132.85602	西日本旅客鉄道・芸備線
006616	三ヶ日	34.802565	137.55178	天竜浜名湖鉄道・天竜浜名湖線
006617	西気賀	34.802356	137.621574	天竜浜名湖鉄道・天竜浜名湖線
006618	八次	34.802285	132.87885	西日本旅客鉄道・芸備線
006619	南茨木	34.80219	135.56501	阪急電鉄・京都線
006620	村野	34.80186	135.664195	京阪電気鉄道・交野線
006621	片瀬白田	34.80185	139.06122	伊豆急行・伊豆急行線
006622	西相生	34.801415	134.45072	西日本旅客鉄道・赤穂線
006623	津田	34.80141	135.697975	西日本旅客鉄道・片町線
006624	北伊丹	34.801147	135.419487	西日本旅客鉄道・福知山線
006625	玉水	34.800677	135.806975	西日本旅客鉄道・奈良線
006626	伊勢上野	34.800335	136.54248	伊勢鉄道・伊勢線
006627	柴原阪大前	34.800333	135.458686	大阪モノレール・大阪モノレール線
006628	美浜緑苑	34.80029	136.86309	名古屋鉄道・知多新線
006629	三木上の丸	34.799965	134.988805	神戸電鉄・粟生線
006630	三木	34.799782	134.981884	神戸電鉄・粟生線
006631	飾磨	34.79971	134.675465	山陽電気鉄道・本線
006632	飾磨	34.79971	134.675465	山陽電気鉄道・網干線
006633	有馬温泉	34.799455	135.245635	神戸電鉄・有馬線
006634	三山木	34.79864	135.78609	近畿日本鉄道・京都線
006635	千里	34.798515	136.556195	近畿日本鉄道・名古屋線
006636	JR三山木	34.79847	135.784505	西日本旅客鉄道・片町線
006637	夢前川	34.79841	134.639305	山陽電気鉄道・網干線
006638	形原	34.798405	137.184635	名古屋鉄道・蒲郡線
006639	西三次	34.79839	132.840685	西日本旅客鉄道・芸備線
006640	美薗中央公園	34.79816	137.78976	遠州鉄道・鉄道線
006641	広畑	34.797905	134.627565	山陽電気鉄道・網干線
006642	光善寺	34.79776	135.63017	京阪電気鉄道・京阪本線
006643	恵比須	34.797755	134.998575	神戸電鉄・粟生線
006644	下和知	34.79766	132.92535	西日本旅客鉄道・芸備線
006645	小坂井	34.797602	137.363098	東海旅客鉄道・飯田線
006646	河和口	34.79725	136.91898	名古屋鉄道・河和線
006647	和気	34.79726	134.15285	西日本旅客鉄道・山陽線
006648	逆瀬川	34.797024	135.350889	阪急電鉄・今津線
006649	西小坂井	34.797013	137.35273	東海旅客鉄道・東海道線
006650	有馬口	34.796475	135.220985	神戸電鉄・三田線
006651	有馬口	34.796475	135.220985	神戸電鉄・有馬線
006652	山陽天満	34.796375	134.61744	山陽電気鉄道・網干線
006653	都筑	34.795845	137.5745	天竜浜名湖鉄道・天竜浜名湖線
006654	三保三隅	34.79561	131.956065	西日本旅客鉄道・山陰線
006655	奥浜名湖	34.795005	137.54587	天竜浜名湖鉄道・天竜浜名湖線
006656	蛍池	34.794645	135.44923	阪急電鉄・宝塚線
006657	厄神	34.79454	134.906725	西日本旅客鉄道・加古川線
006658	郡津	34.79445	135.66989	京阪電気鉄道・交野線
006659	吉良吉田	34.794282	137.071246	名古屋鉄道・蒲郡線
006660	吉良吉田	34.794282	137.071246	名古屋鉄道・西尾線
006661	蛍池	34.79402	135.449413	大阪モノレール・大阪モノレール線
006662	沢良宜	34.794015	135.56596	大阪モノレール・大阪モノレール線
006663	三河鳥羽	34.793315	137.105055	名古屋鉄道・蒲郡線
006664	桃山台	34.79329	135.49719	北大阪急行電鉄・南北線
006665	曽根	34.79325	134.769923	西日本旅客鉄道・山陽線
006666	細谷	34.79275	137.961635	天竜浜名湖鉄道・天竜浜名湖線
006667	西幡豆	34.792475	137.12135	名古屋鉄道・蒲郡線
006668	南千里	34.79241	135.50875	阪急電鉄・千里線
006669	妻鹿	34.792097	134.693463	山陽電気鉄道・本線
006670	金川	34.792035	133.933685	西日本旅客鉄道・津山線
006671	近鉄宮津	34.79162	135.787515	近畿日本鉄道・京都線
006672	千里丘	34.79144	135.55142	西日本旅客鉄道・東海道線
006673	浜北	34.79133	137.78434	遠州鉄道・鉄道線
006674	大阪空港	34.791207	135.44212	大阪モノレール・大阪モノレール線
006675	神野	34.79102	134.879025	西日本旅客鉄道・加古川線
006676	平松	34.79074	134.601075	山陽電気鉄道・網干線
006677	東都筑	34.790435	137.58661	天竜浜名湖鉄道・天竜浜名湖線
006678	唐櫃台	34.79033	135.2116	神戸電鉄・有馬線
006679	寸座	34.790137	137.612587	天竜浜名湖鉄道・天竜浜名湖線
006680	西浦	34.78997	137.17871	名古屋鉄道・蒲郡線
006681	東幡豆	34.78955	137.14593	名古屋鉄道・蒲郡線
006682	小林	34.78938	135.352335	阪急電鉄・今津線
006683	浜名湖佐久米	34.789235	137.59925	天竜浜名湖鉄道・天竜浜名湖線
006684	伊賀上野	34.789113	136.122713	西日本旅客鉄道・関西線
006685	伊賀上野	34.788909	136.122812	伊賀鉄道・伊賀線
006686	備中高梁	34.78862	133.61654	西日本旅客鉄道・伯備線
006687	こどもの国	34.7886	137.16274	名古屋鉄道・蒲郡線
006688	いこいの広場	34.788085	137.9638	天竜浜名湖鉄道・天竜浜名湖線
006689	豊中	34.787187	135.461933	阪急電鉄・宝塚線
006690	知多奥田	34.787185	136.864485	名古屋鉄道・知多新線
006691	山陽網干	34.786925	134.588185	山陽電気鉄道・網干線
006692	交野市	34.786915	135.67564	京阪電気鉄道・交野線
006693	白浜の宮	34.786855	134.70714	山陽電気鉄道・本線
006694	新居	34.786337	136.115901	伊賀鉄道・伊賀線
006695	摂津市	34.786369	135.553684	阪急電鉄・京都線
006696	豊津上野	34.78525	136.543085	近畿日本鉄道・名古屋線
006697	神鉄六甲	34.78525	135.206165	神戸電鉄・有馬線
006698	宝殿	34.784643	134.812527	西日本旅客鉄道・山陽線
006699	香里園	34.78456	135.63094	京阪電気鉄道・京阪本線
006700	遠州小松	34.78423	137.77784	遠州鉄道・鉄道線
006701	八家	34.784035	134.72259	山陽電気鉄道・本線
006702	尾奈	34.784013	137.541743	天竜浜名湖鉄道・天竜浜名湖線
006703	熊山	34.78359	134.10945	西日本旅客鉄道・山陽線
006704	志染	34.782485	135.00759	神戸電鉄・粟生線
006705	大池	34.781015	135.198895	神戸電鉄・有馬線
006706	河芸	34.780985	136.530995	伊勢鉄道・伊勢線
006707	下地	34.780983	137.370625	東海旅客鉄道・飯田線
006708	神杉	34.78076	132.9028	西日本旅客鉄道・芸備線
006709	伊丹	34.780615	135.421775	西日本旅客鉄道・福知山線
006710	下狛	34.780575	135.788555	西日本旅客鉄道・片町線
006711	狛田	34.78044	135.78952	近畿日本鉄道・京都線
006712	的形	34.780065	134.741585	山陽電気鉄道・本線
006713	摂津	34.780025	135.561425	大阪モノレール・大阪モノレール線
006714	伊丹	34.779915	135.41373	阪急電鉄・伊丹線
006715	大塩	34.779376	134.75756	山陽電気鉄道・本線
006716	千里山	34.77898	135.50551	阪急電鉄・千里線
006717	岡町	34.77892	135.46507	阪急電鉄・宝塚線
006718	日岡	34.778663	134.85718	西日本旅客鉄道・加古川線
006719	桜木	34.77824	137.972735	天竜浜名湖鉄道・天竜浜名湖線
006720	河和	34.778025	136.912265	名古屋鉄道・河和線
006721	岸辺	34.776935	135.541325	西日本旅客鉄道・東海道線
006722	遠州西ヶ崎	34.77678	137.7739	遠州鉄道・鉄道線
006723	河内磐船	34.776515	135.68465	西日本旅客鉄道・片町線
006724	船町	34.775735	137.374065	東海旅客鉄道・飯田線
006725	山陽曽根	34.775508	134.773173	山陽電気鉄道・本線
006726	正雀	34.775497	135.545663	阪急電鉄・京都線
006727	仁川	34.77508	135.35687	阪急電鉄・今津線
006728	緑地公園	34.774815	135.495275	北大阪急行電鉄・南北線
006729	棚倉	34.774635	135.81602	西日本旅客鉄道・奈良線
006730	伊豆稲取	34.774555	139.03737	伊豆急行・伊豆急行線
006731	塩町	34.774235	132.91344	西日本旅客鉄道・芸備線
006732	塩町	34.774235	132.91344	西日本旅客鉄道・福塩線
006733	河内森	34.77383	135.685655	京阪電気鉄道・交野線
006734	新伊丹	34.772365	135.41559	阪急電鉄・伊丹線
006735	野間	34.7723	136.86075	名古屋鉄道・知多新線
006736	西掛川	34.77199	137.99506	天竜浜名湖鉄道・天竜浜名湖線
006737	大河原	34.77195	135.988235	西日本旅客鉄道・関西線
006738	岡見	34.77181	131.912615	西日本旅客鉄道・山陰線
006739	野々口	34.771105	133.9326	西日本旅客鉄道・津山線
006740	関大前	34.77091	135.506065	阪急電鉄・千里線
006741	曽根	34.77094	135.46773	阪急電鉄・宝塚線
006742	白塚	34.770705	136.532535	近畿日本鉄道・名古屋線
006743	掛川市役所前	34.77034	138.00006	天竜浜名湖鉄道・天竜浜名湖線
006744	広野ゴルフ場前	34.770045	135.02323	神戸電鉄・粟生線
006745	花山	34.769615	135.18723	神戸電鉄・有馬線
006746	掛川	34.769403	138.014543	東海旅客鉄道・東海道線
006747	掛川	34.769403	138.014543	天竜浜名湖鉄道・天竜浜名湖線
006748	掛川	34.76925	138.015998	東海旅客鉄道・東海道新幹線
006749	坂越	34.768715	134.41736	西日本旅客鉄道・赤穂線
006750	積志	34.76808	137.76341	遠州鉄道・鉄道線
006751	上野市	34.767676	136.129441	伊賀鉄道・伊賀線
006752	島ヶ原	34.767635	136.054085	西日本旅客鉄道・関西線
006753	私市	34.767635	135.686565	京阪電気鉄道・交野線
006754	加古川	34.76761	134.839905	西日本旅客鉄道・加古川線
006755	加古川	34.767555	134.839515	西日本旅客鉄道・山陽線
006756	星田	34.76735	135.663445	西日本旅客鉄道・片町線
006757	市役所前	34.767265	137.393065	豊橋鉄道・東田本線
006758	広小路	34.76704	136.134488	伊賀鉄道・伊賀線
006759	伊保	34.76719	134.78702	山陽電気鉄道・本線
006760	西大手	34.766913	136.124662	伊賀鉄道・伊賀線
006761	甲東園	34.766765	135.35981	阪急電鉄・今津線
006762	豊橋公園前	34.766735	137.39586	豊橋鉄道・東田本線
006763	三良坂	34.766195	132.95775	西日本旅客鉄道・福塩線
006764	東八町	34.765865	137.400725	豊橋鉄道・東田本線
006765	前畑	34.765755	137.40449	豊橋鉄道・東田本線
006766	東田坂上	34.76573	137.408415	豊橋鉄道・東田本線
006767	東田	34.76531	137.41371	豊橋鉄道・東田本線
006768	緑が丘	34.765197	135.0258	神戸電鉄・粟生線
006769	南摂津	34.76509	135.56876	大阪モノレール・大阪モノレール線
006770	稲野	34.765065	135.41564	阪急電鉄・伊丹線
006771	競輪場前	34.76501	137.417275	豊橋鉄道・東田本線
006772	豊津	34.764638	135.5089	阪急電鉄・千里線
006773	札木	34.76448	137.390285	豊橋鉄道・東田本線
006774	井原	34.764185	137.421835	豊橋鉄道・東田本線
006775	猪名寺	34.764	135.422615	西日本旅客鉄道・福知山線
006776	寝屋川市	34.764004	135.620788	京阪電気鉄道・京阪本線
006777	駅前	34.76363	137.383125	豊橋鉄道・東田本線
006778	赤岩口	34.7634	137.42912	豊橋鉄道・東田本線
006779	吹田	34.76322	135.523765	西日本旅客鉄道・東海道線
006780	駅前大通	34.763095	137.38606	豊橋鉄道・東田本線
006781	服部天神	34.76293	135.47518	阪急電鉄・宝塚線
006782	新川	34.762905	137.38948	豊橋鉄道・東田本線
006783	豊橋	34.76289	137.38115	東海旅客鉄道・東海道新幹線
006784	一身田	34.762775	136.49939	東海旅客鉄道・紀勢線
006785	月ヶ瀬口	34.762685	136.02453	西日本旅客鉄道・関西線
006786	豊橋	34.76207	137.382673	東海旅客鉄道・東海道線
006787	豊橋	34.76207	137.382673	東海旅客鉄道・飯田線
006788	豊橋	34.76207	137.382673	名古屋鉄道・名古屋本線
006789	新豊橋	34.76226	137.383375	豊橋鉄道・渥美線
006790	菊川	34.761666	138.085388	東海旅客鉄道・東海道線
006791	谷上	34.761655	135.17127	神戸電鉄・有馬線
006792	谷上	34.761555	135.171305	神戸市・北神線
006793	茅町	34.761552	136.135697	伊賀鉄道・伊賀線
006794	甲陽園	34.760563	135.33064	阪急電鉄・甲陽線
006795	新祝園	34.760327	135.792773	近畿日本鉄道・京都線
006796	祝園	34.76019	135.792025	西日本旅客鉄道・片町線
006797	井高野	34.76012	135.54726	大阪市高速電気軌道・8号線(今里筋線)
006798	吹田	34.759605	135.517295	阪急電鉄・千里線
006799	笠置	34.75913	135.934515	西日本旅客鉄道・関西線
006800	江坂	34.75875	135.497095	北大阪急行電鉄・南北線
006801	江坂	34.75875	135.497095	大阪市高速電気軌道・1号線(御堂筋線)
006802	東一身田	34.758735	136.5121	伊勢鉄道・伊勢線
006803	備中広瀬	34.758545	133.6065	西日本旅客鉄道・伯備線
006804	運動公園前	34.75851	137.422395	豊橋鉄道・東田本線
006805	万富	34.758247	134.08057	西日本旅客鉄道・山陽線
006806	荒井	34.757907	134.793563	山陽電気鉄道・本線
006807	相川	34.757797	135.533675	阪急電鉄・京都線
006808	さぎの宮	34.757275	137.75732	遠州鉄道・鉄道線
006809	門戸厄神	34.757045	135.35824	阪急電鉄・今津線
006810	箕谷	34.756905	135.155755	神戸電鉄・有馬線
006811	播州赤穂	34.75663	134.39305	西日本旅客鉄道・赤穂線
006812	押部谷	34.756577	135.03939	神戸電鉄・粟生線
006813	寝屋川公園	34.755505	135.65335	西日本旅客鉄道・片町線
006814	栄	34.75525	135.05653	神戸電鉄・粟生線
006815	高田本山	34.755115	136.516375	近畿日本鉄道・名古屋線
006816	柳生橋	34.75488	137.38859	豊橋鉄道・渥美線
006817	桑町	34.75416	136.136604	伊賀鉄道・伊賀線
006818	知波田	34.753805	137.512095	天竜浜名湖鉄道・天竜浜名湖線
006819	今井浜海岸	34.753715	139.00467	伊豆急行・伊豆急行線
006820	塚口	34.75314	135.416242	阪急電鉄・伊丹線
006821	塚口	34.75286	135.4161	阪急電鉄・神戸線
006822	加茂	34.75257	135.869595	西日本旅客鉄道・関西線
006823	愛野	34.752455	137.961845	東海旅客鉄道・東海道線
006824	瑞光四丁目	34.752115	135.544515	大阪市高速電気軌道・8号線(今里筋線)
006825	高砂	34.75198	134.80236	山陽電気鉄道・本線
006826	園田	34.751845	135.44811	阪急電鉄・神戸線
006827	六甲山上	34.751785	135.236905	神戸六甲鉄道・六甲ケーブル線
006828	武庫之荘	34.751655	135.39386	阪急電鉄・神戸線
006829	鎌手	34.751663	131.878308	西日本旅客鉄道・山陰線
006830	塚口	34.75083	135.42512	西日本旅客鉄道・福知山線
006831	上狛	34.750475	135.8213	西日本旅客鉄道・奈良線
006832	庄内	34.750345	135.47514	阪急電鉄・宝塚線
006833	上新庄	34.750065	135.533015	阪急電鉄・京都線
006834	苦楽園口	34.75006	135.32894	阪急電鉄・甲陽線
006835	大日	34.749495	135.578315	大阪市高速電気軌道・2号線(谷町線)
006836	南吹田	34.749419	135.511343	西日本旅客鉄道・おおさか東線
006837	天和	34.74906	134.351415	西日本旅客鉄道・赤穂線
006838	大日	34.74894	135.578935	大阪モノレール・大阪モノレール線
006839	小池	34.74889	137.388075	豊橋鉄道・渥美線
006840	尾上の松	34.74859	134.82093	山陽電気鉄道・本線
006841	四十九	34.748355	136.136968	伊賀鉄道・伊賀線
006842	木幡	34.748305	135.071385	神戸電鉄・粟生線
006843	備前片上	34.748255	134.19683	西日本旅客鉄道・赤穂線
006844	自動車学校前	34.747605	137.751635	遠州鉄道・鉄道線
006845	萱島	34.7474	135.610997	京阪電気鉄道・京阪本線
006846	河津	34.747437	138.995913	伊豆急行・伊豆急行線
006847	備前福河	34.7467	134.331685	西日本旅客鉄道・赤穂線
006848	木津川台	34.746696	135.796054	近畿日本鉄道・京都線
006849	下新庄	34.746415	135.5199	阪急電鉄・千里線
006850	山の街	34.746205	135.153205	神戸電鉄・有馬線
006851	寒河	34.746155	134.297735	西日本旅客鉄道・赤穂線
006852	西宮北口	34.746467	135.35677	阪急電鉄・今津線
006853	西宮北口	34.745947	135.3567	阪急電鉄・神戸線
006854	東加古川	34.745685	134.869275	西日本旅客鉄道・山陽線
006855	忍ヶ丘	34.745645	135.645155	西日本旅客鉄道・片町線
006856	西片上	34.745245	134.18426	西日本旅客鉄道・赤穂線
006857	内海	34.744685	136.875245	名古屋鉄道・知多新線
006858	江戸橋	34.74444	136.51402	近畿日本鉄道・名古屋線
006859	木津	34.744062	135.088534	神戸電鉄・粟生線
006860	だいどう豊里	34.743993	135.544473	大阪市高速電気軌道・8号線(今里筋線)
006861	大和田	34.742934	135.602552	京阪電気鉄道・京阪本線
006862	夙川	34.742665	135.32806	阪急電鉄・甲陽線
006863	夙川	34.742257	135.328073	阪急電鉄・神戸線
006864	愛知大学前	34.7417	137.385935	豊橋鉄道・渥美線
006865	伊里	34.741555	134.22453	西日本旅客鉄道・赤穂線
006866	上島	34.741545	137.74557	遠州鉄道・鉄道線
006867	袋井	34.741435	137.925995	東海旅客鉄道・東海道線
006868	牧山	34.74126	133.96045	西日本旅客鉄道・津山線
006869	東三国	34.7411	135.498495	大阪市高速電気軌道・1号線(御堂筋線)
006870	備後安田	34.74108	133.0338	西日本旅客鉄道・福塩線
006871	浜の宮	34.740835	134.833975	山陽電気鉄道・本線
006872	JR淡路	34.740801	135.519815	西日本旅客鉄道・おおさか東線
006873	志和地	34.74049	132.80393	西日本旅客鉄道・芸備線
006874	古川橋	34.739873	135.59129	京阪電気鉄道・京阪本線
006875	北鈴蘭台	34.73946	135.151943	神戸電鉄・有馬線
006876	淡路	34.73938	135.516975	阪急電鉄・京都線
006877	淡路	34.73938	135.516975	阪急電鉄・千里線
006878	東淀川	34.73921	135.503995	西日本旅客鉄道・東海道線
006879	甲子園口	34.73906	135.37439	西日本旅客鉄道・東海道線
006880	さくら夙川	34.739035	135.331267	西日本旅客鉄道・東海道線
006881	西宮	34.73901	135.34878	西日本旅客鉄道・東海道線
006882	伊部	34.73859	134.16111	西日本旅客鉄道・赤穂線
006883	守口	34.73844	135.564345	大阪市高速電気軌道・2号線(谷町線)
006884	西木津	34.73813	135.802445	西日本旅客鉄道・片町線
006885	門真市	34.7381	135.583	京阪電気鉄道・京阪本線
006886	立花	34.737885	135.3996	西日本旅客鉄道・東海道線
006887	大森	34.737868	137.509702	天竜浜名湖鉄道・天竜浜名湖線
006888	山田川	34.73779	135.79388	近畿日本鉄道・京都線
006889	三国	34.737477	135.48295	阪急電鉄・宝塚線
006890	六甲ケーブル下	34.737405	135.233645	神戸六甲鉄道・六甲ケーブル線
006891	阪神国道	34.73739	135.354855	阪急電鉄・今津線
006892	西三荘	34.73734	135.57589	京阪電気鉄道・京阪本線
006893	門真市	34.73731	135.582615	大阪モノレール・大阪モノレール線
006894	西宮	34.73668	135.339505	阪神電気鉄道・本線
006895	芦屋川	34.73639	135.30079	阪急電鉄・神戸線
006896	木津	34.735595	135.824775	西日本旅客鉄道・関西線
006897	木津	34.735595	135.824775	西日本旅客鉄道・奈良線
006898	木津	34.735595	135.824775	西日本旅客鉄道・片町線
006899	南栄	34.73557	137.385835	豊橋鉄道・渥美線
006900	守口市	34.735237	135.565143	京阪電気鉄道・京阪本線
006901	日生	34.735165	134.27651	西日本旅客鉄道・赤穂線
006902	猪田道	34.735076	136.140509	伊賀鉄道・伊賀線
006903	瀬戸	34.734653	134.041936	西日本旅客鉄道・山陽線
006904	津	34.734415	136.51023	近畿日本鉄道・名古屋線
006905	津	34.734373	136.510723	東海旅客鉄道・紀勢線
006906	津	34.734373	136.510723	伊勢鉄道・伊勢線
006907	香櫨園	34.734315	135.32889	阪神電気鉄道・本線
006908	芦屋	34.734265	135.307395	西日本旅客鉄道・東海道線
006909	新大阪	34.734058	135.501539	西日本旅客鉄道・おおさか東線
006910	新大阪	34.733904	135.502001	西日本旅客鉄道・東海道線
006911	新大阪	34.73368	135.500035	西日本旅客鉄道・山陽新幹線
006912	新大阪	34.7334	135.500145	東海旅客鉄道・東海道新幹線
006913	曳馬	34.733215	137.74146	遠州鉄道・鉄道線
006914	新大阪	34.73279	135.498545	大阪市高速電気軌道・1号線(御堂筋線)
006915	藍那	34.73238	135.11822	神戸電鉄・粟生線
006916	神崎川	34.731975	135.473138	阪急電鉄・神戸線
006917	今津	34.731945	135.35162	阪急電鉄・今津線
006918	尼崎	34.731855	135.43178	西日本旅客鉄道・JR東西線
006919	尼崎	34.731855	135.43178	西日本旅客鉄道・東海道線
006920	尼崎	34.731855	135.43178	西日本旅客鉄道・福知山線
006921	打出	34.731605	135.315565	阪神電気鉄道・本線
006922	太子橋今市	34.7314	135.55616	大阪市高速電気軌道・8号線(今里筋線)
006923	太子橋今市	34.731143	135.554583	大阪市高速電気軌道・2号線(谷町線)
006924	崇禅寺	34.73101	135.510165	阪急電鉄・京都線
006925	今津	34.73089	135.351735	阪神電気鉄道・本線
006926	甲南山手	34.730635	135.292605	西日本旅客鉄道・東海道線
006927	土居	34.730635	135.559785	京阪電気鉄道・京阪本線
006928	四条畷	34.7304	135.639245	西日本旅客鉄道・片町線
006929	別府	34.730245	134.85069	山陽電気鉄道・本線
006930	岡本	34.729175	135.27594	阪急電鉄・神戸線
006931	柴島	34.72867	135.51167	阪急電鉄・千里線
006932	香登	34.72791	134.12021	西日本旅客鉄道・赤穂線
006933	滝井	34.7279	135.557445	京阪電気鉄道・京阪本線
006934	アスモ前	34.72789	137.494165	天竜浜名湖鉄道・天竜浜名湖線
006935	加島	34.727755	135.453593	西日本旅客鉄道・JR東西線
006936	芦屋	34.72777	135.30355	阪神電気鉄道・本線
006937	吉舎	34.72773	132.99091	西日本旅客鉄道・福塩線
006938	高師	34.727105	137.38172	豊橋鉄道・渥美線
006939	久寿川	34.72702	135.35689	阪神電気鉄道・本線
006940	虹	34.72701	135.21236	こうべ未来都市機構・摩耶ケーブル線
006941	摂津本山	34.726805	135.27757	西日本旅客鉄道・東海道線
006942	西中島南方	34.72655	135.498605	大阪市高速電気軌道・1号線(御堂筋線)
006943	鈴蘭台西口	34.72653	135.140765	神戸電鉄・粟生線
006944	市部	34.726461	136.148748	伊賀鉄道・伊賀線
006945	学研奈良登美ヶ丘	34.726385	135.74916	近畿日本鉄道・けいはんな線
006946	西鈴蘭台	34.725825	135.135013	神戸電鉄・粟生線
006947	二川	34.725795	137.43887	東海旅客鉄道・東海道線
006948	南方	34.72571	135.499295	阪急電鉄・京都線
006949	上川立	34.725335	132.78489	西日本旅客鉄道・芸備線
006950	学研北生駒	34.724845	135.72342	近畿日本鉄道・けいはんな線
006951	御影	34.72457	135.251875	阪急電鉄・神戸線
006952	千林大宮	34.724225	135.549255	大阪市高速電気軌道・2号線(谷町線)
006953	千林	34.724055	135.55482	京阪電気鉄道・京阪本線
006954	甲子園	34.72396	135.363275	阪神電気鉄道・本線
006955	高の原	34.72371	135.79186	近畿日本鉄道・京都線
006956	城北公園通	34.723702	135.530601	西日本旅客鉄道・おおさか東線
006957	鈴蘭台	34.723635	135.14588	神戸電鉄・粟生線
006958	鈴蘭台	34.723635	135.14588	神戸電鉄・有馬線
006959	助信	34.7236	137.738465	遠州鉄道・鉄道線
006960	新所原	34.72326	137.484455	東海旅客鉄道・東海道線
006961	新所原	34.72326	137.484455	天竜浜名湖鉄道・天竜浜名湖線
006962	石見津田	34.722725	131.86476	西日本旅客鉄道・山陰線
006963	深江	34.72257	135.29145	阪神電気鉄道・本線
006964	清水	34.722155	135.56081	大阪市高速電気軌道・8号線(今里筋線)
006965	稲梓	34.72206	138.9494	伊豆急行・伊豆急行線
006966	白庭台	34.72103	135.71683	近畿日本鉄道・けいはんな線
006967	十三	34.720914	135.482409	阪急電鉄・京都線
006968	十三	34.720914	135.482409	阪急電鉄・宝塚線
006969	土山	34.720317	134.889023	西日本旅客鉄道・山陽線
006970	十三	34.720245	135.4821	阪急電鉄・神戸線
006971	摩耶ケーブル	34.72009	135.216005	こうべ未来都市機構・摩耶ケーブル線
006972	西神中央	34.719985	135.01716	神戸市・西神延伸線
006973	美袋	34.71984	133.654245	西日本旅客鉄道・伯備線
006974	住吉	34.719743	135.262623	西日本旅客鉄道・東海道線
006975	鳴尾・武庫川女子大前	34.719683	135.370387	阪神電気鉄道・本線
006976	六甲	34.719475	135.2337	阪急電鉄・神戸線
006977	森小路	34.719455	135.55168	京阪電気鉄道・京阪本線
006978	住吉	34.71942	135.262265	神戸新交通・六甲アイランド線
006979	御厨	34.718659	137.885632	東海旅客鉄道・東海道線
006980	武庫川	34.718486	135.382874	阪神電気鉄道・本線
006981	尼崎	34.71851	135.417315	阪神電気鉄道・阪神なんば線
006982	尼崎	34.71851	135.417315	阪神電気鉄道・本線
006983	野崎	34.718455	135.637025	西日本旅客鉄道・片町線
006984	芦原	34.71835	137.380147	豊橋鉄道・渥美線
006985	武庫川	34.71835	135.381225	阪神電気鉄道・武庫川線
006986	杭瀬	34.71831	135.43868	阪神電気鉄道・本線
006987	出屋敷	34.71826	135.40461	阪神電気鉄道・本線
006988	尼崎センタープール前	34.717873	135.395253	阪神電気鉄道・本線
006989	八幡	34.71707	137.73599	遠州鉄道・鉄道線
006990	天竜川	34.717065	137.779405	東海旅客鉄道・東海道線
006991	青木	34.71698	135.28065	阪神電気鉄道・本線
006992	玉柏	34.71696	133.96452	西日本旅客鉄道・津山線
006993	鷲津	34.71677	137.54619	東海旅客鉄道・東海道線
006994	門真南	34.716745	135.592475	大阪市高速電気軌道・7号線(長堀鶴見緑地線)
006995	播磨町	34.716675	134.86813	山陽電気鉄道・本線
006996	大物	34.71665	135.42601	阪神電気鉄道・本線
006997	大物	34.71644	135.42591	阪神電気鉄道・阪神なんば線
006998	津新町	34.715545	136.499898	近畿日本鉄道・名古屋線
006999	日羽	34.71563	133.690015	西日本旅客鉄道・伯備線
007000	依那古	34.715415	136.1531	伊賀鉄道・伊賀線
007001	新森古市	34.715255	135.558255	大阪市高速電気軌道・8号線(今里筋線)
007002	関目高殿	34.715273	135.545653	大阪市高速電気軌道・2号線(谷町線)
007003	御影	34.714915	135.255508	阪神電気鉄道・本線
007004	六甲道	34.714805	135.238405	西日本旅客鉄道・東海道線
007005	魚崎	34.71365	135.26863	神戸新交通・六甲アイランド線
007006	石屋川	34.71332	135.249415	阪神電気鉄道・本線
007007	住吉	34.713055	135.261265	阪神電気鉄道・本線
007008	関目成育	34.713025	135.54644	大阪市高速電気軌道・8号線(今里筋線)
007009	塚本	34.712735	135.46889	西日本旅客鉄道・東海道線
007010	東鳴尾	34.71272	135.37915	阪神電気鉄道・武庫川線
007011	御幣島	34.712695	135.45561	西日本旅客鉄道・JR東西線
007012	魚崎	34.71268	135.269685	阪神電気鉄道・本線
007013	関目	34.712625	135.546985	京阪電気鉄道・京阪本線
007014	千船	34.712255	135.44535	阪神電気鉄道・本線
007015	豊田町	34.712085	137.8198	東海旅客鉄道・東海道線
007016	中津	34.711292	135.49707	大阪市高速電気軌道・1号線(御堂筋線)
007017	植田	34.710975	137.373245	豊橋鉄道・渥美線
007018	鶴見緑地	34.71097	135.58071	大阪市高速電気軌道・7号線(長堀鶴見緑地線)
007019	梶田	34.71089	133.05944	西日本旅客鉄道・福塩線
007020	新在家	34.710605	135.24057	阪神電気鉄道・本線
007021	天神橋筋六丁目	34.710717	135.511406	大阪市高速電気軌道・2号線(谷町線)
007022	遠州病院	34.710585	137.73343	遠州鉄道・鉄道線
007023	平城山	34.71053	135.81035	西日本旅客鉄道・関西線
007024	王子公園	34.71034	135.21864	阪急電鉄・神戸線
007025	磐田	34.710215	137.85227	東海旅客鉄道・東海道線
007026	中津	34.710005	135.492575	阪急電鉄・宝塚線
007027	中津	34.709875	135.492525	阪急電鉄・神戸線
007028	天神橋筋六丁目	34.71019	135.51075	阪急電鉄・千里線
007029	天神橋筋六丁目	34.71019	135.51075	大阪市高速電気軌道・6号線(堺筋線)
007030	野江内代	34.708893	135.537917	大阪市高速電気軌道・2号線(谷町線)
007031	洲先	34.709	135.37796	阪神電気鉄道・武庫川線
007032	都島	34.708944	135.525926	大阪市高速電気軌道・2号線(谷町線)
007033	摩耶	34.70852	135.224752	西日本旅客鉄道・東海道線
007034	大石	34.707705	135.23107	阪神電気鉄道・本線
007035	第一通り	34.707555	137.732855	遠州鉄道・鉄道線
007036	野江	34.7073	135.543335	京阪電気鉄道・京阪本線
007037	出来島	34.70727	135.436845	阪神電気鉄道・阪神なんば線
007038	西二見	34.707185	134.877065	山陽電気鉄道・本線
007039	新神戸	34.70732	135.197035	西日本旅客鉄道・山陽新幹線
007040	中崎町	34.70718	135.505565	大阪市高速電気軌道・2号線(谷町線)
007041	JR野江	34.706841	135.541391	西日本旅客鉄道・おおさか東線
007042	南魚崎	34.706755	135.26762	神戸新交通・六甲アイランド線
007043	住道	34.70629	135.621683	西日本旅客鉄道・片町線
007044	豪渓	34.70626	133.7225	西日本旅客鉄道・伯備線
007045	向ヶ丘	34.706135	137.367675	豊橋鉄道・渥美線
007046	灘	34.705875	135.216545	西日本旅客鉄道・東海道線
007047	西灘	34.705725	135.224335	阪神電気鉄道・本線
007048	大阪梅田	34.705615	135.498585	阪急電鉄・宝塚線
007049	大阪梅田	34.70554	135.49807	阪急電鉄・神戸線
007050	桜ノ宮	34.70505	135.521026	西日本旅客鉄道・大阪環状線
007051	天満	34.70494	135.51237	西日本旅客鉄道・大阪環状線
007052	武庫川団地前	34.704935	135.374855	阪神電気鉄道・武庫川線
007053	備前原	34.704977	133.944997	西日本旅客鉄道・津山線
007054	新神戸	34.704685	135.19566	神戸市・山手線
007055	新神戸	34.704685	135.19566	神戸市・北神線
007056	丸山	34.704391	136.157464	伊賀鉄道・伊賀線
007057	姫島	34.70435	135.45819	阪神電気鉄道・本線
007058	岩屋	34.7042	135.21849	阪神電気鉄道・本線
007059	浜松	34.70406	137.735118	東海旅客鉄道・東海道線
007060	浜松	34.70376	137.735377	東海旅客鉄道・東海道新幹線
007061	扇町	34.703825	135.51085	大阪市高速電気軌道・6号線(堺筋線)
007062	甲奴	34.70364	133.081265	西日本旅客鉄道・福塩線
007063	横堤	34.70354	135.572675	大阪市高速電気軌道・7号線(長堀鶴見緑地線)
007064	新浜松	34.70341	137.73246	遠州鉄道・鉄道線
007065	梅田	34.70313	135.497685	大阪市高速電気軌道・1号線(御堂筋線)
007066	阿漕	34.703105	136.50451	東海旅客鉄道・紀勢線
007067	春日野道	34.703068	135.205512	阪急電鉄・神戸線
007068	大阪	34.702495	135.494985	西日本旅客鉄道・東海道線
007069	大阪	34.70238	135.496267	西日本旅客鉄道・大阪環状線
007070	今福鶴見	34.702022	135.56007	大阪市高速電気軌道・7号線(長堀鶴見緑地線)
007071	大阪梅田	34.701503	135.497253	阪神電気鉄道・本線
007072	平城	34.701465	135.78465	近畿日本鉄道・京都線
007073	蒲生四丁目	34.70106	135.546295	大阪市高速電気軌道・8号線(今里筋線)
007074	東梅田	34.70056	135.499825	大阪市高速電気軌道・2号線(谷町線)
007075	蒲生四丁目	34.70049	135.54775	大阪市高速電気軌道・7号線(長堀鶴見緑地線)
007076	東二見	34.70025	134.888025	山陽電気鉄道・本線
007077	福	34.699825	135.442735	阪神電気鉄道・阪神なんば線
007078	春日野道	34.69962	135.208165	阪神電気鉄道・本線
007079	蓮台寺	34.699467	138.94129	伊豆急行・伊豆急行線
007080	西梅田	34.69944	135.495645	大阪市高速電気軌道・3号線(四つ橋線)
007081	西神南	34.6994	135.030195	神戸市・西神延伸線
007082	上道	34.69931	134.020645	西日本旅客鉄道・山陽線
007083	長船	34.699305	134.09849	西日本旅客鉄道・赤穂線
007084	鴻池新田	34.69886	135.597645	西日本旅客鉄道・片町線
007085	北新地	34.69837	135.497103	西日本旅客鉄道・JR東西線
007086	足守	34.698	133.80276	西日本旅客鉄道・吉備線
007087	南森町	34.697823	135.511	大阪市高速電気軌道・6号線(堺筋線)
007088	菖蒲池	34.697925	135.761275	近畿日本鉄道・奈良線
007089	南森町	34.69758	135.510887	大阪市高速電気軌道・2号線(谷町線)
007090	大阪天満宮	34.697415	135.513345	西日本旅客鉄道・JR東西線
007091	福島	34.69718	135.48658	西日本旅客鉄道・大阪環状線
007092	京橋	34.69706	135.53005	大阪市高速電気軌道・7号線(長堀鶴見緑地線)
007093	京橋	34.69702	135.532415	京阪電気鉄道・京阪本線
007094	学園前	34.697015	135.749805	近畿日本鉄道・奈良線
007095	京橋	34.69657	135.53404	西日本旅客鉄道・大阪環状線
007096	魚住	34.69644	134.90611	西日本旅客鉄道・山陽線
007097	淀川	34.696195	135.465205	阪神電気鉄道・本線
007098	福島	34.69607	135.488275	阪神電気鉄道・本線
007099	京橋	34.696023	135.534092	西日本旅客鉄道・JR東西線
007100	京橋	34.696023	135.534092	西日本旅客鉄道・片町線
007101	大清水	34.695955	137.358855	豊橋鉄道・渥美線
007102	海老江	34.695645	135.47297	西日本旅客鉄道・JR東西線
007103	上林	34.69522	136.161068	伊賀鉄道・伊賀線
007104	新福島	34.69488	135.485555	西日本旅客鉄道・JR東西線
007105	三ノ宮	34.694795	135.19504	西日本旅客鉄道・東海道線
007106	上下	34.69467	133.11776	西日本旅客鉄道・福塩線
007107	大阪城北詰	34.694505	135.525362	西日本旅客鉄道・JR東西線
007108	三宮	34.69451	135.195295	神戸新交通・ポートアイランド線
007109	野田	34.6944	135.47606	阪神電気鉄道・本線
007110	大江橋	34.69436	135.50097	京阪電気鉄道・中之島線
007111	新居町	34.694275	137.568823	東海旅客鉄道・東海道線
007112	富雄	34.694205	135.73473	近畿日本鉄道・奈良線
007113	野田阪神	34.694115	135.47487	大阪市高速電気軌道・5号線(千日前線)
007114	渡辺橋	34.694045	135.495905	京阪電気鉄道・中之島線
007115	三宮	34.693885	135.192415	神戸市・山手線
007116	神戸三宮	34.69382	135.195233	阪神電気鉄道・本線
007117	大和西大寺	34.69365	135.78307	近畿日本鉄道・橿原線
007118	大和西大寺	34.69365	135.78307	近畿日本鉄道・京都線
007119	大和西大寺	34.69365	135.78307	近畿日本鉄道・奈良線
007120	神戸三宮	34.693145	135.192855	阪急電鉄・神戸高速線
007121	神戸三宮	34.693145	135.192855	阪急電鉄・神戸線
007122	生駒	34.6931	135.698055	近畿日本鉄道・けいはんな線
007123	生駒	34.6931	135.698055	近畿日本鉄道・奈良線
007124	生駒	34.693033	135.69821	近畿日本鉄道・生駒線
007125	鴫野	34.69301	135.54615	大阪市高速電気軌道・8号線(今里筋線)
007126	アイランド北口	34.692937	135.268723	神戸新交通・六甲アイランド線
007127	鵯越	34.692856	135.142568	神戸電鉄・有馬線
007128	鴫野	34.692827	135.545002	西日本旅客鉄道・おおさか東線
007129	鴫野	34.692827	135.545002	西日本旅客鉄道・片町線
007130	甲立	34.69259	132.760057	西日本旅客鉄道・芸備線
007131	徳庵	34.69249	135.58142	西日本旅客鉄道・片町線
007132	なにわ橋	34.692285	135.50799	京阪電気鉄道・中之島線
007133	淀屋橋	34.692212	135.503185	京阪電気鉄道・京阪本線
007134	老津	34.69222	137.334955	豊橋鉄道・渥美線
007135	鳥居前	34.692065	135.695915	近畿日本鉄道・生駒鋼索線
007136	南が丘	34.69199	136.496407	近畿日本鉄道・名古屋線
007137	大阪ビジネスパーク	34.69187	135.529765	大阪市高速電気軌道・7号線(長堀鶴見緑地線)
007138	東生駒	34.691903	135.709587	近畿日本鉄道・奈良線
007139	三宮・花時計前	34.691805	135.195975	神戸市・海岸線
007140	中之島	34.691695	135.487895	京阪電気鉄道・中之島線
007141	北浜	34.691505	135.50759	京阪電気鉄道・京阪本線
007142	淀屋橋	34.691305	135.50095	大阪市高速電気軌道・1号線(御堂筋線)
007143	肥後橋	34.691215	135.496365	大阪市高速電気軌道・3号線(四つ橋線)
007144	服部	34.691194	133.775504	西日本旅客鉄道・吉備線
007145	県庁前	34.690994	135.184012	神戸市・山手線
007146	北浜	34.690926	135.506606	大阪市高速電気軌道・6号線(堺筋線)
007147	高塚	34.690425	137.681345	東海旅客鉄道・東海道線
007148	天満橋	34.690395	135.516295	京阪電気鉄道・京阪本線
007149	天満橋	34.690395	135.516295	京阪電気鉄道・中之島線
007150	弁天島	34.690012	137.603414	東海旅客鉄道・東海道線
007151	元町	34.689586	135.187374	西日本旅客鉄道・東海道線
007152	旧居留地・大丸前	34.689523	135.19046	神戸市・海岸線
007153	貿易センター	34.689365	135.19946	神戸新交通・ポートアイランド線
007154	玉川	34.68933	135.476355	大阪市高速電気軌道・5号線(千日前線)
007155	山陽魚住	34.68928	134.902025	山陽電気鉄道・本線
007156	伝法	34.68927	135.45161	阪神電気鉄道・阪神なんば線
007157	天満橋	34.689175	135.517305	大阪市高速電気軌道・2号線(谷町線)
007158	アイランドセンター	34.689135	135.269295	神戸新交通・六甲アイランド線
007159	野田	34.688935	135.47493	西日本旅客鉄道・大阪環状線
007160	元町	34.688895	135.18694	阪神電気鉄道・神戸高速線
007161	元町	34.688895	135.18694	阪神電気鉄道・本線
007162	放出	34.687999	135.563138	西日本旅客鉄道・おおさか東線
007163	放出	34.687999	135.563138	西日本旅客鉄道・片町線
007164	大阪城公園	34.687912	135.534402	西日本旅客鉄道・大阪環状線
007165	伊川谷	34.687867	135.04134	神戸市・西神延伸線
007166	花隈	34.686465	135.181245	阪急電鉄・神戸高速線
007167	備中高松	34.686305	133.82258	西日本旅客鉄道・吉備線
007168	宝山寺	34.68618	135.689357	近畿日本鉄道・生駒鋼索線
007169	丸山	34.685915	135.14396	神戸電鉄・有馬線
007170	みなと元町	34.68585	135.18391	神戸市・海岸線
007171	西江井ヶ島	34.68573	134.90817	山陽電気鉄道・本線
007172	舞阪	34.68569	137.62633	東海旅客鉄道・東海道線
007173	東岡山	34.685595	133.987195	西日本旅客鉄道・山陽線
007174	東岡山	34.685595	133.987195	西日本旅客鉄道・赤穂線
007175	菜畑	34.6855	135.706687	近畿日本鉄道・生駒線
007176	新大宮	34.685425	135.810685	近畿日本鉄道・奈良線
007177	千鳥橋	34.685375	135.457765	阪神電気鉄道・阪神なんば線
007178	石切	34.684873	135.655114	近畿日本鉄道・奈良線
007179	大倉山	34.6847	135.174675	神戸市・山手線
007180	法界院	34.684485	133.9274	西日本旅客鉄道・津山線
007181	マリンパーク	34.68422	135.270095	神戸新交通・六甲アイランド線
007182	西元町	34.68401	135.17967	阪神電気鉄道・神戸高速線
007183	近鉄奈良	34.68397	135.827855	近畿日本鉄道・奈良線
007184	本町	34.68358	135.500675	大阪市高速電気軌道・1号線(御堂筋線)
007185	梅屋敷	34.683125	135.68675	近畿日本鉄道・生駒鋼索線
007186	高島	34.68294	133.95765	西日本旅客鉄道・山陽線
007187	西九条	34.682773	135.466933	西日本旅客鉄道・桜島線
007188	西九条	34.682773	135.466933	西日本旅客鉄道・大阪環状線
007189	本町	34.68275	135.4969	大阪市高速電気軌道・3号線(四つ橋線)
007190	堺筋本町	34.682337	135.506453	大阪市高速電気軌道・6号線(堺筋線)
007191	伊賀上津	34.68256	136.204305	近畿日本鉄道・大阪線
007192	西九条	34.68275	135.46558	阪神電気鉄道・阪神なんば線
007193	森ノ宮	34.682365	135.533375	大阪市高速電気軌道・7号線(長堀鶴見緑地線)
007194	谷町四丁目	34.681927	135.517303	大阪市高速電気軌道・2号線(谷町線)
007195	本町	34.682015	135.499095	大阪市高速電気軌道・4号線(中央線)
007196	大久保	34.681985	134.939175	西日本旅客鉄道・山陽線
007197	堺筋本町	34.68188	135.50688	大阪市高速電気軌道・4号線(中央線)
007198	阿波座	34.681655	135.486225	大阪市高速電気軌道・5号線(千日前線)
007199	総合運動公園	34.681643	135.075383	神戸市・西神延伸線
007200	長田	34.681635	135.14955	神戸電鉄・有馬線
007201	緑橋	34.6815	135.544635	大阪市高速電気軌道・8号線(今里筋線)
007202	森ノ宮	34.68148	135.5323	大阪市高速電気軌道・4号線(中央線)
007203	ポートターミナル	34.681455	135.20222	神戸新交通・ポートアイランド線
007204	学園都市	34.681437	135.05734	神戸市・西神延伸線
007205	谷町四丁目	34.681417	135.51792	大阪市高速電気軌道・4号線(中央線)
007206	阿波座	34.681345	135.487925	大阪市高速電気軌道・4号線(中央線)
007207	霞ヶ丘	34.681093	135.683347	近畿日本鉄道・生駒鋼索線
007208	尼ヶ辻	34.681105	135.783525	近畿日本鉄道・橿原線
007209	緑橋	34.68072	135.54503	大阪市高速電気軌道・4号線(中央線)
007210	奈良	34.680495	135.81885	西日本旅客鉄道・関西線
007211	奈良	34.680495	135.81885	西日本旅客鉄道・桜井線
007212	森ノ宮	34.680455	135.534025	西日本旅客鉄道・大阪環状線
007213	吉田	34.680335	135.624515	近畿日本鉄道・けいはんな線
007214	杉山	34.68031	137.320755	豊橋鉄道・渥美線
007215	新石切	34.680097	135.641097	近畿日本鉄道・けいはんな線
007216	高速神戸	34.6799	135.175465	阪急電鉄・神戸高速線
007217	高速神戸	34.6799	135.175465	阪神電気鉄道・神戸高速線
007218	伊豆急下田	34.67969	138.944285	伊豆急行・伊豆急行線
007219	生駒山上	34.679483	135.68054	近畿日本鉄道・生駒鋼索線
007220	湊川	34.67928	135.166115	神戸電鉄・神戸高速線
007221	湊川	34.67928	135.166115	神戸電鉄・有馬線
007222	名谷	34.679265	135.09438	神戸市・西神延伸線
007223	名谷	34.679265	135.09438	神戸市・西神線
007224	神戸	34.67922	135.17822	西日本旅客鉄道・山陽線
007225	神戸	34.67922	135.17822	西日本旅客鉄道・東海道線
007226	深江橋	34.679163	135.55706	大阪市高速電気軌道・4号線(中央線)
007227	江井ヶ島	34.67902	134.919925	山陽電気鉄道・本線
007228	西川原	34.678935	133.938022	西日本旅客鉄道・山陽線
007229	高井田中央	34.678827	135.572395	西日本旅客鉄道・おおさか東線
007230	備前一宮	34.67883	133.86404	西日本旅客鉄道・吉備線
007231	湊川公園	34.67881	135.166625	神戸市・山手線
007232	長田	34.678755	135.591965	大阪市高速電気軌道・4号線(中央線)
007233	長田	34.678755	135.591965	近畿日本鉄道・けいはんな線
007234	荒本	34.678625	135.60499	近畿日本鉄道・けいはんな線
007235	高井田	34.678438	135.572198	大阪市高速電気軌道・4号線(中央線)
007236	益田	34.678275	131.83895	西日本旅客鉄道・山陰線
007237	益田	34.678275	131.83895	西日本旅客鉄道・山口線
007238	ハーバーランド	34.67808	135.178545	神戸市・海岸線
007239	東総社	34.677715	133.751375	西日本旅客鉄道・吉備線
007240	新開地	34.67662	135.16897	神戸電鉄・神戸高速線
007241	新開地	34.676455	135.16993	阪急電鉄・神戸高速線
007242	新開地	34.676455	135.16993	阪神電気鉄道・神戸高速線
007243	西青山	34.67634	136.238135	近畿日本鉄道・大阪線
007244	比土	34.676245	136.160627	伊賀鉄道・伊賀線
007245	谷町六丁目	34.676032	135.518018	大阪市高速電気軌道・7号線(長堀鶴見緑地線)
007246	西長堀	34.67571	135.48696	大阪市高速電気軌道・7号線(長堀鶴見緑地線)
007247	東青山	34.67564	136.321635	近畿日本鉄道・大阪線
007248	久居	34.675565	136.477815	近畿日本鉄道・名古屋線
007249	西大橋	34.675535	135.49372	大阪市高速電気軌道・7号線(長堀鶴見緑地線)
007250	松屋町	34.67547	135.51234	大阪市高速電気軌道・7号線(長堀鶴見緑地線)
007251	一分	34.675415	135.707975	近畿日本鉄道・生駒線
007252	心斎橋	34.67536	135.499075	大阪市高速電気軌道・7号線(長堀鶴見緑地線)
007253	九条	34.67533	135.47358	大阪市高速電気軌道・4号線(中央線)
007254	長堀橋	34.675303	135.50643	大阪市高速電気軌道・7号線(長堀鶴見緑地線)
007255	谷町六丁目	34.675205	135.51707	大阪市高速電気軌道・2号線(谷町線)
007256	額田	34.675195	135.651115	近畿日本鉄道・奈良線
007257	妙法寺	34.675	135.110365	神戸市・西神線
007258	榊原温泉口	34.674835	136.348805	近畿日本鉄道・大阪線
007259	長堀橋	34.674867	135.506323	大阪市高速電気軌道・6号線(堺筋線)
007260	玉造	34.67463	135.530133	大阪市高速電気軌道・7号線(長堀鶴見緑地線)
007261	吉備津	34.674413	133.84624	西日本旅客鉄道・吉備線
007262	心斎橋	34.6744	135.500345	大阪市高速電気軌道・1号線(御堂筋線)
007263	総社	34.67418	133.738155	西日本旅客鉄道・吉備線
007264	総社	34.67418	133.738155	西日本旅客鉄道・伯備線
007265	総社	34.67418	133.738155	井原鉄道・井原線
007266	伊賀神戸	34.67399	136.15207	近畿日本鉄道・大阪線
007267	伊賀神戸	34.67399	136.15207	伊賀鉄道・伊賀線
007268	四ツ橋	34.67394	135.496745	大阪市高速電気軌道・3号線(四つ橋線)
007269	西長堀	34.673935	135.48701	大阪市高速電気軌道・5号線(千日前線)
007270	やぐま台	34.67379	137.309145	豊橋鉄道・渥美線
007271	北埠頭	34.673565	135.21451	神戸新交通・ポートアイランド線
007272	玉造	34.67352	135.532875	西日本旅客鉄道・大阪環状線
007273	上沢	34.673505	135.158775	神戸市・山手線
007274	九条	34.673507	135.474397	阪神電気鉄道・阪神なんば線
007275	安治川口	34.673385	135.44387	西日本旅客鉄道・桜島線
007276	中公園	34.673095	135.20752	神戸新交通・ポートアイランド線
007277	青山町	34.67306	136.177725	近畿日本鉄道・大阪線
007278	戸田小浜	34.673035	131.73785	西日本旅客鉄道・山陰線
007279	大開	34.67152	135.162155	阪神電気鉄道・神戸高速線
007280	ドーム前千代崎	34.670855	135.479345	大阪市高速電気軌道・7号線(長堀鶴見緑地線)
007281	中八木	34.6708	134.93616	山陽電気鉄道・本線
007282	西ノ京	34.67065	135.78317	近畿日本鉄道・橿原線
007283	ドーム前	34.670443	135.47867	阪神電気鉄道・阪神なんば線
007284	今里	34.670295	135.543075	大阪市高速電気軌道・8号線(今里筋線)
007285	弁天町	34.67007	135.461952	西日本旅客鉄道・大阪環状線
007286	京終	34.669953	135.828593	西日本旅客鉄道・桜井線
007287	枚岡	34.66954	135.648055	近畿日本鉄道・奈良線
007288	中埠頭	34.669285	135.21717	神戸新交通・ポートアイランド線
007289	みなとじま	34.669065	135.209995	神戸新交通・ポートアイランド線
007290	飯浦	34.66873	131.702133	西日本旅客鉄道・山陰線
007291	今里	34.668748	135.543535	大阪市高速電気軌道・5号線(千日前線)
007292	弁天町	34.668447	135.462107	大阪市高速電気軌道・4号線(中央線)
007293	邑久	34.66843	134.09098	西日本旅客鉄道・赤穂線
007294	桜川	34.66841	135.486503	阪神電気鉄道・阪神なんば線
007295	長田	34.668395	135.1513	神戸市・山手線
007296	桜川	34.6683	135.4903	大阪市高速電気軌道・5号線(千日前線)
007297	新深江	34.668185	135.55421	大阪市高速電気軌道・5号線(千日前線)
007298	兵庫	34.667696	135.164252	西日本旅客鉄道・山陽線
007299	神戸	34.66799	137.27737	豊橋鉄道・渥美線
007300	ユニバーサルシティ	34.66784	135.438565	西日本旅客鉄道・桜島線
007301	備前三門	34.667753	133.90041	西日本旅客鉄道・吉備線
007302	豊島	34.667635	137.293695	豊橋鉄道・渥美線
007303	汐見橋	34.66762	135.486225	南海電気鉄道・高野線
007304	高茶屋	34.66728	136.51262	東海旅客鉄道・紀勢線
007305	難波	34.667246	135.499147	大阪市高速電気軌道・5号線(千日前線)
007306	谷町九丁目	34.666753	135.515762	大阪市高速電気軌道・2号線(谷町線)
007307	西明石	34.66702	134.960577	西日本旅客鉄道・山陽新幹線
007308	大阪難波	34.667057	135.49903	阪神電気鉄道・阪神なんば線
007309	大阪難波	34.667057	135.49903	近畿日本鉄道・難波線
007310	岡山	34.666975	133.918025	西日本旅客鉄道・宇野線
007311	岡山	34.666975	133.918025	西日本旅客鉄道・津山線
007312	日本橋	34.666977	135.50635	大阪市高速電気軌道・5号線(千日前線)
007313	岡山	34.66696	133.91833	西日本旅客鉄道・山陽線
007314	三河田原	34.666935	137.269025	豊橋鉄道・渥美線
007315	高速長田	34.666916	135.150866	阪神電気鉄道・神戸高速線
007316	岡山	34.666893	133.917543	西日本旅客鉄道・吉備線
007317	近鉄日本橋	34.666825	135.50623	近畿日本鉄道・難波線
007318	日本橋	34.666697	135.506157	大阪市高速電気軌道・6号線(堺筋線)
007319	谷町九丁目	34.666507	135.516553	大阪市高速電気軌道・5号線(千日前線)
007320	難波	34.666633	135.49745	大阪市高速電気軌道・3号線(四つ橋線)
007321	JR難波	34.666365	135.49529	西日本旅客鉄道・関西線
007322	難波	34.665943	135.500212	大阪市高速電気軌道・1号線(御堂筋線)
007323	大阪上本町	34.666104	135.519329	近畿日本鉄道・難波線
007324	中央市場前	34.665995	135.17588	神戸市・海岸線
007325	鶴橋	34.665975	135.528895	大阪市高速電気軌道・5号線(千日前線)
007326	大阪上本町	34.665475	135.52131	近畿日本鉄道・大阪線
007327	大正	34.665835	135.47877	大阪市高速電気軌道・7号線(長堀鶴見緑地線)
007328	西明石	34.66588	134.960187	西日本旅客鉄道・山陽線
007329	岡山	34.665634	133.91797	西日本旅客鉄道・山陽新幹線
007330	鶴橋	34.665463	135.530278	西日本旅客鉄道・大阪環状線
007331	城下	34.665565	133.929765	岡山電気軌道・東山本線
007332	大多羅	34.66553	134.006475	西日本旅客鉄道・赤穂線
007333	柳川	34.66554	133.92533	岡山電気軌道・清輝橋線
007334	西川緑道公園	34.66554	133.923285	岡山電気軌道・東山本線
007335	柳川	34.66554	133.92533	岡山電気軌道・東山本線
007336	大正	34.665515	135.479995	西日本旅客鉄道・大阪環状線
007337	岡山駅前	34.66551	133.91968	岡山電気軌道・東山本線
007338	南生駒	34.665505	135.70887	近畿日本鉄道・生駒線
007339	鶴橋	34.665198	135.530835	近畿日本鉄道・大阪線
007340	市民広場	34.664905	135.21244	神戸新交通・ポートアイランド線
007341	備後矢野	34.66474	133.12607	西日本旅客鉄道・福塩線
007342	今里	34.664725	135.54991	近畿日本鉄道・大阪線
007343	南公園	34.66467	135.21707	神戸新交通・ポートアイランド線
007344	JR河内永和	34.66433	135.572315	西日本旅客鉄道・おおさか東線
007345	河内永和	34.664245	135.57314	近畿日本鉄道・奈良線
007346	吉田口	34.66409	132.74585	西日本旅客鉄道・芸備線
007347	布施	34.664085	135.56357	近畿日本鉄道・大阪線
007348	布施	34.664085	135.56357	近畿日本鉄道・奈良線
007349	大三	34.664045	136.36886	近畿日本鉄道・大阪線
007350	河内小阪	34.66398	135.58132	近畿日本鉄道・奈良線
007351	八戸ノ里	34.663725	135.589415	近畿日本鉄道・奈良線
007352	藤江	34.663395	134.947595	山陽電気鉄道・本線
007353	桃園	34.66338	136.477465	近畿日本鉄道・名古屋線
007354	若江岩田	34.66311	135.608355	近畿日本鉄道・奈良線
007355	美旗	34.662995	136.13301	近畿日本鉄道・大阪線
007356	難波	34.66315	135.50225	南海電気鉄道・南海本線
007357	大安寺	34.66292	133.888053	西日本旅客鉄道・吉備線
007358	郵便局前	34.662745	133.926325	岡山電気軌道・清輝橋線
007359	河内花園	34.662735	135.61843	近畿日本鉄道・奈良線
007360	県庁通り	34.662675	133.930505	岡山電気軌道・東山本線
007361	西代	34.6624	135.14399	阪神電気鉄道・神戸高速線
007362	西代	34.6624	135.14399	山陽電気鉄道・本線
007363	東花園	34.662365	135.62679	近畿日本鉄道・奈良線
007364	桜島	34.662143	135.43238	西日本旅客鉄道・桜島線
007365	瓢箪山	34.662008	135.638975	近畿日本鉄道・奈良線
007366	西大寺	34.661827	134.036523	西日本旅客鉄道・赤穂線
007367	大富	34.661405	134.070895	西日本旅客鉄道・赤穂線
007368	小路	34.66134	135.55627	大阪市高速電気軌道・5号線(千日前線)
007369	田町	34.66077	133.92633	岡山電気軌道・清輝橋線
007370	朝潮橋	34.660765	135.448695	大阪市高速電気軌道・4号線(中央線)
007371	芦原町	34.660525	135.486295	南海電気鉄道・高野線
007372	板宿	34.660142	135.133303	山陽電気鉄道・本線
007373	板宿	34.66012	135.134295	神戸市・西神線
007374	九条	34.65941	135.78296	近畿日本鉄道・橿原線
007375	新西大寺町筋	34.65872	133.92633	岡山電気軌道・清輝橋線
007376	JR俊徳道	34.658537	135.57246	西日本旅客鉄道・おおさか東線
007377	西大寺町・岡山芸術創造劇場ハレノワ前	34.65865	133.930575	岡山電気軌道・東山本線
007378	俊徳道	34.65858	135.571615	近畿日本鉄道・大阪線
007379	芦原橋	34.658575	135.48919	西日本旅客鉄道・大阪環状線
007380	桃谷	34.65853	135.528	西日本旅客鉄道・大阪環状線
007381	医療センター	34.65852	135.21641	神戸新交通・ポートアイランド線
007382	四天王寺前夕陽ヶ丘	34.65841	135.514185	大阪市高速電気軌道・2号線(谷町線)
007383	新長田	34.658315	135.145655	神戸市・山手線
007384	新長田	34.658315	135.145655	神戸市・西神線
007385	和田岬	34.657935	135.176055	神戸市・海岸線
007386	新長田	34.657725	135.14564	西日本旅客鉄道・山陽線
007387	小橋	34.65763	133.93659	岡山電気軌道・東山本線
007388	中納言	34.657505	133.937565	岡山電気軌道・東山本線
007389	和田岬	34.6575	135.173755	西日本旅客鉄道・山陽線
007390	萩の台	34.65698	135.70898	近畿日本鉄道・生駒線
007391	伊勢石橋	34.65689	136.40852	近畿日本鉄道・大阪線
007392	大雲寺前	34.656615	133.92632	岡山電気軌道・清輝橋線
007393	新長田	34.65647	135.145305	神戸市・海岸線
007394	川合高岡	34.656405	136.43677	近畿日本鉄道・大阪線
007395	大国町	34.656295	135.49786	大阪市高速電気軌道・1号線(御堂筋線)
007396	大国町	34.656295	135.49786	大阪市高速電気軌道・3号線(四つ橋線)
007397	東山・おかでんミュージアム	34.65618	133.94298	岡山電気軌道・東山本線
007398	門田屋敷	34.656175	133.93899	岡山電気軌道・東山本線
007399	恵美須町	34.655445	135.505602	大阪市高速電気軌道・6号線(堺筋線)
007400	東須磨	34.655215	135.127485	山陽電気鉄道・本線
007401	一志	34.654895	136.436095	東海旅客鉄道・名松線
007402	今宮戎	34.65486	135.501515	南海電気鉄道・南海本線
007403	計算科学センター	34.65481	135.221535	神戸新交通・ポートアイランド線
007404	御崎公園	34.65472	135.165265	神戸市・海岸線
007405	東中央町	34.65466	133.926255	岡山電気軌道・清輝橋線
007406	木津川	34.65465	135.48309	南海電気鉄道・高野線
007407	今宮	34.65415	135.492615	西日本旅客鉄道・関西線
007408	今宮	34.65415	135.492615	西日本旅客鉄道・大阪環状線
007409	大阪港	34.65385	135.434284	大阪市高速電気軌道・4号線(中央線)
007410	苅藻	34.653715	135.156665	神戸市・海岸線
007411	恵美須町	34.65367	135.50495	阪堺電気軌道・阪堺線
007412	北巽	34.65327	135.555	大阪市高速電気軌道・5号線(千日前線)
007413	北長瀬	34.652935	133.88497	西日本旅客鉄道・山陽線
007414	本俣賀	34.65262	131.82692	西日本旅客鉄道・山口線
007415	林崎松江海岸	34.65228	134.96508	山陽電気鉄道・本線
007416	駒ヶ林	34.652225	135.14949	神戸市・海岸線
007417	鷹取	34.651727	135.135353	西日本旅客鉄道・山陽線
007418	清輝橋	34.651735	133.925855	岡山電気軌道・清輝橋線
007419	新今宮	34.650647	135.50039	南海電気鉄道・南海本線
007420	月見山	34.650213	135.122153	山陽電気鉄道・本線
007421	伊勢大井	34.649995	136.385175	東海旅客鉄道・名松線
007422	JR長瀬	34.649965	135.570335	西日本旅客鉄道・おおさか東線
007423	新今宮	34.649905	135.50179	西日本旅客鉄道・関西線
007424	新今宮	34.649905	135.50179	西日本旅客鉄道・大阪環状線
007425	長瀬	34.649855	135.57761	近畿日本鉄道・大阪線
007426	西新町	34.649575	134.980805	山陽電気鉄道・本線
007427	新今宮駅前	34.64953	135.503375	阪堺電気軌道・阪堺線
007428	明石	34.649033	134.993177	西日本旅客鉄道・山陽線
007429	山陽明石	34.648823	134.99271	山陽電気鉄道・本線
007430	動物園前	34.64873	135.50478	大阪市高速電気軌道・1号線(御堂筋線)
007431	東山	34.648705	135.7086	近畿日本鉄道・生駒線
007432	天王寺	34.648585	135.51341	大阪市高速電気軌道・2号線(谷町線)
007433	郡山	34.648217	135.790397	西日本旅客鉄道・関西線
007434	寺田町	34.64794	135.5236	西日本旅客鉄道・大阪環状線
007435	動物園前	34.648163	135.503383	大阪市高速電気軌道・6号線(堺筋線)
007436	伊勢川口	34.647825	136.356745	東海旅客鉄道・名松線
007437	人丸前	34.647545	135.0026	山陽電気鉄道・本線
007438	伊勢八太	34.647335	136.44701	東海旅客鉄道・名松線
007439	天王寺	34.647315	135.5153	西日本旅客鉄道・阪和線
007440	大元	34.64726	133.910795	西日本旅客鉄道・宇野線
007441	須磨海浜公園	34.64716	135.126605	西日本旅客鉄道・山陽線
007442	津守	34.647085	135.483235	南海電気鉄道・高野線
007443	天王寺	34.64675	135.51562	西日本旅客鉄道・大阪環状線
007444	大蔵谷	34.646585	135.008405	山陽電気鉄道・本線
007445	天王寺	34.64675	135.51562	西日本旅客鉄道・関西線
007446	天王寺	34.64626	135.51452	大阪市高速電気軌道・1号線(御堂筋線)
007447	天王寺駅前	34.646277	135.513017	阪堺電気軌道・上町線
007448	近鉄郡山	34.64605	135.780725	近畿日本鉄道・橿原線
007449	須磨寺	34.646025	135.11624	山陽電気鉄道・本線
007450	今池	34.64566	135.50229	阪堺電気軌道・阪堺線
007451	大阪阿部野橋	34.645625	135.51451	近畿日本鉄道・南大阪線
007452	萩ノ茶屋	34.64559	135.49905	南海電気鉄道・南海本線
007453	朝霧	34.64424	135.01748	西日本旅客鉄道・山陽線
007454	花園町	34.644205	135.49655	大阪市高速電気軌道・3号線(四つ橋線)
007455	清音	34.644035	133.733505	西日本旅客鉄道・伯備線
007456	清音	34.644035	133.733505	井原鉄道・井原線
007457	山陽須磨	34.643575	135.112315	山陽電気鉄道・本線
007458	帯解	34.643215	135.8262	西日本旅客鉄道・桜井線
007459	今船	34.64297	135.501705	阪堺電気軌道・阪堺線
007460	阿倍野	34.642773	135.5121	大阪市高速電気軌道・2号線(谷町線)
007461	庭瀬	34.642815	133.854395	西日本旅客鉄道・山陽線
007462	南巽	34.64274	135.553137	大阪市高速電気軌道・5号線(千日前線)
007463	井関	34.642575	136.412785	東海旅客鉄道・名松線
007464	コスモスクエア	34.642575	135.41222	大阪市高速電気軌道・4号線(中央線)
007465	コスモスクエア	34.642575	135.41222	大阪市高速電気軌道・南港ポートタウン線
007466	須磨	34.642265	135.112655	西日本旅客鉄道・山陽線
007467	阿倍野	34.64178	135.511805	阪堺電気軌道・上町線
007468	弥刀	34.6414	135.58339	近畿日本鉄道・大阪線
007469	桔梗が丘	34.641185	136.11276	近畿日本鉄道・大阪線
007470	河堀口	34.64103	135.524245	近畿日本鉄道・南大阪線
007471	元山上口	34.640605	135.700795	近畿日本鉄道・生駒線
007472	松田町	34.63946	135.50092	阪堺電気軌道・阪堺線
007473	トレードセンター前	34.638755	135.41184	大阪市高速電気軌道・南港ポートタウン線
007474	西舞子	34.6387	135.02813	山陽電気鉄道・本線
007475	美章園	34.63863	135.52378	西日本旅客鉄道・阪和線
007476	西天下茶屋	34.638585	135.4892	南海電気鉄道・高野線
007477	衣摺加美北	34.638432	135.567124	西日本旅客鉄道・おおさか東線
007478	江崎	34.638238	131.662037	西日本旅客鉄道・山陰線
007479	東部市場前	34.63809	135.53768	西日本旅客鉄道・関西線
007480	須磨浦公園	34.637935	135.10022	山陽電気鉄道・本線
007481	関ノ宮	34.637695	136.339605	東海旅客鉄道・名松線
007482	神戸空港	34.63735	135.228975	神戸新交通・ポートアイランド線
007483	天下茶屋	34.637125	135.49666	南海電気鉄道・南海本線
007484	天下茶屋	34.637035	135.496975	大阪市高速電気軌道・6号線(堺筋線)
007485	北天下茶屋	34.636315	135.5002	阪堺電気軌道・阪堺線
007486	文の里	34.63583	135.518285	大阪市高速電気軌道・2号線(谷町線)
007487	松虫	34.635485	135.509845	阪堺電気軌道・上町線
007488	伊勢中川	34.635315	136.4781	近畿日本鉄道・山田線
007489	伊勢中川	34.635315	136.4781	近畿日本鉄道・大阪線
007490	伊勢中川	34.635315	136.4781	近畿日本鉄道・名古屋線
007491	久宝寺口	34.634585	135.590565	近畿日本鉄道・大阪線
007492	舞子公園	34.634225	135.033855	山陽電気鉄道・本線
007493	岸里	34.6342	135.4938	大阪市高速電気軌道・3号線(四つ橋線)
007494	中ふ頭	34.63393	135.41723	大阪市高速電気軌道・南港ポートタウン線
007495	塩屋	34.63372	135.083278	西日本旅客鉄道・山陽線
007496	山陽塩屋	34.633615	135.08204	山陽電気鉄道・本線
007497	舞子	34.633245	135.034235	西日本旅客鉄道・山陽線
007498	聖天坂	34.633055	135.49946	阪堺電気軌道・阪堺線
007499	昭和町	34.632975	135.516885	大阪市高速電気軌道・1号線(御堂筋線)
007500	東天下茶屋	34.632505	135.50849	阪堺電気軌道・上町線
007501	川辺宿	34.63241	133.71502	井原鉄道・井原線
007502	北田辺	34.63203	135.52894	近畿日本鉄道・南大阪線
007503	備前西市	34.63138	133.899815	西日本旅客鉄道・宇野線
007504	滝の茶屋	34.631235	135.07292	山陽電気鉄道・本線
007505	平野	34.63091	135.551025	西日本旅客鉄道・関西線
007506	ポートタウン西	34.630883	135.42284	大阪市高速電気軌道・南港ポートタウン線
007507	ポートタウン東	34.63088	135.429025	大阪市高速電気軌道・南港ポートタウン線
007508	霞ヶ丘	34.630325	135.04272	山陽電気鉄道・本線
007509	備後三川	34.630245	133.110115	西日本旅客鉄道・福塩線
007510	近鉄八尾	34.62983	135.603545	近畿日本鉄道・大阪線
007511	東垂水	34.629375	135.06359	山陽電気鉄道・本線
007512	山陽垂水	34.629335	135.05374	山陽電気鉄道・本線
007513	矢掛	34.629305	133.590235	井原鉄道・井原線
007514	平群	34.62927	135.704365	近畿日本鉄道・生駒線
007515	天神ノ森	34.62919	135.4977	阪堺電気軌道・阪堺線
007516	垂水	34.62909	135.053855	西日本旅客鉄道・山陽線
007517	岸里玉出	34.62866	135.496135	南海電気鉄道・高野線
007518	岸里玉出	34.62866	135.496135	南海電気鉄道・南海本線
007519	田辺	34.62864	135.525157	大阪市高速電気軌道・2号線(谷町線)
007520	河内山本	34.627925	135.61917	近畿日本鉄道・信貴線
007521	河内山本	34.627925	135.61917	近畿日本鉄道・大阪線
007522	北畠	34.6273	135.505485	阪堺電気軌道・上町線
007523	新加美	34.627229	135.568156	西日本旅客鉄道・おおさか東線
007524	加美	34.62688	135.566745	西日本旅客鉄道・関西線
007525	東玉出	34.62686	135.495965	阪堺電気軌道・阪堺線
007526	吉備真備	34.626817	133.69217	井原鉄道・井原線
007527	中庄	34.626455	133.808195	西日本旅客鉄道・山陽線
007528	服部川	34.626455	135.64116	近畿日本鉄道・信貴線
007529	今川	34.626305	135.531095	近畿日本鉄道・南大阪線
007530	家城	34.62585	136.319225	東海旅客鉄道・名松線
007531	南田辺	34.62556	135.520875	西日本旅客鉄道・阪和線
007532	姫松	34.6241	135.50317	阪堺電気軌道・上町線
007533	玉出	34.624085	135.49049	大阪市高速電気軌道・3号線(四つ橋線)
007534	塚西	34.623555	135.49461	阪堺電気軌道・阪堺線
007535	久宝寺	34.622335	135.584435	西日本旅客鉄道・おおさか東線
007536	久宝寺	34.622335	135.584435	西日本旅客鉄道・関西線
007537	大和小泉	34.622195	135.76345	西日本旅客鉄道・関西線
007538	帝塚山	34.62195	135.49835	南海電気鉄道・高野線
007539	須佐	34.621925	131.60579	西日本旅客鉄道・山陰線
007540	西田辺	34.62165	135.515175	大阪市高速電気軌道・1号線(御堂筋線)
007541	備中呉妹	34.62163	133.661847	井原鉄道・井原線
007542	名張	34.621615	136.095745	近畿日本鉄道・大阪線
007543	駒川中野	34.621585	135.532753	大阪市高速電気軌道・2号線(谷町線)
007544	北加賀屋	34.621295	135.479355	大阪市高速電気軌道・3号線(四つ橋線)
007545	櫟本	34.62111	135.82615	西日本旅客鉄道・桜井線
007546	平野	34.621183	135.54853	大阪市高速電気軌道・2号線(谷町線)
007547	帝塚山三丁目	34.62056	135.50075	阪堺電気軌道・上町線
007548	筒井	34.62024	135.78066	近畿日本鉄道・橿原線
007549	信貴山口	34.620103	135.642357	近畿日本鉄道・信貴線
007550	信貴山口	34.620103	135.642357	近畿日本鉄道・西信貴鋼索線
007551	高安	34.61966	135.624365	近畿日本鉄道・大阪線
007552	フェリーターミナル	34.619295	135.434935	大阪市高速電気軌道・南港ポートタウン線
007553	東粉浜	34.61823	135.49259	阪堺電気軌道・阪堺線
007554	粉浜	34.61809	135.49168	南海電気鉄道・南海本線
007555	石見横田	34.618045	131.804555	西日本旅客鉄道・山口線
007556	鶴ヶ丘	34.618025	135.5171	西日本旅客鉄道・阪和線
007557	権現前	34.617745	136.482115	東海旅客鉄道・名松線
007558	六軒	34.617625	136.50759	東海旅客鉄道・紀勢線
007559	帝塚山四丁目	34.617618	135.49898	阪堺電気軌道・上町線
007560	八尾	34.617255	135.59701	西日本旅客鉄道・関西線
007561	竜田川	34.61719	135.704665	近畿日本鉄道・生駒線
007562	針中野	34.617045	135.53305	近畿日本鉄道・南大阪線
007563	三谷	34.61643	133.619625	井原鉄道・井原線
007564	神ノ木	34.61583	135.49674	阪堺電気軌道・上町線
007565	向原	34.615115	132.720085	西日本旅客鉄道・芸備線
007566	伊勢中原	34.614735	136.49794	近畿日本鉄道・山田線
007567	住吉	34.614404	135.492083	阪堺電気軌道・上町線
007568	住吉	34.61394	135.491741	阪堺電気軌道・阪堺線
007569	高安山	34.613925	135.653515	近畿日本鉄道・西信貴鋼索線
007570	南港口	34.61382	135.445875	大阪市高速電気軌道・南港ポートタウン線
007571	南港東	34.6138	135.43832	大阪市高速電気軌道・南港ポートタウン線
007572	住吉東	34.613365	135.49758	南海電気鉄道・高野線
007573	住吉大社	34.612575	135.490195	南海電気鉄道・南海本線
007574	住吉鳥居前	34.612541	135.491206	阪堺電気軌道・阪堺線
007575	平林	34.610595	135.45855	大阪市高速電気軌道・南港ポートタウン線
007576	長居	34.61052	135.512515	西日本旅客鉄道・阪和線
007577	長居	34.609995	135.513805	大阪市高速電気軌道・1号線(御堂筋線)
007578	恩智	34.609875	135.62628	近畿日本鉄道・大阪線
007579	細井川	34.60971	135.49116	阪堺電気軌道・阪堺線
007580	住之江公園	34.60926	135.47206	大阪市高速電気軌道・南港ポートタウン線
007581	喜連瓜破	34.60919	135.55209	大阪市高速電気軌道・2号線(谷町線)
007582	出戸	34.609025	135.56544	大阪市高速電気軌道・2号線(谷町線)
007583	住之江公園	34.608865	135.47311	大阪市高速電気軌道・3号線(四つ橋線)
007584	妹尾	34.608417	133.87181	西日本旅客鉄道・宇野線
007585	平端	34.60671	135.78279	近畿日本鉄道・橿原線
007586	平端	34.60673	135.783104	近畿日本鉄道・天理線
007587	沢ノ町	34.606325	135.496875	南海電気鉄道・高野線
007588	勢野北口	34.6061	135.701015	近畿日本鉄道・生駒線
007589	小田	34.606015	133.54241	井原鉄道・井原線
007590	矢田	34.605905	135.532955	近畿日本鉄道・南大阪線
007591	備中箕島	34.60564	133.85106	西日本旅客鉄道・宇野線
007592	安立町	34.60546	135.49009	阪堺電気軌道・阪堺線
007593	住ノ江	34.60528	135.48702	南海電気鉄道・南海本線
007594	長原	34.602485	135.57376	大阪市高速電気軌道・2号線(谷町線)
007595	我孫子町	34.60229	135.507035	西日本旅客鉄道・阪和線
007596	早島	34.60211	133.833365	西日本旅客鉄道・宇野線
007597	二階堂	34.60203	135.79616	近畿日本鉄道・天理線
007598	倉敷	34.601715	133.76551	西日本旅客鉄道・伯備線
007599	倉敷	34.601715	133.76551	西日本旅客鉄道・山陽線
007600	法隆寺	34.60155	135.7389	西日本旅客鉄道・関西線
007601	天理	34.60119	135.82928	近畿日本鉄道・天理線
007602	前栽	34.601145	135.81609	近畿日本鉄道・天理線
007603	信貴山下	34.600905	135.695175	近畿日本鉄道・生駒線
007604	倉敷市	34.60058	133.76463	水島臨海鉄道・水島本線
007605	天理	34.600475	135.830392	西日本旅客鉄道・桜井線
007606	志紀	34.60033	135.61591	西日本旅客鉄道・関西線
007607	我孫子道	34.600285	135.48875	阪堺電気軌道・阪堺線
007608	伊勢竹原	34.600035	136.309215	東海旅客鉄道・名松線
007609	我孫子前	34.60002	135.496905	南海電気鉄道・高野線
007610	赤目口	34.599335	136.0737	近畿日本鉄道・大阪線
007611	我孫子	34.599025	135.512785	大阪市高速電気軌道・1号線(御堂筋線)
007612	ファミリー公園前	34.598065	135.785045	近畿日本鉄道・橿原線
007613	上ノ庄	34.598	136.499325	東海旅客鉄道・名松線
007614	王寺	34.597715	135.702735	近畿日本鉄道・生駒線
007615	新王寺	34.59768	135.704705	近畿日本鉄道・田原本線
007616	王寺	34.597465	135.703775	西日本旅客鉄道・関西線
007617	王寺	34.597465	135.703775	西日本旅客鉄道・和歌山線
007618	八尾南	34.597221	135.582784	大阪市高速電気軌道・2号線(谷町線)
007619	早雲の里荏原	34.59668	133.50779	井原鉄道・井原線
007620	松ヶ崎	34.596427	136.518947	近畿日本鉄道・山田線
007621	法善寺	34.59519	135.626285	近畿日本鉄道・大阪線
007622	大和川	34.59466	135.48675	阪堺電気軌道・阪堺線
007623	杉本町	34.59301	135.50302	西日本旅客鉄道・阪和線
007624	井原	34.592775	133.46908	井原鉄道・井原線
007625	久々原	34.592355	133.82803	西日本旅客鉄道・宇野線
007626	七道	34.59219	135.48051	南海電気鉄道・南海本線
007627	球場前	34.59119	133.74723	水島臨海鉄道・水島本線
007628	高須神社	34.590475	135.485245	阪堺電気軌道・阪堺線
007629	河佐	34.58995	133.16673	西日本旅客鉄道・福塩線
007630	浅香山	34.589433	135.491003	南海電気鉄道・高野線
007631	大輪田	34.58917	135.72038	近畿日本鉄道・田原本線
007632	三郷	34.58888	135.687525	西日本旅客鉄道・関西線
007633	堅下	34.58843	135.627315	近畿日本鉄道・大阪線
007634	いずえ	34.587975	133.450645	井原鉄道・井原線
007635	綾ノ町	34.587915	135.4832	阪堺電気軌道・阪堺線
007636	柏原	34.587385	135.622865	西日本旅客鉄道・関西線
007637	柏原	34.586607	135.62323	近畿日本鉄道・道明寺線
007638	西阿知	34.58579	133.72792	西日本旅客鉄道・山陽線
007639	河内天美	34.586057	135.535437	近畿日本鉄道・南大阪線
007640	神明町	34.585525	135.48046	阪堺電気軌道・阪堺線
007641	浅香	34.585395	135.502495	西日本旅客鉄道・阪和線
007642	佐味田川	34.585205	135.73108	近畿日本鉄道・田原本線
007643	東青原	34.585045	131.79745	西日本旅客鉄道・山口線
007644	井原市	34.58501	132.67562	西日本旅客鉄道・芸備線
007645	結崎	34.584525	135.78484	近畿日本鉄道・橿原線
007646	妙国寺前	34.583685	135.478725	阪堺電気軌道・阪堺線
007647	北花田	34.582495	135.516395	大阪市高速電気軌道・1号線(御堂筋線)
007648	中畑	34.582305	133.193065	西日本旅客鉄道・福塩線
007649	堺	34.58171	135.46855	南海電気鉄道・南海本線
007650	花田口	34.581765	135.476935	阪堺電気軌道・阪堺線
007651	子守唄の里高屋	34.58173	133.433325	井原鉄道・井原線
007652	柏原南口	34.581625	135.624985	近畿日本鉄道・道明寺線
007653	安堂	34.5802	135.629115	近畿日本鉄道・大阪線
007654	大小路	34.57913	135.474515	阪堺電気軌道・阪堺線
007655	池部	34.57877	135.737185	近畿日本鉄道・田原本線
007656	三本松	34.57855	136.03585	近畿日本鉄道・大阪線
007657	布忍	34.577845	135.539415	近畿日本鉄道・南大阪線
007658	西富井	34.577785	133.743415	水島臨海鉄道・水島本線
007659	畠田	34.57776	135.70363	西日本旅客鉄道・和歌山線
007660	堺市	34.57762	135.49867	西日本旅客鉄道・阪和線
007661	松阪	34.57729	136.536217	近畿日本鉄道・山田線
007662	茶屋町	34.57698	133.825765	西日本旅客鉄道・宇野線
007663	茶屋町	34.57698	133.825765	西日本旅客鉄道・本四備讃線
007664	松阪	34.57685	136.53579	東海旅客鉄道・紀勢線
007665	松阪	34.57685	136.53579	東海旅客鉄道・名松線
007666	宿院	34.57641	135.47201	阪堺電気軌道・阪堺線
007667	堺東	34.575855	135.48503	南海電気鉄道・高野線
007668	河内松原	34.575495	135.557415	近畿日本鉄道・南大阪線
007669	高見ノ里	34.57518	135.546005	近畿日本鉄道・南大阪線
007670	河内堅上	34.574363	135.663183	西日本旅客鉄道・関西線
007671	長柄	34.574125	135.83507	西日本旅客鉄道・桜井線
007672	伊勢鎌倉	34.57402	136.278375	東海旅客鉄道・名松線
007673	寺地町	34.573625	135.469395	阪堺電気軌道・阪堺線
007674	恵我ノ荘	34.57356	135.57282	近畿日本鉄道・南大阪線
007675	宇田郷	34.571865	131.54879	西日本旅客鉄道・山陰線
007676	土師ノ里	34.571615	135.615615	近畿日本鉄道・南大阪線
007677	府中	34.571525	133.236465	西日本旅客鉄道・福塩線
007678	藤井寺	34.571515	135.594	近畿日本鉄道・南大阪線
007679	高鷲	34.57149	135.584515	近畿日本鉄道・南大阪線
007680	高井田	34.571445	135.639025	西日本旅客鉄道・関西線
007681	石見	34.57135	135.78586	近畿日本鉄道・橿原線
007682	御陵前	34.57075	135.46672	阪堺電気軌道・阪堺線
007683	湊	34.57062	135.460095	南海電気鉄道・南海本線
007684	箸尾	34.57028	135.75126	近畿日本鉄道・田原本線
007685	福井	34.57	133.74447	水島臨海鉄道・水島本線
007686	但馬	34.569425	135.768335	近畿日本鉄道・田原本線
007687	黒田	34.568383	135.777817	近畿日本鉄道・田原本線
007688	道明寺	34.568375	135.62023	近畿日本鉄道・道明寺線
007689	道明寺	34.568375	135.62023	近畿日本鉄道・南大阪線
007690	新金岡	34.5682	135.51527	大阪市高速電気軌道・1号線(御堂筋線)
007691	鵜飼	34.568	133.24455	西日本旅客鉄道・福塩線
007692	河内国分	34.566715	135.63573	近畿日本鉄道・大阪線
007693	三国ヶ丘	34.5662	135.49277	西日本旅客鉄道・阪和線
007694	室生口大野	34.566127	136.015277	近畿日本鉄道・大阪線
007695	東松阪	34.56555	136.5461	近畿日本鉄道・山田線
007696	三国ヶ丘	34.565375	135.4925	南海電気鉄道・高野線
007697	新倉敷	34.56508	133.67836	西日本旅客鉄道・山陽新幹線
007698	新倉敷	34.56491	133.678825	西日本旅客鉄道・山陽線
007699	東湊	34.564815	135.4627	阪堺電気軌道・阪堺線
007700	御領	34.564692	133.40221	井原鉄道・井原線
007701	高木	34.56297	133.253235	西日本旅客鉄道・福塩線
007702	志都美	34.56204	135.701955	西日本旅客鉄道・和歌山線
007703	浦田	34.56152	133.7497	水島臨海鉄道・水島本線
007704	百舌鳥八幡	34.560785	135.49833	南海電気鉄道・高野線
007705	青原	34.56045	131.80065	西日本旅客鉄道・山口線
007706	石津北	34.560389	135.459086	阪堺電気軌道・阪堺線
007707	石津川	34.55933	135.453265	南海電気鉄道・南海本線
007708	柳本	34.559195	135.838605	西日本旅客鉄道・桜井線
007709	百舌鳥	34.55854	135.48914	西日本旅客鉄道・阪和線
007710	中百舌鳥	34.556385	135.506315	大阪市高速電気軌道・1号線(御堂筋線)
007711	中百舌鳥	34.556235	135.50428	南海電気鉄道・高野線
007712	中百舌鳥	34.556235	135.50428	南海電気鉄道・泉北線
007713	大阪教育大前	34.555515	135.64477	近畿日本鉄道・大阪線
007714	石津	34.5554	135.455035	阪堺電気軌道・阪堺線
007715	伊勢八知	34.5551	136.2638	東海旅客鉄道・名松線
007716	志和口	34.55437	132.65815	西日本旅客鉄道・芸備線
007717	下川辺	34.55434	133.20526	西日本旅客鉄道・福塩線
007718	古市	34.554047	135.609123	近畿日本鉄道・長野線
007719	古市	34.554047	135.609123	近畿日本鉄道・南大阪線
007720	新市	34.554233	133.269617	西日本旅客鉄道・福塩線
007721	徳和	34.55403	136.55355	東海旅客鉄道・紀勢線
007722	西田原本	34.55391	135.78955	近畿日本鉄道・田原本線
007723	関屋	34.553755	135.66792	近畿日本鉄道・大阪線
007724	道上	34.55345	133.36119	西日本旅客鉄道・福塩線
007725	田原本	34.553085	135.790875	近畿日本鉄道・橿原線
007726	湯野	34.55286	133.387	井原鉄道・井原線
007727	彦崎	34.551985	133.83515	西日本旅客鉄道・宇野線
007728	湯田村	34.55188	133.371455	西日本旅客鉄道・福塩線
007729	諏訪ノ森	34.55181	135.44918	南海電気鉄道・南海本線
007730	上戸手	34.55155	133.281955	西日本旅客鉄道・福塩線
007731	万能倉	34.551043	133.33842	西日本旅客鉄道・福塩線
007732	植松	34.55081	133.828005	西日本旅客鉄道・本四備讃線
007733	白鷺	34.550105	135.51334	南海電気鉄道・高野線
007734	船尾	34.54993	135.45066	阪堺電気軌道・阪堺線
007735	上野芝	34.549183	135.47773	西日本旅客鉄道・阪和線
007736	駅家	34.54897	133.32573	西日本旅客鉄道・福塩線
007737	櫛田	34.54889	136.58304	近畿日本鉄道・山田線
007738	二上	34.546565	135.68812	近畿日本鉄道・大阪線
007739	戸手	34.546515	133.300635	西日本旅客鉄道・福塩線
007740	近田	34.54634	133.31094	西日本旅客鉄道・福塩線
007741	駒ヶ谷	34.545693	135.622077	近畿日本鉄道・南大阪線
007742	巻向	34.545367	135.840887	西日本旅客鉄道・桜井線
007743	備前片岡	34.544245	133.86123	西日本旅客鉄道・宇野線
007744	弥生	34.54405	133.747615	水島臨海鉄道・水島本線
007745	香芝	34.543765	135.70532	西日本旅客鉄道・和歌山線
007746	津久野	34.54228	135.46825	西日本旅客鉄道・阪和線
007747	初芝	34.542225	135.526495	南海電気鉄道・高野線
007748	浜寺駅前	34.541555	135.443525	阪堺電気軌道・阪堺線
007749	笠縫	34.541425	135.79411	近畿日本鉄道・橿原線
007750	近鉄下田	34.541395	135.70438	近畿日本鉄道・大阪線
007751	浜寺公園	34.541345	135.444685	南海電気鉄道・南海本線
007752	金光	34.540995	133.621	西日本旅客鉄道・山陽線
007753	漕代	34.54098	136.601055	近畿日本鉄道・山田線
007754	二上山	34.538677	135.686577	近畿日本鉄道・南大阪線
007755	上三田	34.53868	132.643845	西日本旅客鉄道・芸備線
007756	栄	34.538025	133.74504	水島臨海鉄道・水島本線
007757	斎宮	34.537895	136.615295	近畿日本鉄道・山田線
007758	神辺	34.53744	133.37866	西日本旅客鉄道・福塩線
007759	神辺	34.53744	133.37866	井原鉄道・井原線
007760	萩原天神	34.537075	135.53503	南海電気鉄道・高野線
007761	迫川	34.536485	133.879415	西日本旅客鉄道・宇野線
007762	東羽衣	34.535005	135.4428	西日本旅客鉄道・阪和線
007763	五位堂	34.534685	135.718195	近畿日本鉄道・大阪線
007764	羽衣	34.53431	135.44172	南海電気鉄道・高師浜線
007765	羽衣	34.53431	135.44172	南海電気鉄道・南海本線
007766	常盤	34.53405	133.74334	水島臨海鉄道・水島本線
007767	上ノ太子	34.532945	135.63765	近畿日本鉄道・南大阪線
007768	木与	34.532802	131.503464	西日本旅客鉄道・山陰線
007769	日原	34.532665	131.83186	西日本旅客鉄道・山口線
007770	比津	34.5323	136.270815	東海旅客鉄道・名松線
007771	八浜	34.532085	133.919515	西日本旅客鉄道・宇野線
007772	二上神社口	34.53202	135.69407	近畿日本鉄道・南大阪線
007773	鳳	34.531993	135.458963	西日本旅客鉄道・阪和線
007774	明星	34.531395	136.64253	近畿日本鉄道・山田線
007775	常山	34.53138	133.893055	西日本旅客鉄道・宇野線
007776	深井	34.53035	135.49755	南海電気鉄道・泉北線
007777	榛原	34.52983	135.954615	近畿日本鉄道・大阪線
007778	水島	34.529315	133.74135	水島臨海鉄道・水島本線
007779	伽羅橋	34.528735	135.43685	南海電気鉄道・高師浜線
007780	木見	34.527835	133.823825	西日本旅客鉄道・本四備讃線
007781	高師浜	34.527335	135.432035	南海電気鉄道・高師浜線
007782	JR五位堂	34.5273	135.71885	西日本旅客鉄道・和歌山線
007783	三輪	34.52725	135.848395	西日本旅客鉄道・桜井線
007784	鴨方	34.527235	133.5877	西日本旅客鉄道・山陽線
007785	長谷寺	34.52685	135.90648	近畿日本鉄道・大阪線
007786	築山	34.52633	135.73273	近畿日本鉄道・大阪線
007787	新ノ口	34.525145	135.79466	近畿日本鉄道・橿原線
007788	北野田	34.52293	135.543205	南海電気鉄道・高野線
007789	三菱自工前	34.522815	133.734145	水島臨海鉄道・水島本線
007790	喜志	34.522645	135.607245	近畿日本鉄道・長野線
007791	富木	34.52252	135.45122	西日本旅客鉄道・阪和線
007792	横尾	34.521487	133.36332	西日本旅客鉄道・福塩線
007793	明野	34.52149	136.66882	近畿日本鉄道・山田線
007794	高石	34.521475	135.43282	南海電気鉄道・南海本線
007795	松塚	34.52059	135.761195	近畿日本鉄道・大阪線
007796	大和高田	34.51978	135.742323	近畿日本鉄道・大阪線
007797	真菅	34.51959	135.772795	近畿日本鉄道・大阪線
007798	あき亀山	34.517199	132.496233	西日本旅客鉄道・可部線
007799	河戸帆待川	34.516684	132.505171	西日本旅客鉄道・可部線
007800	狭山	34.51665	135.54818	南海電気鉄道・高野線
007801	当麻寺	34.516485	135.70584	近畿日本鉄道・南大阪線
007802	高田	34.51634	135.74464	西日本旅客鉄道・桜井線
007803	高田	34.51634	135.74464	西日本旅客鉄道・和歌山線
007804	備前田井	34.516095	133.943075	西日本旅客鉄道・宇野線
007805	大和朝倉	34.51604	135.868967	近畿日本鉄道・大阪線
007806	多気	34.515905	136.57311	東海旅客鉄道・紀勢線
007807	多気	34.515905	136.57311	東海旅客鉄道・参宮線
007808	北助松	34.51452	135.42276	南海電気鉄道・南海本線
007809	中三田	34.513588	132.609384	西日本旅客鉄道・芸備線
007810	桜井	34.513315	135.845955	近畿日本鉄道・大阪線
007811	大和八木	34.513182	135.791918	近畿日本鉄道・大阪線
007812	大和八木	34.513065	135.79147	近畿日本鉄道・橿原線
007813	桜井	34.51299	135.84579	西日本旅客鉄道・桜井線
007814	小俣	34.512835	136.68481	近畿日本鉄道・山田線
007815	大福	34.512835	135.82987	近畿日本鉄道・大阪線
007816	耳成	34.512413	135.81539	近畿日本鉄道・大阪線
007817	伊勢奥津	34.512165	136.259995	東海旅客鉄道・名松線
007818	可部	34.511987	132.51077	西日本旅客鉄道・可部線
007819	磐城	34.51129	135.710825	近畿日本鉄道・南大阪線
007820	香久山	34.510695	135.8251	西日本旅客鉄道・桜井線
007821	北信太	34.51054	135.441435	西日本旅客鉄道・阪和線
007822	八木西口	34.509665	135.79075	近畿日本鉄道・橿原線
007823	金橋	34.50966	135.76535	西日本旅客鉄道・桜井線
007824	松ノ浜	34.508863	135.414623	南海電気鉄道・南海本線
007825	尺土	34.508545	135.72081	近畿日本鉄道・御所線
007826	尺土	34.508545	135.72081	近畿日本鉄道・南大阪線
007827	畝傍	34.50817	135.79459	西日本旅客鉄道・桜井線
007828	里庄	34.50776	133.55055	西日本旅客鉄道・山陽線
007829	高田市	34.506724	135.742966	近畿日本鉄道・南大阪線
007830	笠岡	34.5048	133.504555	西日本旅客鉄道・山陽線
007831	大阪狭山市	34.504745	135.55727	南海電気鉄道・高野線
007832	富田林	34.504335	135.60074	近畿日本鉄道・長野線
007833	二見浦	34.503685	136.777688	東海旅客鉄道・参宮線
007834	泉大津	34.503357	135.406773	南海電気鉄道・南海本線
007835	宮川	34.503063	136.67187	東海旅客鉄道・参宮線
007836	奈古	34.503107	131.472967	西日本旅客鉄道・山陰線
007837	相可	34.50311	136.545957	東海旅客鉄道・紀勢線
007838	白木山	34.500575	132.587818	西日本旅客鉄道・芸備線
007839	中島	34.500345	132.513165	西日本旅客鉄道・可部線
007840	富田林西口	34.500275	135.59628	近畿日本鉄道・長野線
007841	信太山	34.50026	135.432965	西日本旅客鉄道・阪和線
007842	大門	34.498243	133.44018	西日本旅客鉄道・山陽線
007843	浮孔	34.49801	135.75486	近畿日本鉄道・南大阪線
007844	宮町	34.497845	136.698565	近畿日本鉄道・山田線
007845	外城田	34.497665	136.59666	東海旅客鉄道・参宮線
007846	泉ケ丘	34.497028	135.511413	南海電気鉄道・泉北線
007847	松下	34.49615	136.79924	東海旅客鉄道・参宮線
007848	五十鈴ヶ丘	34.49588	136.73984	東海旅客鉄道・参宮線
007849	山田上口	34.49584	136.694286	東海旅客鉄道・参宮線
007850	東福山	34.49527	133.406545	西日本旅客鉄道・山陽線
007851	金剛	34.495245	135.559425	南海電気鉄道・高野線
007852	宇野	34.495095	133.95381	西日本旅客鉄道・宇野線
007853	坊城	34.49346	135.765155	近畿日本鉄道・南大阪線
007854	備後本庄	34.493185	133.34537	西日本旅客鉄道・福塩線
007855	畝傍御陵前	34.49277	135.794235	近畿日本鉄道・橿原線
007856	川西	34.491965	135.59066	近畿日本鉄道・長野線
007857	伊勢市	34.491945	136.710485	近畿日本鉄道・山田線
007858	伊勢市	34.49133	136.70966	東海旅客鉄道・参宮線
007859	上の町	34.490955	133.81517	西日本旅客鉄道・本四備讃線
007860	上八木	34.490475	132.5066	西日本旅客鉄道・可部線
007861	近鉄新庄	34.4893	135.72728	近畿日本鉄道・御所線
007862	福山	34.489267	133.361345	西日本旅客鉄道・山陽線
007863	福山	34.489267	133.361345	西日本旅客鉄道・福塩線
007864	福山	34.489248	133.3613	西日本旅客鉄道・山陽新幹線
007865	大和新庄	34.488935	135.736025	西日本旅客鉄道・和歌山線
007866	下深川	34.488715	132.524665	西日本旅客鉄道・芸備線
007867	忠岡	34.48858	135.39777	南海電気鉄道・南海本線
007868	田丸	34.48845	136.634005	東海旅客鉄道・参宮線
007869	宇治山田	34.48831	136.714022	近畿日本鉄道・山田線
007870	宇治山田	34.48831	136.714022	近畿日本鉄道・鳥羽線
007871	和泉府中	34.487985	135.42387	西日本旅客鉄道・阪和線
007872	鳥羽	34.48725	136.841725	近畿日本鉄道・志摩線
007873	鳥羽	34.48725	136.841725	近畿日本鉄道・鳥羽線
007874	鳥羽	34.48707	136.84152	東海旅客鉄道・参宮線
007875	狩留家	34.486355	132.579064	西日本旅客鉄道・芸備線
007876	橿原神宮西口	34.486215	135.78133	近畿日本鉄道・南大阪線
007877	栂・美木多	34.48505	135.490225	南海電気鉄道・泉北線
007878	橿原神宮前	34.48405	135.79431	近畿日本鉄道・橿原線
007879	橿原神宮前	34.48405	135.79431	近畿日本鉄道・吉野線
007880	橿原神宮前	34.48348	135.793105	近畿日本鉄道・南大阪線
007881	玖村	34.482015	132.508035	西日本旅客鉄道・芸備線
007882	滝谷不動	34.48139	135.586685	近畿日本鉄道・長野線
007883	中深川	34.481095	132.533385	西日本旅客鉄道・芸備線
007884	青野山	34.480935	131.803225	西日本旅客鉄道・山口線
007885	梅林	34.48072	132.49413	西日本旅客鉄道・可部線
007886	中之郷	34.47961	136.84541	近畿日本鉄道・志摩線
007887	滝谷	34.479575	135.562115	南海電気鉄道・高野線
007888	池の浦	34.47913	136.81841	近畿日本鉄道・鳥羽線
007889	佐奈	34.478465	136.53904	東海旅客鉄道・紀勢線
007890	春木	34.47763	135.392145	南海電気鉄道・南海本線
007891	朝熊	34.477223	136.757435	近畿日本鉄道・鳥羽線
007892	五十鈴川	34.476435	136.7273	近畿日本鉄道・鳥羽線
007893	忍海	34.475975	135.732015	近畿日本鉄道・御所線
007894	上深川	34.47592	132.562615	西日本旅客鉄道・芸備線
007895	上安	34.47571	132.44501	広島高速交通・広島新交通1号線
007896	高取	34.47524	132.43841	広島高速交通・広島新交通1号線
007897	安東	34.47488	132.45349	広島高速交通・広島新交通1号線
007898	光明池	34.4744	135.47501	南海電気鉄道・泉北線
007899	岡寺	34.474235	135.795955	近畿日本鉄道・吉野線
007900	長楽寺	34.472925	132.43091	広島高速交通・広島新交通1号線
007901	七軒茶屋	34.47264	132.48117	西日本旅客鉄道・可部線
007902	津和野	34.47254	131.77376	西日本旅客鉄道・山口線
007903	備後赤坂	34.472287	133.306163	西日本旅客鉄道・山陽線
007904	長門大井	34.47091	131.44983	西日本旅客鉄道・山陰線
007905	伴	34.469885	132.419185	広島高速交通・広島新交通1号線
007906	志摩赤崎	34.469827	136.841717	近畿日本鉄道・志摩線
007907	河内	34.469555	132.889135	西日本旅客鉄道・山陽線
007908	毘沙門台	34.46945	132.462867	広島高速交通・広島新交通1号線
007909	千代田	34.469	135.566325	南海電気鉄道・高野線
007910	和泉大宮	34.46796	135.38502	南海電気鉄道・南海本線
007911	緑井	34.46747	132.47584	西日本旅客鉄道・可部線
007912	汐ノ宮	34.46701	135.57911	近畿日本鉄道・長野線
007913	久米田	34.465685	135.405495	西日本旅客鉄道・阪和線
007914	御所	34.465075	135.733795	西日本旅客鉄道・和歌山線
007915	飛鳥	34.465005	135.79817	近畿日本鉄道・吉野線
007916	近鉄御所	34.46471	135.73238	近畿日本鉄道・御所線
007917	安芸矢口	34.463565	132.495055	西日本旅客鉄道・芸備線
007918	大原	34.46284	132.412335	広島高速交通・広島新交通1号線
007919	児島	34.462815	133.80769	四国旅客鉄道・本四備讃線
007920	児島	34.462815	133.80769	西日本旅客鉄道・本四備讃線
007921	大町	34.461515	132.47072	広島高速交通・広島新交通1号線
007922	和泉中央	34.461565	135.456715	南海電気鉄道・泉北線
007923	大町	34.461384	132.470772	西日本旅客鉄道・可部線
007924	入野	34.460736	132.85157	西日本旅客鉄道・山陽線
007925	岸和田	34.460255	135.37813	南海電気鉄道・南海本線
007926	玉手	34.4584	135.748505	西日本旅客鉄道・和歌山線
007927	古市	34.457525	132.475365	広島高速交通・広島新交通1号線
007928	下松	34.45743	135.396935	西日本旅客鉄道・阪和線
007929	船津	34.45687	136.842005	近畿日本鉄道・志摩線
007930	蛸地蔵	34.45639	135.370395	南海電気鉄道・南海本線
007931	伴中央	34.455615	132.40504	広島高速交通・広島新交通1号線
007932	掖上	34.452485	135.763065	西日本旅客鉄道・和歌山線
007933	中筋	34.451765	132.47694	広島高速交通・広島新交通1号線
007934	河内長野	34.451105	135.573155	南海電気鉄道・高野線
007935	河内長野	34.451105	135.573155	近畿日本鉄道・長野線
007936	松永	34.450965	133.25892	西日本旅客鉄道・山陽線
007937	古市橋	34.450565	132.46811	西日本旅客鉄道・可部線
007938	壺阪山	34.44968	135.794815	近畿日本鉄道・吉野線
007939	東岸和田	34.449325	135.385825	西日本旅客鉄道・阪和線
007940	西高屋	34.446225	132.78822	西日本旅客鉄道・山陽線
007941	八本松	34.445644	132.688591	西日本旅客鉄道・山陽線
007942	貝塚	34.445325	135.35789	水間鉄道・水間線
007943	貝塚	34.445295	135.357345	南海電気鉄道・南海本線
007944	栃原	34.444555	136.50934	東海旅客鉄道・紀勢線
007945	加茂	34.444205	136.84656	近畿日本鉄道・志摩線
007946	西原	34.44333	132.47477	広島高速交通・広島新交通1号線
007947	白市	34.443267	132.832	西日本旅客鉄道・山陽線
007948	大塚	34.441805	132.40294	広島高速交通・広島新交通1号線
007949	市尾	34.441722	135.776206	近畿日本鉄道・吉野線
007950	東貝塚	34.44005	135.373035	西日本旅客鉄道・阪和線
007951	寺家	34.439525	132.722649	西日本旅客鉄道・山陽線
007952	貝塚市役所前	34.439425	135.36064	水間鉄道・水間線
007953	下祗園	34.439405	132.46229	西日本旅客鉄道・可部線
007954	越ヶ浜	34.439185	131.42268	西日本旅客鉄道・山陰線
007955	戸坂	34.438515	132.491215	西日本旅客鉄道・芸備線
007956	近義の里	34.4369	135.362915	水間鉄道・水間線
007957	三日市町	34.436655	135.57134	南海電気鉄道・高野線
007958	関西空港	34.435897	135.243199	西日本旅客鉄道・関西空港線
007959	関西空港	34.435897	135.243199	南海電気鉄道・空港線
007960	広域公園前	34.43544	132.40012	広島高速交通・広島新交通1号線
007961	祇園新橋北	34.4354	132.471065	広島高速交通・広島新交通1号線
007962	東尾道	34.43503	133.2332	西日本旅客鉄道・山陽線
007963	松尾	34.432565	136.84006	近畿日本鉄道・志摩線
007964	二色浜	34.432175	135.34476	南海電気鉄道・南海本線
007965	西条	34.431323	132.743613	西日本旅客鉄道・山陽線
007966	葛	34.430975	135.75959	近畿日本鉄道・吉野線
007967	石才	34.430595	135.36814	水間鉄道・水間線
007969	新尾道	34.43008	133.190215	西日本旅客鉄道・山陽新幹線
007970	白木	34.429205	136.83116	近畿日本鉄道・志摩線
007971	安芸長束	34.42839	132.456105	西日本旅客鉄道・可部線
007973	和泉橋本	34.4273	135.358825	西日本旅客鉄道・阪和線
007974	不動院前	34.42665	132.46906	広島高速交通・広島新交通1号線
007975	鶴原	34.42642	135.33831	南海電気鉄道・南海本線
007976	清児	34.425	135.372207	水間鉄道・水間線
007977	美加の台	34.424775	135.577015	南海電気鉄道・高野線
007979	瀬野	34.42201	132.596745	西日本旅客鉄道・山陽線
007980	名越	34.42144	135.375065	水間鉄道・水間線
007981	船平山	34.421375	131.73413	西日本旅客鉄道・山口線
007982	吉野口	34.42108	135.75048	西日本旅客鉄道・和歌山線
007983	吉野口	34.42069	135.75067	近畿日本鉄道・吉野線
007984	川添	34.41988	136.47365	東海旅客鉄道・紀勢線
007985	井原里	34.41937	135.330475	南海電気鉄道・南海本線
007986	東萩	34.417325	131.41059	西日本旅客鉄道・山陰線
007987	三滝	34.41726	132.447437	西日本旅客鉄道・可部線
007988	牛田	34.41704	132.464645	広島高速交通・広島新交通1号線
007989	東佐野	34.416635	135.35004	西日本旅客鉄道・阪和線
007990	森	34.414175	135.381885	水間鉄道・水間線
007991	千早口	34.411705	135.590125	南海電気鉄道・高野線
007992	泉佐野	34.411065	135.317375	南海電気鉄道・空港線
007993	泉佐野	34.411065	135.317375	南海電気鉄道・南海本線
007994	三ツ松	34.411035	135.38342	水間鉄道・水間線
007995	白島	34.410995	132.46281	広島高速交通・広島新交通1号線
007996	りんくうタウン	34.410965	135.29945	西日本旅客鉄道・関西空港線
007997	りんくうタウン	34.410965	135.29945	南海電気鉄道・空港線
007998	横川	34.410525	132.450735	西日本旅客鉄道・可部線
007999	横川	34.410525	132.450735	西日本旅客鉄道・山陽線
008000	本郷	34.409605	132.98747	西日本旅客鉄道・山陽線
008001	横川駅	34.409605	132.45065	広島電鉄・横川線
008002	新白島	34.408504	132.461043	西日本旅客鉄道・山陽線
008003	新白島	34.40833	132.461221	広島高速交通・広島新交通1号線
008004	薬水	34.407775	135.74329	近畿日本鉄道・吉野線
008005	三ヶ山口	34.40717	135.38504	水間鉄道・水間線
008006	横川一丁目	34.407105	132.45007	広島電鉄・横川線
008007	五知	34.40668	136.810095	近畿日本鉄道・志摩線
008008	熊取	34.40629	135.341215	西日本旅客鉄道・阪和線
008009	城北	34.40538	132.45895	広島高速交通・広島新交通1号線
008010	玉江	34.40525	131.379865	西日本旅客鉄道・山陰線
008011	尾道	34.404838	133.193008	西日本旅客鉄道・山陽線
008012	別院前	34.4046	132.449435	広島電鉄・横川線
008013	白島	34.404065	132.465695	広島電鉄・白島線
008014	水間観音	34.403505	135.38556	水間鉄道・水間線
008015	中野東	34.403305	132.578745	西日本旅客鉄道・山陽線
008016	家庭裁判所前	34.401315	132.465875	広島電鉄・白島線
008017	三原	34.400825	133.08329	西日本旅客鉄道・山陽新幹線
008018	寺町	34.40081	132.44814	広島電鉄・横川線
008019	三原	34.400597	133.082623	西日本旅客鉄道・呉線
008020	三原	34.400597	133.082623	西日本旅客鉄道・山陽線
008021	徳佐	34.39971	131.7202	西日本旅客鉄道・山口線
008022	羽倉崎	34.39952	135.300095	南海電気鉄道・南海本線
008023	縮景園前	34.39944	132.465305	広島電鉄・白島線
008024	矢賀	34.399115	132.497707	西日本旅客鉄道・芸備線
008025	広島	34.398465	132.47517	西日本旅客鉄道・山陽新幹線
008026	女学院前	34.398155	132.464905	広島電鉄・白島線
008027	西広島	34.398183	132.428177	西日本旅客鉄道・山陽線
008028	天見	34.397625	135.595555	南海電気鉄道・高野線
008029	広島	34.39729	132.475943	西日本旅客鉄道・芸備線
008030	十日市町	34.396865	132.44693	広島電鉄・本線
008031	広島	34.39729	132.475943	西日本旅客鉄道・山陽線
008032	三見	34.397215	131.33018	西日本旅客鉄道・山陰線
008033	十日市町	34.396865	132.44693	広島電鉄・横川線
008034	本川町	34.396785	132.450495	広島電鉄・本線
008035	広電西広島（己斐）	34.396737	132.427773	広島電鉄・宮島線
008036	広電西広島（己斐）	34.396737	132.427773	広島電鉄・本線
008037	県庁前	34.39664	132.458147	広島高速交通・広島新交通1号線
008038	広島駅	34.396755	132.475084	広島電鉄・本線
008039	原爆ドーム前	34.39608	132.453845	広島電鉄・本線
008040	大和上市	34.39563	135.845705	近畿日本鉄道・吉野線
008041	観音町	34.395545	132.43871	広島電鉄・本線
008042	福神	34.395425	135.75023	近畿日本鉄道・吉野線
008043	紙屋町西	34.39532	132.45692	広島電鉄・宇品線
008044	紙屋町西	34.39532	132.45692	広島電鉄・本線
008046	天満町	34.39515	132.44104	広島電鉄・本線
008047	八丁堀	34.395265	132.46402	広島電鉄・白島線
008048	紙屋町東	34.394975	132.458305	広島電鉄・宇品線
008049	紙屋町東	34.394975	132.458305	広島電鉄・本線
008050	福島町	34.39483	132.43406	広島電鉄・本線
008051	三瀬谷	34.39475	136.40904	東海旅客鉄道・紀勢線
008052	土橋	34.39451	132.446335	広島電鉄・江波線
008053	土橋	34.39451	132.446335	広島電鉄・本線
008054	小網町	34.394455	132.444495	広島電鉄・本線
008055	立町	34.394325	132.460975	広島電鉄・本線
008056	沓掛	34.39413	136.81443	近畿日本鉄道・志摩線
008057	西観音町	34.39394	132.43686	広島電鉄・本線
008058	八丁堀	34.393815	132.4631	広島電鉄・本線
008059	萩	34.3937	131.40157	西日本旅客鉄道・山陰線
008060	本通	34.393465	132.45708	広島高速交通・広島新交通1号線
008061	本通	34.39329	132.45705	広島電鉄・宇品線
008062	胡町	34.393297	132.4652	広島電鉄・本線
008063	的場町	34.39322	132.47463	広島電鉄・本線
008064	銀山町	34.393163	132.467233	広島電鉄・本線
008065	的場町	34.393025	132.475275	広島電鉄・皆実線
008066	稲荷町	34.392625	132.47113	広島電鉄・本線
008067	東高須	34.39186	132.420275	広島電鉄・宮島線
008068	糸崎	34.391737	133.105127	西日本旅客鉄道・山陽線
008069	吉見ノ里	34.3915	135.28988	南海電気鉄道・南海本線
008070	袋町	34.391105	132.456305	広島電鉄・宇品線
008071	安芸中野	34.39099	132.563365	西日本旅客鉄道・山陽線
008072	日根野	34.39073	135.331285	西日本旅客鉄道・関西空港線
008073	日根野	34.39073	135.331285	西日本旅客鉄道・阪和線
008074	吉野神宮	34.390185	135.84817	近畿日本鉄道・吉野線
008075	六田	34.39008	135.822985	近畿日本鉄道・吉野線
008076	段原一丁目	34.389963	132.473607	広島電鉄・皆実線
008077	天神川	34.389755	132.49747	西日本旅客鉄道・山陽線
008078	高須	34.38972	132.417063	広島電鉄・宮島線
008079	舟入町	34.389403	132.44503	広島電鉄・江波線
008080	東広島	34.38919	132.759457	西日本旅客鉄道・山陽新幹線
008081	中電前	34.38914	132.455625	広島電鉄・宇品線
008082	長門古市	34.3885	131.10165	西日本旅客鉄道・山陰線
008083	大阿太	34.3884	135.76643	近畿日本鉄道・吉野線
008084	仙崎	34.38778	131.199015	西日本旅客鉄道・山陰線
008085	比治山下	34.387043	132.471143	広島電鉄・皆実線
008086	古江	34.386213	132.411457	広島電鉄・宮島線
008087	越部	34.38612	135.80288	近畿日本鉄道・吉野線
008088	舟入本町	34.385805	132.442785	広島電鉄・江波線
008089	市役所前	34.38577	132.45445	広島電鉄・宇品線
008090	黄波戸	34.385225	131.139725	西日本旅客鉄道・山陰線
008091	岡田浦	34.384515	135.27691	南海電気鉄道・南海本線
008092	下市口	34.38402	135.7869	近畿日本鉄道・吉野線
008093	鷹野橋	34.38345	132.45403	広島電鉄・宇品線
008094	舟入幸町	34.383355	132.44128	広島電鉄・江波線
008095	比治山橋	34.383295	132.468865	広島電鉄・皆実線
008096	北宇智	34.382286	135.714467	西日本旅客鉄道・和歌山線
008097	長滝	34.38193	135.320065	西日本旅客鉄道・阪和線
008098	草津	34.381495	132.40392	広島電鉄・宮島線
008099	日赤病院前	34.38074	132.455935	広島電鉄・宇品線
008100	南区役所前	34.380415	132.46713	広島電鉄・皆実線
008101	舟入川口町	34.379665	132.43919	広島電鉄・江波線
008102	上之郷	34.379325	136.81152	近畿日本鉄道・志摩線
008103	飯井	34.3791	131.294825	西日本旅客鉄道・山陰線
008104	鍋倉	34.378245	131.69407	西日本旅客鉄道・山口線
008105	草津南	34.378095	132.39847	広島電鉄・宮島線
008106	皆実町二丁目	34.377395	132.466015	広島電鉄・皆実線
008107	広電本社前	34.377345	132.45834	広島電鉄・宇品線
008108	吉野	34.377005	135.85356	近畿日本鉄道・吉野線
008109	向洋	34.376875	132.506005	西日本旅客鉄道・山陽線
008110	御幸橋	34.375955	132.459335	広島電鉄・宇品線
008111	商工センター入口	34.37548	132.39201	広島電鉄・宮島線
008112	長門市	34.37538	131.18559	西日本旅客鉄道・山陰線
008113	長門市	34.37538	131.18559	西日本旅客鉄道・美祢線
008114	新井口	34.375265	132.39124	西日本旅客鉄道・山陽線
008115	舟入南	34.374965	132.43722	広島電鉄・江波線
008116	皆実町六丁目	34.374635	132.464855	広島電鉄・皆実線
008117	人丸	34.37421	131.05729	西日本旅客鉄道・山陰線
008118	樽井	34.37417	135.261355	南海電気鉄道・南海本線
008119	皆実町六丁目	34.374145	132.46397	広島電鉄・宇品線
008120	新家	34.372355	135.29912	西日本旅客鉄道・阪和線
008121	江波	34.37221	132.435815	広島電鉄・江波線
008122	海田市	34.371895	132.530615	西日本旅客鉄道・山陽線
008123	海田市	34.371895	132.530615	西日本旅客鉄道・呉線
008124	井口	34.371757	132.38585	広島電鉄・宮島線
008125	広大附属学校前	34.37156	132.4646	広島電鉄・宇品線
008126	伊上	34.37034	131.01133	西日本旅客鉄道・山陰線
008127	須波	34.370167	133.083793	西日本旅客鉄道・呉線
008128	志摩磯部	34.36956	136.805795	近畿日本鉄道・志摩線
008129	県病院前	34.3685	132.46486	広島電鉄・宇品線
008130	修大協創中高前	34.368185	132.374235	広島電鉄・宮島線
008131	五日市	34.36684	132.36773	西日本旅客鉄道・山陽線
008132	広電五日市	34.366505	132.367885	広島電鉄・宮島線
008133	宇品二丁目	34.36634	132.46465	広島電鉄・宇品線
008134	長門三隅	34.36617	131.236415	西日本旅客鉄道・山陰線
008135	紀見峠	34.365757	135.6003	南海電気鉄道・高野線
008136	佐伯区役所前	34.36548	132.361785	広島電鉄・宮島線
008137	楽々園	34.364325	132.351985	広島電鉄・宮島線
008138	宇品三丁目	34.36414	132.46446	広島電鉄・宇品線
008139	地福	34.362755	131.674205	西日本旅客鉄道・山口線
008140	山陽女学園前	34.36203	132.341315	広島電鉄・宮島線
008141	尾崎	34.36099	135.24011	南海電気鉄道・南海本線
008142	和泉砂川	34.360235	135.281195	西日本旅客鉄道・阪和線
008143	宇品四丁目	34.36015	132.464105	広島電鉄・宇品線
008144	滝原	34.360163	136.412043	東海旅客鉄道・紀勢線
008145	穴川	34.358895	136.81588	近畿日本鉄道・志摩線
008146	宇品五丁目	34.357985	132.463915	広島電鉄・宇品線
008147	八栗山上	34.357915	134.139565	四国ケーブル・八栗ケーブル
008148	廿日市	34.357885	132.335435	西日本旅客鉄道・山陽線
008149	長門粟野	34.357385	130.970085	西日本旅客鉄道・山陰線
008150	広電廿日市	34.356975	132.33647	広島電鉄・宮島線
008151	五条	34.355745	135.698685	西日本旅客鉄道・和歌山線
008152	林間田園都市	34.355502	135.603357	南海電気鉄道・高野線
008153	八栗登山口	34.355205	134.13391	四国ケーブル・八栗ケーブル
008154	海岸通	34.355145	132.463095	広島電鉄・宇品線
008155	元宇品口	34.35394	132.45971	広島電鉄・宇品線
008156	名草	34.35369	131.651185	西日本旅客鉄道・山口線
008157	板持	34.3533	131.17663	西日本旅客鉄道・美祢線
008158	廿日市市役所前（平良）	34.35315	132.32992	広島電鉄・宮島線
008159	広島港（宇品）	34.352695	132.455775	広島電鉄・宇品線
008160	矢野	34.352185	132.532125	西日本旅客鉄道・呉線
008161	鳥取ノ荘	34.35128	135.23182	南海電気鉄道・南海本線
008162	高松築港	34.35073	134.04936	高松琴平電気鉄道・琴平線
008163	高松	34.35056	134.045335	四国旅客鉄道・高徳線
008164	高松	34.35056	134.045335	四国旅客鉄道・予讃線
008165	宮内串戸	34.348765	132.323925	西日本旅客鉄道・山陽線
008166	宮内	34.347585	132.32524	広島電鉄・宮島線
008167	大和二見	34.34612	135.68444	西日本旅客鉄道・和歌山線
008168	片原町	34.346025	134.054395	高松琴平電気鉄道・琴平線
008169	八栗	34.344633	134.122447	高松琴平電気鉄道・志度線
008170	JA広島病院前	34.34433	132.32273	広島電鉄・宮島線
008171	昭和町	34.344075	134.032165	四国旅客鉄道・高徳線
008172	六万寺	34.3426	134.134255	高松琴平電気鉄道・志度線
008173	和泉鳥取	34.342533	135.263225	西日本旅客鉄道・阪和線
008174	今橋	34.341665	134.05926	高松琴平電気鉄道・志度線
008175	琴電屋島	34.341575	134.105825	高松琴平電気鉄道・志度線
008176	三谷	34.34154	131.62434	西日本旅客鉄道・山口線
008177	潟元	34.341375	134.09819	高松琴平電気鉄道・志度線
008178	香西	34.34136	134.01001	四国旅客鉄道・予讃線
008179	箱作	34.34131	135.21261	南海電気鉄道・南海本線
008180	沖松島	34.341255	134.072235	高松琴平電気鉄道・志度線
008181	古高松南	34.341103	134.121647	四国旅客鉄道・高徳線
008182	春日川	34.34101	134.08383	高松琴平電気鉄道・志度線
008183	古高松	34.34092	134.11243	高松琴平電気鉄道・志度線
008184	地御前	34.340885	132.32005	広島電鉄・宮島線
008185	大乗	34.340625	132.945225	西日本旅客鉄道・呉線
008186	松島二丁目	34.340015	134.064735	高松琴平電気鉄道・志度線
008187	瓦町	34.339585	134.053655	高松琴平電気鉄道・志度線
008188	竹原	34.33942	132.911003	西日本旅客鉄道・呉線
008189	八栗口	34.339075	134.136805	四国旅客鉄道・高徳線
008190	坂	34.338855	132.51113	西日本旅客鉄道・呉線
008191	瓦町	34.33882	134.05258	高松琴平電気鉄道・琴平線
008192	瓦町	34.33882	134.05258	高松琴平電気鉄道・長尾線
008193	安芸幸崎	34.338155	133.04019	西日本旅客鉄道・呉線
008194	御幸辻	34.337827	135.602063	南海電気鉄道・高野線
008195	安芸長浜	34.337805	132.962575	西日本旅客鉄道・呉線
008196	大町	34.33742	134.141465	高松琴平電気鉄道・志度線
008197	八栗新道	34.33687	134.147465	高松琴平電気鉄道・志度線
008198	屋島	34.336765	134.10958	四国旅客鉄道・高徳線
008199	忠海	34.336663	132.991243	西日本旅客鉄道・呉線
008200	讃岐牟礼	34.33636	134.14771	四国旅客鉄道・高徳線
008201	阿川	34.33616	130.9261	西日本旅客鉄道・山陰線
008202	塩屋	34.3356	134.155015	高松琴平電気鉄道・志度線
008203	栗林公園北口	34.33465	134.041285	四国旅客鉄道・高徳線
008204	花園	34.33461	134.059115	高松琴平電気鉄道・長尾線
008205	長門湯本	34.334475	131.17258	西日本旅客鉄道・美祢線
008206	志摩横山	34.333975	136.81836	近畿日本鉄道・志摩線
008207	房前	34.33235	134.15845	高松琴平電気鉄道・志度線
008208	栗林	34.33233	134.053387	四国旅客鉄道・高徳線
008209	木太町	34.33192	134.07995	四国旅客鉄道・高徳線
008210	淡輪	34.33137	135.17864	南海電気鉄道・南海本線
008211	阿曽	34.331295	136.41112	東海旅客鉄道・紀勢線
008212	鵜方	34.329375	136.82573	近畿日本鉄道・志摩線
008213	栗林公園	34.32852	134.05108	高松琴平電気鉄道・琴平線
008214	隅田	34.32809	135.655575	西日本旅客鉄道・和歌山線
008215	阿品東	34.326977	132.318443	広島電鉄・宮島線
008216	原	34.326515	134.16367	高松琴平電気鉄道・志度線
008217	山中渓	34.325535	135.269675	西日本旅客鉄道・阪和線
008218	鬼無	34.3254	133.993735	四国旅客鉄道・予讃線
008219	みさき公園	34.32399	135.161002	南海電気鉄道・多奈川線
008220	みさき公園	34.32399	135.161002	南海電気鉄道・南海本線
008221	阿品	34.323491	132.314432	西日本旅客鉄道・山陽線
008222	林道	34.323325	134.07324	高松琴平電気鉄道・長尾線
008223	渡川	34.322935	131.60407	西日本旅客鉄道・山口線
008224	下兵庫	34.32259	135.634735	西日本旅客鉄道・和歌山線
008225	琴電志度	34.32246	134.17251	高松琴平電気鉄道・志度線
008226	広電阿品	34.321565	132.31438	広島電鉄・宮島線
008227	志度	34.32142	134.17311	四国旅客鉄道・高徳線
008228	吉名	34.320646	132.865783	西日本旅客鉄道・呉線
008229	三条	34.319845	134.049515	高松琴平電気鉄道・琴平線
008230	水尻	34.319856	132.498992	西日本旅客鉄道・呉線
008231	木太東口	34.31972	134.079585	高松琴平電気鉄道・長尾線
008232	橋本	34.318365	135.614765	南海電気鉄道・高野線
008233	深日町	34.31827	135.14806	南海電気鉄道・多奈川線
008234	橋本	34.318155	135.614765	西日本旅客鉄道・和歌山線
008235	安芸津	34.318008	132.818243	西日本旅客鉄道・呉線
008236	深日港	34.31743	135.14127	南海電気鉄道・多奈川線
008237	多奈川	34.31674	135.13721	南海電気鉄道・多奈川線
008238	志摩神明	34.316205	136.829985	近畿日本鉄道・志摩線
008239	宮島ボートレース場	34.31438	132.304972	広島電鉄・宮島線
008240	坂出	34.31319	133.856785	四国旅客鉄道・予讃線
008241	八十場	34.313	133.88486	四国旅客鉄道・予讃線
008242	紀伊山田	34.312985	135.58411	西日本旅客鉄道・和歌山線
008243	宮島口	34.31211	132.302715	西日本旅客鉄道・山陽線
008244	広電宮島口	34.311793	132.304924	広島電鉄・宮島線
008245	渋木	34.31169	131.1967	西日本旅客鉄道・美祢線
008246	元山	34.310375	134.083765	高松琴平電気鉄道・長尾線
008247	伏石	34.309816	134.047834	高松琴平電気鉄道・琴平線
008248	賢島	34.308385	136.819435	近畿日本鉄道・志摩線
008249	高野口	34.30762	135.556925	西日本旅客鉄道・和歌山線
008250	紀伊清水	34.30745	135.604735	南海電気鉄道・高野線
008251	鴨川	34.306905	133.905265	四国旅客鉄道・予讃線
008252	宇多津	34.30632	133.81375	四国旅客鉄道・本四備讃線
008253	宇多津	34.30632	133.81375	四国旅客鉄道・予讃線
008254	特牛	34.30583	130.91893	西日本旅客鉄道・山陰線
008255	端岡	34.30505	133.96807	四国旅客鉄道・予讃線
008256	長門峡	34.30452	131.578745	西日本旅客鉄道・山口線
008257	中飯降	34.30447	135.532445	西日本旅客鉄道・和歌山線
008258	風早	34.30311	132.79573	西日本旅客鉄道・呉線
008259	水田	34.30305	134.092535	高松琴平電気鉄道・長尾線
008260	小屋浦	34.302288	132.506556	西日本旅客鉄道・呉線
008261	オレンジタウン	34.30235	134.18072	四国旅客鉄道・高徳線
008262	前空	34.301115	132.289275	西日本旅客鉄道・山陽線
008263	国分	34.30058	133.941775	四国旅客鉄道・予讃線
008264	伊勢柏崎	34.299556	136.395724	東海旅客鉄道・紀勢線
008265	太田	34.299085	134.04595	高松琴平電気鉄道・琴平線
008266	大谷	34.2986	135.49385	西日本旅客鉄道・和歌山線
008267	妙寺	34.29851	135.5174	西日本旅客鉄道・和歌山線
008268	学文路	34.296505	135.579895	南海電気鉄道・高野線
008269	西前田	34.296025	134.104765	高松琴平電気鉄道・長尾線
008270	笠田	34.292065	135.4799	西日本旅客鉄道・和歌山線
008271	丸亀	34.292	133.793215	四国旅客鉄道・予讃線
008272	呉ポートピア	34.291784	132.513051	西日本旅客鉄道・呉線
008273	讃岐府中	34.291433	133.92386	四国旅客鉄道・予讃線
008274	孝子	34.29067	135.151035	南海電気鉄道・南海本線
008275	高田	34.288615	134.11197	高松琴平電気鉄道・長尾線
008276	讃岐津田	34.28827	134.248275	四国旅客鉄道・高徳線
008277	九度山	34.28779	135.5645	南海電気鉄道・高野線
008278	讃岐塩屋	34.285055	133.777335	四国旅客鉄道・予讃線
008279	円座	34.28446	134.00907	高松琴平電気鉄道・琴平線
008280	安浦	34.283927	132.74445	西日本旅客鉄道・呉線
008281	滝部	34.283945	130.946615	西日本旅客鉄道・山陰線
008282	仏生山	34.28363	134.042725	高松琴平電気鉄道・琴平線
008283	大野浦	34.283445	132.26549	西日本旅客鉄道・山陽線
008284	一宮	34.283305	134.02221	高松琴平電気鉄道・琴平線
008285	造田	34.282933	134.18596	四国旅客鉄道・高徳線
008286	神前	34.282845	134.20892	四国旅客鉄道・高徳線
008287	空港通り	34.28118	134.03279	高松琴平電気鉄道・琴平線
008288	天応	34.281252	132.519698	西日本旅客鉄道・呉線
008289	西笠田	34.28012	135.452635	西日本旅客鉄道・和歌山線
008290	鶴羽	34.280005	134.273965	四国旅客鉄道・高徳線
008291	篠目	34.27913	131.56223	西日本旅客鉄道・山口線
008292	池戸	34.27903	134.119445	高松琴平電気鉄道・長尾線
008293	大内山	34.278135	136.35924	東海旅客鉄道・紀勢線
008294	和歌山大学前	34.276383	135.14698	南海電気鉄道・南海本線
008295	加太	34.275315	135.080765	南海電気鉄道・加太線
008296	農学部前	34.27382	134.12578	高松琴平電気鉄道・長尾線
008297	名手	34.272947	135.433677	西日本旅客鉄道・和歌山線
008298	平木	34.272185	134.1313	高松琴平電気鉄道・長尾線
008299	高野下	34.27181	135.566365	南海電気鉄道・高野線
008300	多度津	34.271245	133.75729	四国旅客鉄道・土讃線
008301	多度津	34.271245	133.75729	四国旅客鉄道・予讃線
008302	粉河	34.27072	135.404195	西日本旅客鉄道・和歌山線
008303	学園通り	34.27059	134.136835	高松琴平電気鉄道・長尾線
008304	岡本	34.27032	133.98958	高松琴平電気鉄道・琴平線
008305	紀伊	34.269255	135.246265	西日本旅客鉄道・阪和線
008306	紀伊長田	34.268257	135.39156	西日本旅客鉄道・和歌山線
008307	白山	34.26672	134.150455	高松琴平電気鉄道・長尾線
008308	長尾	34.26665	134.16916	高松琴平電気鉄道・長尾線
008309	井戸	34.26663	134.1559	高松琴平電気鉄道・長尾線
008310	公文明	34.26663	134.16234	高松琴平電気鉄道・長尾線
008311	下古沢	34.26648	135.55325	南海電気鉄道・高野線
008312	打田	34.265145	135.364165	西日本旅客鉄道・和歌山線
008313	錦町	34.264805	131.96304	錦川鉄道・錦川清流線
008314	かるが浜	34.264142	132.517158	西日本旅客鉄道・呉線
008315	六十谷	34.26265	135.207385	西日本旅客鉄道・阪和線
008316	下井阪	34.26201	135.340195	西日本旅客鉄道・和歌山線
008317	挿頭丘	34.261995	133.97938	高松琴平電気鉄道・琴平線
008318	磯ノ浦	34.260495	135.09462	南海電気鉄道・加太線
008319	畑田	34.259005	133.971565	高松琴平電気鉄道・琴平線
008320	梅ヶ谷	34.258034	136.356564	東海旅客鉄道・紀勢線
008321	吉浦	34.25774	132.52725	西日本旅客鉄道・呉線
008322	二里ヶ浜	34.257525	135.10416	南海電気鉄道・加太線
008323	柳瀬	34.257375	131.976795	錦川鉄道・錦川清流線
008324	上古沢	34.25733	135.54801	南海電気鉄道・高野線
008325	西ノ庄	34.25546	135.110795	南海電気鉄道・加太線
008326	玖波	34.255398	132.22819	西日本旅客鉄道・山陽線
008327	岩出	34.25502	135.321285	西日本旅客鉄道・和歌山線
008328	紀ノ川	34.254925	135.1659	南海電気鉄道・加太線
008329	紀ノ川	34.254925	135.1659	南海電気鉄道・南海本線
008330	丹生	34.25471	134.301755	四国旅客鉄道・高徳線
008331	安登	34.254315	132.72266	西日本旅客鉄道・呉線
008332	海岸寺	34.2537	133.72975	四国旅客鉄道・予讃線
008333	八幡前	34.252545	135.1218	南海電気鉄道・加太線
008334	三本松	34.251737	134.334163	四国旅客鉄道・高徳線
008335	長門二見	34.251639	130.914804	西日本旅客鉄道・山陰線
008336	陶	34.250395	133.9479	高松琴平電気鉄道・琴平線
008337	綾川	34.249535	133.931675	高松琴平電気鉄道・琴平線
008338	川原石	34.248803	132.541173	西日本旅客鉄道・呉線
008339	中松江	34.24873	135.13295	南海電気鉄道・加太線
008340	船戸	34.248305	135.31124	西日本旅客鉄道・和歌山線
008341	滝宮	34.24817	133.9224	高松琴平電気鉄道・琴平線
008342	金蔵寺	34.248155	133.77751	四国旅客鉄道・土讃線
008343	東松江	34.247775	135.141125	南海電気鉄道・加太線
008344	紀伊小倉	34.24637	135.28742	西日本旅客鉄道・和歌山線
008345	呉	34.244637	132.557557	西日本旅客鉄道・呉線
008346	布施屋	34.24445	135.26167	西日本旅客鉄道・和歌山線
008347	讃岐白鳥	34.24361	134.36619	四国旅客鉄道・高徳線
008348	紀伊中ノ島	34.24285	135.19019	西日本旅客鉄道・阪和線
008349	紀伊神谷	34.24274	135.571102	南海電気鉄道・高野線
008350	田井ノ瀬	34.242075	135.229445	西日本旅客鉄道・和歌山線
008351	紀和	34.24195	135.181365	西日本旅客鉄道・紀勢線
008352	千旦	34.24165	135.245665	西日本旅客鉄道・和歌山線
008353	羽床	34.2411	133.90183	高松琴平電気鉄道・琴平線
008354	津島ノ宮	34.238235	133.704477	四国旅客鉄道・予讃線
008355	和歌山市	34.236595	135.16691	西日本旅客鉄道・紀勢線
008356	於福	34.236325	131.20773	西日本旅客鉄道・美祢線
008357	河山	34.23628	131.98385	錦川鉄道・錦川清流線
008358	和歌山市	34.23604	135.165385	南海電気鉄道・南海本線
008359	和歌山市	34.23604	135.165385	南海電気鉄道・和歌山港線
008360	紀伊細川	34.23574	135.553685	南海電気鉄道・高野線
008361	安芸阿賀	34.235413	132.600727	西日本旅客鉄道・呉線
008362	極楽橋	34.234385	135.58206	南海電気鉄道・高野線
008363	栗熊	34.234115	133.884485	高松琴平電気鉄道・琴平線
008364	極楽橋	34.23362	135.581885	南海電気鉄道・鋼索線
008365	和歌山	34.23248	135.191395	西日本旅客鉄道・紀勢線
008366	和歌山	34.23248	135.191395	西日本旅客鉄道・阪和線
008367	和歌山	34.23248	135.191395	西日本旅客鉄道・和歌山線
008368	和歌山	34.23231	135.191875	和歌山電鐵・貴志川線
008369	安芸川尻	34.2321	132.69136	西日本旅客鉄道・呉線
008370	新広	34.23202	132.614445	西日本旅客鉄道・呉線
008371	善通寺	34.229965	133.78927	四国旅客鉄道・土讃線
008372	広	34.228213	132.629187	西日本旅客鉄道・呉線
008373	高野山	34.227745	135.57754	南海電気鉄道・鋼索線
008374	宇賀本郷	34.22733	130.927565	西日本旅客鉄道・山陰線
008375	田中口	34.227215	135.192935	和歌山電鐵・貴志川線
008376	日前宮	34.22642	135.20186	和歌山電鐵・貴志川線
008377	引田	34.22436	134.401785	四国旅客鉄道・高徳線
008378	仁方	34.22151	132.655285	西日本旅客鉄道・呉線
008379	詫間	34.22155	133.692783	四国旅客鉄道・予讃線
008380	岡田	34.221275	133.86171	高松琴平電気鉄道・琴平線
008381	大竹	34.21775	132.223435	西日本旅客鉄道・山陽線
008382	和歌山港	34.21728	135.14648	南海電気鉄道・和歌山港線
008383	仁保	34.21628	131.53625	西日本旅客鉄道・山口線
008384	宮前	34.213405	135.18891	西日本旅客鉄道・紀勢線
008385	甘露寺前	34.213295	135.30137	和歌山電鐵・貴志川線
008386	神前	34.212995	135.2051	和歌山電鐵・貴志川線
008387	讃岐相生	34.211925	134.42438	四国旅客鉄道・高徳線
008388	清流みはらし	34.210977	132.006316	錦川鉄道・錦川清流線
008389	根笠	34.21053	131.99862	錦川鉄道・錦川清流線
008390	羽間	34.209575	133.847345	高松琴平電気鉄道・琴平線
008391	西山口	34.20956	135.290935	和歌山電鐵・貴志川線
008392	南桑	34.20947	132.02097	錦川鉄道・錦川清流線
008393	貴志	34.2094	135.31185	和歌山電鐵・貴志川線
008394	紀伊長島	34.20933	136.339935	東海旅客鉄道・紀勢線
008395	湯玉	34.209075	130.93271	西日本旅客鉄道・山陰線
008396	竈山	34.207225	135.207235	和歌山電鐵・貴志川線
008397	山東	34.205765	135.262185	和歌山電鐵・貴志川線
008398	みの	34.205605	133.71065	四国旅客鉄道・予讃線
008399	大池遊園	34.20463	135.28532	和歌山電鐵・貴志川線
008400	伊太祈曽	34.20412	135.251735	和歌山電鐵・貴志川線
008401	和木	34.20406	132.22771	西日本旅客鉄道・山陽線
008402	交通センター前	34.20388	135.21837	和歌山電鐵・貴志川線
008403	岡崎前	34.20347	135.225095	和歌山電鐵・貴志川線
008404	吉礼	34.20332	135.23594	和歌山電鐵・貴志川線
008405	榎井	34.19433	133.82957	高松琴平電気鉄道・琴平線
008406	重安	34.1943	131.208665	西日本旅客鉄道・美祢線
008407	椋野	34.193665	132.0335	錦川鉄道・錦川清流線
008408	琴平	34.19213	133.821315	四国旅客鉄道・土讃線
008409	宮野	34.191445	131.498745	西日本旅客鉄道・山口線
008410	琴電琴平	34.191415	133.81892	高松琴平電気鉄道・琴平線
008411	紀三井寺	34.187715	135.18759	西日本旅客鉄道・紀勢線
008412	高瀬	34.183603	133.710797	四国旅客鉄道・予讃線
008413	上山口	34.18258	131.48487	西日本旅客鉄道・山口線
008414	鳴門	34.17917	134.608675	四国旅客鉄道・鳴門線
008415	阿波大宮	34.178715	134.448655	四国旅客鉄道・高徳線
008416	北河内	34.17598	132.06458	錦川鉄道・錦川清流線
008417	撫養	34.17316	134.60093	四国旅客鉄道・鳴門線
008418	山口	34.1728	131.48106	西日本旅客鉄道・山口線
008419	岩国	34.17178	132.22561	西日本旅客鉄道・岩徳線
008420	岩国	34.17178	132.22561	西日本旅客鉄道・山陽線
008421	黒江	34.1709	135.210075	西日本旅客鉄道・紀勢線
008422	守内かさ神	34.170325	132.135305	錦川鉄道・錦川清流線
008423	小串	34.169983	130.928283	西日本旅客鉄道・山陰線
008424	金比羅前	34.16974	134.58498	四国旅客鉄道・鳴門線
008425	美祢	34.16908	131.20403	西日本旅客鉄道・美祢線
008426	三野瀬	34.16769	136.282385	東海旅客鉄道・紀勢線
008427	教会前	34.16759	134.577205	四国旅客鉄道・鳴門線
008428	比地大	34.16696	133.690355	四国旅客鉄道・予讃線
008429	南河内	34.165945	132.10338	錦川鉄道・錦川清流線
008430	新岩国	34.16485	132.149695	西日本旅客鉄道・山陽新幹線
008431	行波	34.163325	132.087095	錦川鉄道・錦川清流線
008432	西岩国	34.16298	132.195735	西日本旅客鉄道・岩徳線
008433	清流新岩国	34.162495	132.14769	錦川鉄道・錦川清流線
008434	立道	34.162045	134.557635	四国旅客鉄道・鳴門線
008435	南大嶺	34.161475	131.1852	西日本旅客鉄道・美祢線
008436	湯田温泉	34.159865	131.460615	西日本旅客鉄道・山口線
008437	阿波大谷	34.158015	134.540225	四国旅客鉄道・鳴門線
008438	川西	34.156595	132.17731	西日本旅客鉄道・岩徳線
008439	川西	34.156595	132.17731	錦川鉄道・錦川清流線
008440	塩入	34.156095	133.84994	四国旅客鉄道・土讃線
008441	板東	34.155295	134.506825	四国旅客鉄道・高徳線
008442	海南	34.154555	135.21445	西日本旅客鉄道・紀勢線
008443	池谷	34.152935	134.5292	四国旅客鉄道・鳴門線
008444	池谷	34.152925	134.528685	四国旅客鉄道・高徳線
008445	矢原	34.150665	131.44626	西日本旅客鉄道・山口線
008446	阿波川端	34.148885	134.48375	四国旅客鉄道・高徳線
008447	大歳	34.14697	131.43265	西日本旅客鉄道・山口線
008448	本山	34.14676	133.6865	四国旅客鉄道・予讃線
008449	川棚温泉	34.145875	130.92176	西日本旅客鉄道・山陰線
008450	柱野	34.14385	132.15457	西日本旅客鉄道・岩徳線
008451	船津	34.142173	136.228717	東海旅客鉄道・紀勢線
008452	冷水浦	34.141975	135.193495	西日本旅客鉄道・紀勢線
008453	板野	34.14195	134.465215	四国旅客鉄道・高徳線
008454	四郎ヶ原	34.13768	131.16114	西日本旅客鉄道・美祢線
008455	南岩国	34.13518	132.206035	西日本旅客鉄道・山陽線
008456	黒川	34.133085	133.82009	四国旅客鉄道・土讃線
008457	仁保津	34.12899	131.415615	西日本旅客鉄道・山口線
008458	勝瑞	34.128075	134.52826	四国旅客鉄道・高徳線
008459	黒井村	34.12804	130.912	西日本旅客鉄道・山陰線
008460	加茂郷	34.12594	135.160455	西日本旅客鉄道・紀勢線
008461	観音寺	34.12444	133.65624	四国旅客鉄道・予讃線
008462	吉成	34.11853	134.530805	四国旅客鉄道・高徳線
008463	讃岐財田	34.11741	133.81468	四国旅客鉄道・土讃線
008464	上郷	34.116017	131.4019	西日本旅客鉄道・山口線
008465	厚保	34.1142	131.15463	西日本旅客鉄道・美祢線
008466	藤生	34.11263	132.19854	西日本旅客鉄道・山陽線
008467	相賀	34.11193	136.227127	東海旅客鉄道・紀勢線
008468	下津	34.108885	135.14573	西日本旅客鉄道・紀勢線
008469	欽明路	34.10437	132.10184	西日本旅客鉄道・岩徳線
008470	梅ヶ峠	34.10144	130.900167	西日本旅客鉄道・山陰線
008471	周防下郷	34.10114	131.40179	西日本旅客鉄道・山口線
008472	初島	34.100057	135.115635	西日本旅客鉄道・紀勢線
008473	波止浜	34.09804	132.968905	四国旅客鉄道・予讃線
008474	玖珂	34.09713	132.08187	西日本旅客鉄道・岩徳線
008475	波方	34.095255	132.942595	四国旅客鉄道・予讃線
008476	新山口	34.093978	131.396206	西日本旅客鉄道・宇部線
008477	新山口	34.093978	131.396206	西日本旅客鉄道・山口線
008478	新山口	34.093978	131.396206	西日本旅客鉄道・山陽線
008479	新山口	34.0933	131.397235	西日本旅客鉄道・山陽新幹線
008480	周防高森	34.090645	132.04558	西日本旅客鉄道・岩徳線
008481	箕島	34.08609	135.124045	西日本旅客鉄道・紀勢線
008482	湯ノ峠	34.085205	131.17255	西日本旅客鉄道・美祢線
008483	佐古	34.080688	134.538473	四国旅客鉄道・高徳線
008484	佐古	34.080688	134.538473	四国旅客鉄道・徳島線
008485	豊浜	34.08039	133.644535	四国旅客鉄道・予讃線
008486	四辻	34.080045	131.44784	西日本旅客鉄道・山陽線
008487	蔵本	34.07941	134.518255	四国旅客鉄道・徳島線
008488	紀伊宮原	34.07795	135.169985	西日本旅客鉄道・紀勢線
008489	鮎喰	34.077455	134.50624	四国旅客鉄道・徳島線
008490	牛島	34.076655	134.397285	四国旅客鉄道・徳島線
008491	麻植塚	34.075105	134.37638	四国旅客鉄道・徳島線
008492	米川	34.074565	132.014945	西日本旅客鉄道・岩徳線
008493	徳島	34.07451	134.5515	四国旅客鉄道・高徳線
008494	徳島	34.07451	134.5515	四国旅客鉄道・牟岐線
008495	尾鷲	34.07433	136.190155	東海旅客鉄道・紀勢線
008496	府中	34.074285	134.48298	四国旅客鉄道・徳島線
008497	上嘉川	34.073835	131.379045	西日本旅客鉄道・宇部線
008498	鴨島	34.073723	134.356077	四国旅客鉄道・徳島線
008499	戸田	34.07259	131.704615	西日本旅客鉄道・山陽線
008500	西麻植	34.072555	134.336505	四国旅客鉄道・徳島線
008501	福川	34.07208	131.73852	西日本旅客鉄道・山陽線
008502	石井	34.070385	134.444335	四国旅客鉄道・徳島線
008503	吉見	34.070063	130.903637	西日本旅客鉄道・山陰線
008504	新南陽	34.069485	131.76978	西日本旅客鉄道・山陽線
008505	通津	34.0681	132.204945	西日本旅客鉄道・山陽線
008506	小月	34.067815	131.032865	西日本旅客鉄道・山陽線
008507	下浦	34.067625	134.4212	四国旅客鉄道・徳島線
008508	嘉川	34.0665	131.37054	西日本旅客鉄道・山陽線
008509	大西	34.066015	132.929115	四国旅客鉄道・予讃線
008510	阿波富田	34.06412	134.55571	四国旅客鉄道・牟岐線
008511	今治	34.064105	132.993845	四国旅客鉄道・予讃線
008512	大曽根浦	34.061903	136.223013	東海旅客鉄道・紀勢線
008513	阿波川島	34.061885	134.321055	四国旅客鉄道・徳島線
008514	川田	34.061245	134.2046	四国旅客鉄道・徳島線
008515	山瀬	34.06018	134.25626	四国旅客鉄道・徳島線
008516	学	34.057685	134.286775	四国旅客鉄道・徳島線
008517	藤並	34.057675	135.19715	西日本旅客鉄道・紀勢線
008518	穴吹	34.055782	134.163962	四国旅客鉄道・徳島線
008519	高水	34.055435	131.973	西日本旅客鉄道・岩徳線
008520	阿波山川	34.05522	134.234553	四国旅客鉄道・徳島線
008521	二軒屋	34.05505	134.54689	四国旅客鉄道・牟岐線
008522	坪尻	34.053865	133.82388	四国旅客鉄道・土讃線
008523	伊予亀岡	34.053845	132.874155	四国旅客鉄道・予讃線
008524	厚狭	34.05371	131.160245	西日本旅客鉄道・山陽線
008525	厚狭	34.05371	131.160245	西日本旅客鉄道・美祢線
008526	大道	34.053245	131.488445	西日本旅客鉄道・山陽線
008527	防府	34.053215	131.569015	西日本旅客鉄道・山陽線
008528	厚狭	34.053007	131.160407	西日本旅客鉄道・山陽新幹線
008529	徳山	34.05131	131.80252	西日本旅客鉄道・山陽線
008530	徳山	34.051098	131.802128	西日本旅客鉄道・山陽新幹線
008531	小島	34.050265	134.10715	四国旅客鉄道・徳島線
008532	埴生	34.04932	131.08647	西日本旅客鉄道・山陽線
008533	富海	34.048527	131.639027	西日本旅客鉄道・山陽線
008534	箕浦	34.048025	133.61951	四国旅客鉄道・予讃線
008535	福江	34.04727	130.915755	西日本旅客鉄道・山陰線
008536	深溝	34.046945	131.371425	西日本旅客鉄道・宇部線
008537	文化の森	34.044375	134.543325	四国旅客鉄道・牟岐線
008538	由宇	34.043355	132.21364	西日本旅客鉄道・山陽線
008539	勝間	34.041985	131.954242	西日本旅客鉄道・岩徳線
008540	阿波半田	34.04099	134.036247	四国旅客鉄道・徳島線
008541	箸蔵	34.04031	133.84876	四国旅客鉄道・土讃線
008542	貞光	34.03931	134.059315	四国旅客鉄道・徳島線
008543	厚東	34.03868	131.267755	西日本旅客鉄道・山陽線
008544	江口	34.037145	133.973685	四国旅客鉄道・徳島線
008545	阿波加茂	34.036745	133.92707	四国旅客鉄道・徳島線
008546	伊予富田	34.036325	133.009095	四国旅客鉄道・予讃線
008547	周防花岡	34.035785	131.867545	西日本旅客鉄道・岩徳線
008548	三加茂	34.03581	133.94918	四国旅客鉄道・徳島線
008549	生野屋	34.03548	131.887365	西日本旅客鉄道・岩徳線
008550	周防佐山	34.03481	131.36364	西日本旅客鉄道・宇部線
008551	菊間	34.03338	132.84108	四国旅客鉄道・予讃線
008552	佃	34.032445	133.857665	四国旅客鉄道・土讃線
008553	佃	34.032445	133.857665	四国旅客鉄道・徳島線
008554	湯浅	34.032185	135.18018	西日本旅客鉄道・紀勢線
008555	本由良	34.031805	131.343815	西日本旅客鉄道・山陽線
008556	大河内	34.031085	131.934315	西日本旅客鉄道・岩徳線
008557	櫛ヶ浜	34.03091	131.82914	西日本旅客鉄道・岩徳線
008558	櫛ヶ浜	34.03091	131.82914	西日本旅客鉄道・山陽線
008559	辻	34.02917	133.87386	四国旅客鉄道・徳島線
008560	周防久保	34.029113	131.91903	西日本旅客鉄道・岩徳線
008561	阿波池田	34.02685	133.80472	四国旅客鉄道・土讃線
008562	地蔵橋	34.026475	134.547265	四国旅客鉄道・牟岐線
008563	安岡	34.024892	130.916725	西日本旅客鉄道・山陰線
008564	岩倉	34.023355	131.36008	西日本旅客鉄道・宇部線
008565	長府	34.019245	130.99933	西日本旅客鉄道・山陽線
008566	九鬼	34.01603	136.242665	東海旅客鉄道・紀勢線
008567	川之江	34.014755	133.576135	四国旅客鉄道・予讃線
008568	梶栗郷台地	34.01389	130.923663	西日本旅客鉄道・山陰線
008569	広川ビーチ	34.012815	135.163735	西日本旅客鉄道・紀勢線
008570	伊予桜井	34.01204	133.035545	四国旅客鉄道・予讃線
008571	阿知須	34.010703	131.356773	西日本旅客鉄道・宇部線
008572	中田	34.0103	134.56949	四国旅客鉄道・牟岐線
008573	浅海	34.00997	132.803035	四国旅客鉄道・予讃線
008574	下松	34.00894	131.867955	西日本旅客鉄道・山陽線
008575	小野田	34.00786	131.185665	西日本旅客鉄道・山陽線
008576	小野田	34.00786	131.185665	西日本旅客鉄道・小野田線
008577	新下関	34.007405	130.949175	西日本旅客鉄道・山陽新幹線
008578	三縄	34.00683	133.787445	四国旅客鉄道・土讃線
008579	南小松島	34.00566	134.587005	四国旅客鉄道・牟岐線
008580	新下関	34.00561	130.948135	西日本旅客鉄道・山陽線
008581	綾羅木	34.00368	130.926777	西日本旅客鉄道・山陰線
008582	宇部	34.003258	131.222198	西日本旅客鉄道・宇部線
008583	宇部	34.003258	131.222198	西日本旅客鉄道・山陽線
008584	三木里	34.001475	136.20255	東海旅客鉄道・紀勢線
008585	大浦	34.000035	132.775625	四国旅客鉄道・予讃線
008586	神代	33.998775	132.20925	西日本旅客鉄道・山陽線
008587	目出	33.996677	131.183335	西日本旅客鉄道・小野田線
008588	島田	33.990443	131.960854	西日本旅客鉄道・山陽線
008589	岐波	33.98974	131.347815	西日本旅客鉄道・宇部線
008590	南中川	33.986882	131.17881	西日本旅客鉄道・小野田線
008591	岩田	33.98193	131.994905	西日本旅客鉄道・山陽線
008592	幡生	33.981477	130.927373	西日本旅客鉄道・山陰線
008593	幡生	33.981477	130.927373	西日本旅客鉄道・山陽線
008594	阿波赤石	33.981705	134.605865	四国旅客鉄道・牟岐線
008595	伊予三島	33.979565	133.54249	四国旅客鉄道・予讃線
008596	岩鼻	33.979043	131.224973	西日本旅客鉄道・宇部線
008597	南小野田	33.977385	131.17498	西日本旅客鉄道・小野田線
008598	光	33.97394	131.91461	西日本旅客鉄道・山陽線
008599	伊予北条	33.972905	132.775335	四国旅客鉄道・予讃線
008600	祖谷口	33.972725	133.78042	四国旅客鉄道・土讃線
008601	賀田	33.97165	136.18974	東海旅客鉄道・紀勢線
008602	小野田港	33.97159	131.174925	西日本旅客鉄道・小野田線
008603	多喜浜	33.97053	133.325215	四国旅客鉄道・予讃線
008604	妻崎	33.970415	131.20277	西日本旅客鉄道・小野田線
008605	立江	33.970245	134.608855	四国旅客鉄道・牟岐線
008606	丸尾	33.96989	131.33677	西日本旅客鉄道・宇部線
008607	紀伊由良	33.96897	135.128257	西日本旅客鉄道・紀勢線
008608	伊予寒川	33.96794	133.500195	四国旅客鉄道・予讃線
008609	赤星	33.966805	133.456505	四国旅客鉄道・予讃線
008610	居能	33.96664	131.22805	西日本旅客鉄道・宇部線
008611	居能	33.96664	131.22805	西日本旅客鉄道・小野田線
008612	長門長沢	33.96653	131.196708	西日本旅客鉄道・小野田線
008613	柳井	33.965725	132.10616	西日本旅客鉄道・山陽線
008614	阿波川口	33.963745	133.754655	四国旅客鉄道・土讃線
008615	大畠	33.963015	132.18106	西日本旅客鉄道・山陽線
008616	雀田	33.96067	131.186847	西日本旅客鉄道・小野田線
008617	関門海峡めかり	33.960593	130.968126	平成筑豊鉄道・門司港レトロ観光線
008618	伊予土居	33.959005	133.4276	四国旅客鉄道・予讃線
008619	田布施	33.95876	132.04391	西日本旅客鉄道・山陽線
008620	宇部新川	33.958605	131.24233	西日本旅客鉄道・宇部線
008621	柳井港	33.95828	132.13446	西日本旅客鉄道・山陽線
008622	羽ノ浦	33.95734	134.62616	四国旅客鉄道・牟岐線
008623	ノーフォーク広場	33.955883	130.964284	平成筑豊鉄道・門司港レトロ観光線
008624	関川	33.95577	133.392865	四国旅客鉄道・予讃線
008625	伊予三芳	33.95434	133.06433	四国旅客鉄道・予讃線
008626	柳原	33.953525	132.77348	四国旅客鉄道・予讃線
008627	琴芝	33.952635	131.252385	西日本旅客鉄道・宇部線
008628	床波	33.95256	131.305425	西日本旅客鉄道・宇部線
008629	浜河内	33.95053	131.17959	西日本旅客鉄道・小野田線
008630	下関	33.94915	130.921607	九州旅客鉄道・山陽線
008631	下関	33.94915	130.921607	西日本旅客鉄道・山陽線
008632	東新川	33.94842	131.257065	西日本旅客鉄道・宇部線
008633	西原	33.94831	134.644875	四国旅客鉄道・牟岐線
008634	新居浜	33.948045	133.29476	四国旅客鉄道・予讃線
008635	出光美術館	33.94772	130.965274	平成筑豊鉄道・門司港レトロ観光線
008636	九州鉄道記念館	33.944457	130.962652	平成筑豊鉄道・門司港レトロ観光線
008637	門司港	33.944055	130.960505	九州旅客鉄道・鹿児島線
008638	長門本山	33.94299	131.173285	西日本旅客鉄道・小野田線
008639	粟井	33.942935	132.770595	四国旅客鉄道・予讃線
008640	阿波中島	33.94127	134.664635	四国旅客鉄道・牟岐線
008641	常盤	33.94088	131.2926	西日本旅客鉄道・宇部線
008642	二木島	33.939405	136.18083	東海旅客鉄道・紀勢線
008643	草江	33.93652	131.274215	西日本旅客鉄道・宇部線
008644	宇部岬	33.93495	131.262095	西日本旅客鉄道・宇部線
008645	壬生川	33.92965	133.08558	四国旅客鉄道・予讃線
008646	新鹿	33.927933	136.14419	東海旅客鉄道・紀勢線
008647	光洋台	33.926845	132.760955	四国旅客鉄道・予讃線
008648	中萩	33.92624	133.25324	四国旅客鉄道・予讃線
008649	紀伊内原	33.925835	135.145235	西日本旅客鉄道・紀勢線
008650	小歩危	33.923355	133.75874	四国旅客鉄道・土讃線
008651	阿南	33.919165	134.66227	四国旅客鉄道・牟岐線
008652	小森江	33.916515	130.938875	九州旅客鉄道・鹿児島線
008653	玉之江	33.912735	133.09898	四国旅客鉄道・予讃線
008654	伊予西条	33.912565	133.188255	四国旅客鉄道・予讃線
008655	道成寺	33.911145	135.175815	西日本旅客鉄道・紀勢線
008656	波田須	33.910115	136.1381	東海旅客鉄道・紀勢線
008657	御坊	33.907735	135.15873	西日本旅客鉄道・紀勢線
008658	御坊	33.90762	135.15877	紀州鉄道・紀州鉄道線
008659	堀江	33.905465	132.753545	四国旅客鉄道・予讃線
008660	門司	33.904347	130.932407	九州旅客鉄道・山陽線
008661	門司	33.904257	130.932767	九州旅客鉄道・鹿児島線
008662	見能林	33.903035	134.66704	四国旅客鉄道・牟岐線
008663	大泊	33.90224	136.11807	東海旅客鉄道・紀勢線
008664	九州工大前	33.90046	130.84016	九州旅客鉄道・鹿児島線
008665	若松	33.900325	130.80519	九州旅客鉄道・筑豊線
008666	伊予小松	33.8976	133.116515	四国旅客鉄道・予讃線
008667	戸畑	33.897415	130.820915	九州旅客鉄道・鹿児島線
008668	和佐	33.89712	135.206925	西日本旅客鉄道・紀勢線
008669	伊予氷見	33.896745	133.13108	四国旅客鉄道・予讃線
008670	学門	33.896245	135.15666	紀州鉄道・紀州鉄道線
008671	石鎚山	33.8959	133.15761	四国旅客鉄道・予讃線
008672	紀伊御坊	33.894345	135.154765	紀州鉄道・紀州鉄道線
008673	藤ノ木	33.893195	130.781875	九州旅客鉄道・筑豊線
008674	熊野市	33.889645	136.098775	東海旅客鉄道・紀勢線
008675	伊予和気	33.88961	132.740545	四国旅客鉄道・予讃線
008676	市役所前	33.889605	135.15298	紀州鉄道・紀州鉄道線
008677	二島	33.889436	130.748796	九州旅客鉄道・筑豊線
008678	奥洞海	33.888915	130.76408	九州旅客鉄道・筑豊線
008679	西小倉	33.88872	130.87406	九州旅客鉄道・鹿児島線
008680	西小倉	33.888493	130.874187	九州旅客鉄道・日豊線
008681	阿波橘	33.8885	134.65138	四国旅客鉄道・牟岐線
008682	小倉	33.88712	130.883455	西日本旅客鉄道・山陽新幹線
008683	小倉	33.886923	130.883253	九州旅客鉄道・鹿児島線
008684	小倉	33.886615	130.882733	九州旅客鉄道・日豊線
008685	小倉	33.88654	130.882065	北九州高速鉄道・小倉線
008686	西御坊	33.886345	135.152945	紀州鉄道・紀州鉄道線
008687	高浜	33.883445	132.70219	伊予鉄道・高浜線
008688	平和通	33.88294	130.88119	北九州高速鉄道・小倉線
008689	旦過	33.88062	130.88019	北九州高速鉄道・小倉線
008690	枝光	33.879185	130.81286	九州旅客鉄道・鹿児島線
008691	大歩危	33.876525	133.767255	四国旅客鉄道・土讃線
008692	有井	33.876185	136.085595	東海旅客鉄道・紀勢線
008693	本城	33.875047	130.722993	九州旅客鉄道・筑豊線
008694	桑野	33.87469	134.613345	四国旅客鉄道・牟岐線
008695	梅津寺	33.87462	132.70763	伊予鉄道・高浜線
008696	香春口三萩野	33.873185	130.88059	北九州高速鉄道・小倉線
008697	スペースワールド	33.871257	130.806187	九州旅客鉄道・鹿児島線
008698	南小倉	33.870102	130.864802	九州旅客鉄道・日豊線
008699	港山	33.869575	132.7134	伊予鉄道・高浜線
008700	八幡	33.869267	130.795147	九州旅客鉄道・鹿児島線
008701	陣原	33.868185	130.74349	九州旅客鉄道・鹿児島線
008702	黒崎	33.866915	130.76656	九州旅客鉄道・鹿児島線
008703	黒崎駅前	33.86638	130.765205	筑豊電気鉄道・筑豊電気鉄道線
008704	西黒崎	33.86633	130.76168	筑豊電気鉄道・筑豊電気鉄道線
008705	熊西	33.86613	130.758005	筑豊電気鉄道・筑豊電気鉄道線
008706	片野	33.865475	130.88009	北九州高速鉄道・小倉線
008707	折尾	33.863863	130.71467	九州旅客鉄道・鹿児島線
008708	折尾	33.863865	130.71232	九州旅客鉄道・筑豊線
008709	三津	33.863775	132.719955	伊予鉄道・高浜線
008710	三津浜	33.86171	132.72879	四国旅客鉄道・予讃線
008711	萩原	33.86114	130.74917	筑豊電気鉄道・筑豊電気鉄道線
008712	城野	33.85845	130.879625	北九州高速鉄道・小倉線
008713	城野	33.858045	130.88637	九州旅客鉄道・日田彦山線
008714	城野	33.858045	130.88637	九州旅客鉄道・日豊線
008715	穴生	33.85737	130.744925	筑豊電気鉄道・筑豊電気鉄道線
008716	山麓	33.85651	130.79647	皿倉登山鉄道・帆柱ケーブル線
008717	山西	33.85563	132.724165	伊予鉄道・高浜線
008718	森下	33.853925	130.741055	筑豊電気鉄道・筑豊電気鉄道線
008719	本町六丁目	33.85346	132.75823	伊予鉄道・城北線
008720	木屋町	33.853425	132.76098	伊予鉄道・城北線
008721	本町六丁目	33.85313	132.75884	伊予鉄道・本町線
008722	稲原	33.85275	135.22969	西日本旅客鉄道・紀勢線
008723	水巻	33.852585	130.696285	九州旅客鉄道・鹿児島線
008724	衣山	33.85245	132.743985	伊予鉄道・高浜線
008725	萱町六丁目	33.85178	132.75622	伊予鉄道・城北線
008726	高砂町	33.85175	132.762395	伊予鉄道・城北線
008727	本町五丁目	33.850805	132.75875	伊予鉄道・本町線
008728	西衣山	33.85038	132.73401	伊予鉄道・高浜線
008729	道後温泉	33.850355	132.785045	伊予鉄道・城南線
008730	清水町	33.84924	132.76426	伊予鉄道・城北線
008731	北方	33.849085	130.87807	北九州高速鉄道・小倉線
008732	道後公園	33.848335	132.78495	伊予鉄道・城南線
008733	鉄砲町	33.848285	132.768915	伊予鉄道・城北線
008734	赤十字病院前	33.848115	132.77238	伊予鉄道・城北線
008735	本町四丁目	33.848055	132.75873	伊予鉄道・本町線
008736	平和通一丁目	33.847715	132.77445	伊予鉄道・城北線
008737	平和通一丁目	33.847715	132.77445	伊予鉄道・連絡線
008738	南町	33.84739	132.77952	伊予鉄道・城南線
008739	古町	33.84697	132.755005	伊予鉄道・高浜線
008740	古町	33.84697	132.755005	伊予鉄道・城北線
008741	古町	33.84697	132.755005	伊予鉄道・大手町線
008742	上一万	33.84681	132.775435	伊予鉄道・城南線
008743	上一万	33.84681	132.775435	伊予鉄道・連絡線
008744	新野	33.8468	134.60033	四国旅客鉄道・牟岐線
008745	遠賀川	33.84675	130.67363	九州旅客鉄道・鹿児島線
008746	山上	33.84674	130.795185	皿倉登山鉄道・帆柱ケーブル線
008747	今池	33.845545	130.739755	筑豊電気鉄道・筑豊電気鉄道線
008748	本町三丁目	33.845125	132.758695	伊予鉄道・本町線
008749	警察署前	33.84462	132.775365	伊予鉄道・城南線
008750	安部山公園	33.844005	130.904435	九州旅客鉄道・日豊線
008751	宮田町	33.84392	132.75261	伊予鉄道・大手町線
008752	競馬場前	33.84287	130.87661	北九州高速鉄道・小倉線
008753	勝山町	33.84175	132.77482	伊予鉄道・城南線
008754	大街道	33.84125	132.769665	伊予鉄道・城南線
008755	県庁前	33.84117	132.766345	伊予鉄道・城南線
008756	本町一丁目	33.840755	132.75865	伊予鉄道・城南線
008757	本町一丁目	33.840755	132.75865	伊予鉄道・本町線
008758	JR松山駅前	33.840725	132.75234	伊予鉄道・大手町線
008759	東水巻	33.84016	130.70817	九州旅客鉄道・筑豊線
008760	大手町駅前	33.840315	132.75547	伊予鉄道・大手町線
008761	西堀端	33.8403	132.758085	伊予鉄道・城南線
008762	西堀端	33.8403	132.758085	伊予鉄道・大手町線
008763	海老津	33.840072	130.623532	九州旅客鉄道・鹿児島線
008764	市役所前	33.83995	132.764625	伊予鉄道・城南線
008765	松山	33.83988	132.750985	四国旅客鉄道・予讃線
008766	神志山	33.83977	136.06235	東海旅客鉄道・紀勢線
008767	大手町	33.839745	132.75523	伊予鉄道・高浜線
008768	南堀端	33.83944	132.761255	伊予鉄道・花園線
008769	南堀端	33.83944	132.761255	伊予鉄道・城南線
008770	永犬丸	33.838865	130.73814	筑豊電気鉄道・筑豊電気鉄道線
008771	守恒	33.83659	130.873	北九州高速鉄道・小倉線
008772	松山市駅	33.836028	132.76234	伊予鉄道・花園線
008773	松山市	33.83563	132.76185	伊予鉄道・横河原線
008774	松山市	33.83563	132.76185	伊予鉄道・郡中線
008775	松山市	33.83563	132.76185	伊予鉄道・高浜線
008776	三ヶ森	33.834875	130.736095	筑豊電気鉄道・筑豊電気鉄道線
008777	土橋	33.83233	132.75597	伊予鉄道・郡中線
008778	石田	33.832185	130.889145	九州旅客鉄道・日田彦山線
008779	下曽根	33.832143	130.934925	九州旅客鉄道・日豊線
008780	石手川公園	33.831315	132.76933	伊予鉄道・横河原線
008781	徳力公団前	33.830385	130.86759	北九州高速鉄道・小倉線
008782	西山	33.830055	130.73242	筑豊電気鉄道・筑豊電気鉄道線
008783	紀伊市木	33.82801	136.05543	東海旅客鉄道・紀勢線
008784	いよ立花	33.827825	132.772955	伊予鉄道・横河原線
008785	中間	33.82776	130.709355	九州旅客鉄道・筑豊線
008786	徳力嵐山口	33.8247	130.863765	北九州高速鉄道・小倉線
008787	土居田	33.8241	132.7441	伊予鉄道・郡中線
008788	阿波福井	33.82406	134.605285	四国旅客鉄道・牟岐線
008789	通谷	33.82303	130.72701	筑豊電気鉄道・筑豊電気鉄道線
008790	土佐岩原	33.82265	133.78819	四国旅客鉄道・土讃線
008791	福音寺	33.822535	132.7889	伊予鉄道・横河原線
008792	志井	33.822515	130.871405	北九州高速鉄道・小倉線
008793	東中間	33.820485	130.72187	筑豊電気鉄道・筑豊電気鉄道線
008794	企救丘	33.819705	130.877605	北九州高速鉄道・小倉線
008795	北久米	33.81927	132.798685	伊予鉄道・横河原線
008796	印南	33.8186	135.219855	西日本旅客鉄道・紀勢線
008797	筑前垣生	33.818445	130.702375	九州旅客鉄道・筑豊線
008798	志井公園	33.81827	130.879725	九州旅客鉄道・日田彦山線
008799	筑豊中間	33.81691	130.71684	筑豊電気鉄道・筑豊電気鉄道線
008800	余戸	33.816255	132.733905	伊予鉄道・郡中線
008801	久米	33.81623	132.804005	伊予鉄道・横河原線
008802	鷹ノ子	33.812525	132.815345	伊予鉄道・横河原線
008803	鎌田	33.81012	132.7299	伊予鉄道・郡中線
008804	市坪	33.80915	132.74927	四国旅客鉄道・予讃線
008805	平井	33.80871	132.82868	伊予鉄道・横河原線
008806	希望が丘高校前	33.808505	130.71152	筑豊電気鉄道・筑豊電気鉄道線
008807	赤間	33.80823	130.56959	九州旅客鉄道・鹿児島線
008808	教育大前	33.808175	130.59031	九州旅客鉄道・鹿児島線
008809	朽網	33.80768	130.954795	九州旅客鉄道・日豊線
008810	阿田和	33.80474	136.04241	東海旅客鉄道・紀勢線
008811	志井	33.803875	130.874805	九州旅客鉄道・日田彦山線
008812	横河原	33.80342	132.88422	伊予鉄道・横河原線
008813	梅本	33.80122	132.83903	伊予鉄道・横河原線
008814	筑豊香月	33.799525	130.719035	筑豊電気鉄道・筑豊電気鉄道線
008815	岡田	33.799165	132.72436	伊予鉄道・郡中線
008816	愛大医学部南口	33.798095	132.87895	伊予鉄道・横河原線
008817	鞍手	33.79804	130.699415	九州旅客鉄道・筑豊線
008818	牛渕団地前	33.79771	132.846255	伊予鉄道・横河原線
008819	豊永	33.79688	133.75973	四国旅客鉄道・土讃線
008820	切目	33.796785	135.241045	西日本旅客鉄道・紀勢線
008821	牛渕	33.795205	132.856175	伊予鉄道・横河原線
008822	東郷	33.79449	130.52884	九州旅客鉄道・鹿児島線
008823	見奈良	33.793047	132.873677	伊予鉄道・横河原線
008824	田窪	33.79275	132.865735	伊予鉄道・横河原線
008825	古泉	33.792485	132.717115	伊予鉄道・郡中線
008826	楠橋	33.789365	130.724515	筑豊電気鉄道・筑豊電気鉄道線
008827	北伊予	33.787335	132.748795	四国旅客鉄道・予讃線
008828	松前	33.78591	132.705	伊予鉄道・郡中線
008829	大田口	33.785535	133.72658	四国旅客鉄道・土讃線
008830	苅田	33.78513	130.978723	九州旅客鉄道・日豊線
008831	石原町	33.784665	130.866005	九州旅客鉄道・日田彦山線
008832	新木屋瀬	33.783655	130.724515	筑豊電気鉄道・筑豊電気鉄道線
008833	岩代	33.7804	135.279583	西日本旅客鉄道・紀勢線
008834	地蔵町	33.780005	132.704335	伊予鉄道・郡中線
008835	土佐穴内	33.77926	133.69609	四国旅客鉄道・土讃線
008836	木屋瀬	33.778465	130.724955	筑豊電気鉄道・筑豊電気鉄道線
008837	南伊予	33.777579	132.73843	四国旅客鉄道・予讃線
008838	筑前植木	33.77708	130.70804	九州旅客鉄道・筑豊線
008839	由岐	33.775995	134.591875	四国旅客鉄道・牟岐線
008840	東福間	33.773855	130.510705	九州旅客鉄道・鹿児島線
008841	伊予横田	33.772855	132.727105	四国旅客鉄道・予讃線
008842	田井ノ浜	33.77281	134.58417	四国旅客鉄道・牟岐線
008843	新川	33.77216	132.7044	伊予鉄道・郡中線
008844	遠賀野	33.768645	130.730935	筑豊電気鉄道・筑豊電気鉄道線
008845	南部	33.767545	135.32437	西日本旅客鉄道・紀勢線
008846	木岐	33.7666	134.569505	四国旅客鉄道・牟岐線
008847	福間	33.763755	130.48721	九州旅客鉄道・鹿児島線
008848	鳥ノ木	33.76373	132.711385	四国旅客鉄道・予讃線
008849	新入	33.763385	130.7142	九州旅客鉄道・筑豊線
008850	大杉	33.76095	133.664415	四国旅客鉄道・土讃線
008851	郡中	33.760705	132.704145	伊予鉄道・郡中線
008852	紀伊井田	33.75996	136.023955	東海旅客鉄道・紀勢線
008853	感田	33.758865	130.73315	筑豊電気鉄道・筑豊電気鉄道線
008854	郡中港	33.75632	132.702145	伊予鉄道・郡中線
008855	伊予市	33.75556	132.702605	四国旅客鉄道・予讃線
008856	呼野	33.75505	130.86194	九州旅客鉄道・日田彦山線
008857	筑豊直方	33.75356	130.726405	筑豊電気鉄道・筑豊電気鉄道線
008858	小波瀬西工大前	33.752872	130.97182	九州旅客鉄道・日豊線
008859	千鳥	33.749055	130.47635	九州旅客鉄道・鹿児島線
008860	直方	33.74863	130.724495	九州旅客鉄道・筑豊線
008861	直方	33.747595	130.725115	平成筑豊鉄道・伊田線
008862	芳養	33.74724	135.355355	西日本旅客鉄道・紀勢線
008863	北河内	33.74322	134.53522	四国旅客鉄道・牟岐線
008864	南直方御殿口	33.73876	130.725005	平成筑豊鉄道・伊田線
008865	鵜殿	33.736725	136.015515	東海旅客鉄道・紀勢線
008866	向井原	33.735895	132.69569	四国旅客鉄道・予讃線
008867	紀伊田辺	33.733605	135.383735	西日本旅客鉄道・紀勢線
008868	古賀	33.73256	130.46689	九州旅客鉄道・鹿児島線
008869	日和佐	33.728855	134.530605	四国旅客鉄道・牟岐線
008870	行橋	33.72875	130.970255	九州旅客鉄道・日豊線
008871	行橋	33.72875	130.970255	平成筑豊鉄道・田川線
008872	勝野	33.72834	130.716	九州旅客鉄道・筑豊線
008873	あかぢ	33.72729	130.7246	平成筑豊鉄道・伊田線
008874	新宮	33.72433	135.994445	西日本旅客鉄道・紀勢線
008875	新宮	33.72433	135.994445	東海旅客鉄道・紀勢線
008876	藤棚	33.722008	130.735403	平成筑豊鉄道・伊田線
008877	紀伊新庄	33.720985	135.40236	西日本旅客鉄道・紀勢線
008878	中泉	33.72095	130.74289	平成筑豊鉄道・伊田線
008879	ししぶ	33.720925	130.457335	九州旅客鉄道・鹿児島線
008880	令和コスタ行橋	33.717599	130.973792	平成筑豊鉄道・田川線
008881	南行橋	33.71631	130.98121	九州旅客鉄道・日豊線
008882	伊予大平	33.71602	132.70841	四国旅客鉄道・予讃線
008883	山河内	33.71512	134.485295	四国旅客鉄道・牟岐線
008884	土佐北川	33.71477	133.68632	四国旅客鉄道・土讃線
008885	西鉄新宮	33.713965	130.43675	西日本鉄道・貝塚線
008886	新宮中央	33.712025	130.449443	九州旅客鉄道・鹿児島線
008887	美夜古泉	33.70912	130.96909	平成筑豊鉄道・田川線
008888	市場	33.708055	130.759335	平成筑豊鉄道・伊田線
008889	採銅所	33.70735	130.853135	九州旅客鉄道・日田彦山線
008890	今川河童	33.703045	130.965585	平成筑豊鉄道・田川線
008891	三苫	33.70268	130.422535	西日本鉄道・貝塚線
008892	高野川	33.701635	132.65877	四国旅客鉄道・予讃線
008893	ふれあい生力	33.69976	130.76594	平成筑豊鉄道・伊田線
008894	福工大前	33.698673	130.440737	九州旅客鉄道・鹿児島線
008895	小竹	33.697215	130.71032	九州旅客鉄道・筑豊線
008896	朝来	33.696755	135.417595	西日本旅客鉄道・紀勢線
008897	角茂谷	33.69573	133.69252	四国旅客鉄道・土讃線
008898	新田原	33.695125	131.008335	九州旅客鉄道・日豊線
008899	辺川	33.6947	134.434875	四国旅客鉄道・牟岐線
008900	赤池	33.692105	130.76865	平成筑豊鉄道・伊田線
008901	三輪崎	33.68953	135.984935	西日本旅客鉄道・紀勢線
008902	和白	33.688795	130.42973	九州旅客鉄道・香椎線
008903	和白	33.68845	130.429665	西日本鉄道・貝塚線
008904	豊津	33.687588	130.962946	平成筑豊鉄道・田川線
008905	人見	33.687425	130.770965	平成筑豊鉄道・伊田線
008906	奈多	33.686495	130.41223	九州旅客鉄道・香椎線
008907	雁ノ巣	33.683775	130.402795	九州旅客鉄道・香椎線
008908	伊予上灘	33.68361	132.63296	四国旅客鉄道・予讃線
008909	金田	33.682745	130.776595	平成筑豊鉄道・伊田線
008910	金田	33.682745	130.776595	平成筑豊鉄道・糸田線
008911	唐の原	33.680375	130.434475	西日本鉄道・貝塚線
008912	繁藤	33.680355	133.690215	四国旅客鉄道・土讃線
008913	紀伊佐野	33.67984	135.970475	西日本旅客鉄道・紀勢線
008914	新豊津	33.679645	130.963915	平成筑豊鉄道・田川線
008915	白浜	33.676201	135.387442	西日本旅客鉄道・紀勢線
008916	九産大前	33.67373	130.441155	九州旅客鉄道・鹿児島線
008917	築城	33.673085	131.037965	九州旅客鉄道・日豊線
008918	豊前大熊	33.67261	130.780355	平成筑豊鉄道・糸田線
008919	上金田	33.672425	130.789395	平成筑豊鉄道・伊田線
008920	牟岐	33.672145	134.418195	四国旅客鉄道・牟岐線
008921	香椎花園前	33.670013	130.43459	西日本鉄道・貝塚線
008922	鯰田	33.669325	130.70312	九州旅客鉄道・筑豊線
008923	松山	33.667815	130.780825	平成筑豊鉄道・糸田線
008924	香春	33.665935	130.8469	九州旅客鉄道・日田彦山線
008925	糒	33.664805	130.79917	平成筑豊鉄道・伊田線
008926	海ノ中道	33.66413	130.361465	九州旅客鉄道・香椎線
008927	宇久井	33.662735	135.97229	西日本旅客鉄道・紀勢線
008928	東犀川三四郎	33.661385	130.949005	平成筑豊鉄道・田川線
008929	田川市立病院	33.660572	130.80253	平成筑豊鉄道・伊田線
008930	西鉄香椎	33.66015	130.441405	西日本鉄道・貝塚線
008931	香椎	33.659735	130.44402	九州旅客鉄道・鹿児島線
008932	香椎	33.65952	130.444265	九州旅客鉄道・香椎線
008933	糸田	33.656625	130.78571	平成筑豊鉄道・糸田線
008934	一本松	33.65601	130.835505	九州旅客鉄道・日田彦山線
008935	浦田	33.65577	130.699305	九州旅客鉄道・筑豊線
008936	香椎宮前	33.655125	130.442615	西日本鉄道・貝塚線
008937	下灘	33.65509	132.58914	四国旅客鉄道・予讃線
008938	椎田	33.65344	131.05791	九州旅客鉄道・日豊線
008939	紀伊富田	33.652495	135.39346	西日本旅客鉄道・紀勢線
008940	下伊田	33.652095	130.806755	平成筑豊鉄道・伊田線
008941	勾金	33.65166	130.84203	平成筑豊鉄道・田川線
008942	柿下温泉口	33.65164	130.853985	平成筑豊鉄道・田川線
008943	西戸崎	33.650635	130.35807	九州旅客鉄道・香椎線
008944	犀川	33.650585	130.939305	平成筑豊鉄道・田川線
008945	香椎神宮	33.649655	130.452685	九州旅客鉄道・香椎線
008946	新改	33.649645	133.695805	四国旅客鉄道・土讃線
008947	西鉄千早	33.649505	130.440405	西日本鉄道・貝塚線
008948	千早	33.64941	130.44068	九州旅客鉄道・鹿児島線
008949	伊予中山	33.6492	132.711905	四国旅客鉄道・予讃線
008950	上伊田	33.64837	130.830923	平成筑豊鉄道・田川線
008951	大藪	33.647443	130.797347	平成筑豊鉄道・糸田線
008952	串	33.647055	132.56306	四国旅客鉄道・予讃線
008953	鯖瀬	33.64647	134.385355	四国旅客鉄道・牟岐線
008954	舞松原	33.64469	130.455595	九州旅客鉄道・香椎線
008955	新飯塚	33.644275	130.694315	九州旅客鉄道・後藤寺線
008956	新飯塚	33.644275	130.694315	九州旅客鉄道・筑豊線
008957	那智	33.643845	135.93649	西日本旅客鉄道・紀勢線
008958	名島	33.642515	130.431695	西日本鉄道・貝塚線
008959	田川伊田	33.642158	130.817862	九州旅客鉄道・日田彦山線
008960	田川伊田	33.642158	130.817862	平成筑豊鉄道・伊田線
008961	田川伊田	33.642158	130.817862	平成筑豊鉄道・田川線
008962	内田	33.63786	130.86421	平成筑豊鉄道・田川線
008963	喜多灘	33.637166	132.531516	四国旅客鉄道・予讃線
008964	紀伊天満	33.637073	135.934407	西日本旅客鉄道・紀勢線
008965	崎山	33.636215	130.917865	平成筑豊鉄道・田川線
008966	土井	33.635115	130.466135	九州旅客鉄道・香椎線
008967	貝塚	33.632114	130.425616	福岡市・2号線(箱崎線)
008968	貝塚	33.632114	130.425616	西日本鉄道・貝塚線
008969	田川後藤寺	33.63036	130.800215	九州旅客鉄道・後藤寺線
008970	田川後藤寺	33.63036	130.800215	九州旅客鉄道・日田彦山線
008971	田川後藤寺	33.63036	130.800215	平成筑豊鉄道・糸田線
008972	船尾	33.63021	130.767435	九州旅客鉄道・後藤寺線
008973	飯塚	33.62847	130.68956	九州旅客鉄道・筑豊線
008974	紀伊勝浦	33.62798	135.941405	西日本旅客鉄道・紀勢線
008975	浅川	33.626625	134.358635	四国旅客鉄道・牟岐線
008976	篠栗	33.623925	130.52405	九州旅客鉄道・篠栗線
008977	豊前松江	33.622445	131.095365	九州旅客鉄道・日豊線
008978	上三緒	33.62223	130.71387	九州旅客鉄道・後藤寺線
008979	筑前山手	33.622195	130.557215	九州旅客鉄道・篠栗線
008980	箱崎九大前	33.622015	130.421065	福岡市・2号線(箱崎線)
008981	宇島	33.621285	131.12648	九州旅客鉄道・日豊線
008982	伊賀	33.62105	130.473645	九州旅客鉄道・香椎線
008983	門松	33.620495	130.495945	九州旅客鉄道・篠栗線
008984	赤	33.618455	130.871665	平成筑豊鉄道・田川線
008985	箱崎	33.618025	130.42655	九州旅客鉄道・鹿児島線
008986	城戸南蔵院前	33.61796	130.57209	九州旅客鉄道・篠栗線
008987	筑前庄内	33.616345	130.73865	九州旅客鉄道・後藤寺線
008988	箱崎宮前	33.61608	130.419365	福岡市・2号線(箱崎線)
008989	源じいの森	33.615975	130.895475	平成筑豊鉄道・田川線
008990	伊予長浜	33.615015	132.48707	四国旅客鉄道・予讃線
008991	下鴨生	33.614735	130.728345	九州旅客鉄道・後藤寺線
008992	三毛門	33.614365	131.15715	九州旅客鉄道・日豊線
008993	長者原	33.61382	130.478263	九州旅客鉄道・篠栗線
008994	柚須	33.61333	130.44416	九州旅客鉄道・篠栗線
008995	池尻	33.613005	130.805805	九州旅客鉄道・日田彦山線
008996	油須原	33.612745	130.88431	平成筑豊鉄道・田川線
008997	長者原	33.61249	130.477815	九州旅客鉄道・香椎線
008998	原町	33.611855	130.471205	九州旅客鉄道・篠栗線
008999	椿	33.60997	135.403802	西日本旅客鉄道・紀勢線
009000	馬出九大病院前	33.60962	130.419645	福岡市・2号線(箱崎線)
009001	湯川	33.609588	135.925145	西日本旅客鉄道・紀勢線
009002	吉塚	33.6072	130.423705	九州旅客鉄道・鹿児島線
009003	吉塚	33.6072	130.423705	九州旅客鉄道・篠栗線
009004	土佐山田	33.607145	133.68471	四国旅客鉄道・土讃線
009005	阿波海南	33.606442	134.351036	阿佐海岸鉄道・阿佐東線
009006	阿波海南	33.60624	134.350825	四国旅客鉄道・牟岐線
009007	天道	33.605365	130.67786	九州旅客鉄道・筑豊線
009008	吉富	33.604915	131.17352	九州旅客鉄道・日豊線
009009	山田西町	33.604565	133.67733	四国旅客鉄道・土讃線
009010	酒殿	33.602615	130.486335	九州旅客鉄道・香椎線
009011	千代県庁口	33.60231	130.41416	福岡市・2号線(箱崎線)
009012	伊予立川	33.600745	132.677305	四国旅客鉄道・予讃線
009013	中津	33.599195	131.190925	九州旅客鉄道・日豊線
009014	呉服町	33.597835	130.40957	福岡市・2号線(箱崎線)
009015	福岡空港	33.597375	130.447975	福岡市・1号線(空港線)
009016	須恵	33.59683	130.49807	九州旅客鉄道・香椎線
009017	豊前川崎	33.596745	130.822115	九州旅客鉄道・日田彦山線
009018	伊予出石	33.59636	132.49885	四国旅客鉄道・予讃線
009019	中洲川端	33.59461	130.406345	福岡市・1号線(空港線)
009020	中洲川端	33.59461	130.406345	福岡市・2号線(箱崎線)
009021	祇園	33.59407	130.414385	福岡市・1号線(空港線)
009022	海部	33.59342	134.351985	阿佐海岸鉄道・阿佐東線
009023	九郎原	33.59242	130.612425	九州旅客鉄道・篠栗線
009024	土佐長岡	33.591735	133.662285	四国旅客鉄道・土讃線
009025	太地	33.59128	135.92748	西日本旅客鉄道・紀勢線
009026	天神	33.59126	130.39863	福岡市・1号線(空港線)
009027	筑前大分	33.59015	130.62984	九州旅客鉄道・篠栗線
009028	唐人町	33.590087	130.369943	福岡市・1号線(空港線)
009029	博多	33.590075	130.420745	福岡市・1号線(空港線)
009030	博多	33.589995	130.42056	九州旅客鉄道・鹿児島線
009031	大濠公園	33.589955	130.379615	福岡市・1号線(空港線)
009032	東比恵	33.589765	130.43125	福岡市・1号線(空港線)
009033	博多	33.589575	130.421175	九州旅客鉄道・九州新幹線
009034	博多	33.589575	130.421175	西日本旅客鉄道・山陽新幹線
009035	博多	33.589575	130.421175	西日本旅客鉄道・博多南線
009036	西鉄福岡（天神）	33.589517	130.39938	西日本鉄道・天神大牟田線
009037	赤坂	33.589025	130.390515	福岡市・1号線(空港線)
009038	天神南	33.588275	130.402112	福岡市・3号線(七隈線)
009039	東中津	33.587715	131.238975	九州旅客鉄道・日豊線
009040	須恵中央	33.587522	130.505045	九州旅客鉄道・香椎線
009041	紀伊日置	33.5849	135.45805	西日本旅客鉄道・紀勢線
009042	桂川	33.58465	130.66256	九州旅客鉄道・篠栗線
009043	桂川	33.58465	130.66256	九州旅客鉄道・筑豊線
009044	渡辺通	33.584065	130.404955	福岡市・3号線(七隈線)
009045	西新	33.583765	130.359525	福岡市・1号線(空港線)
009046	姪浜	33.58358	130.325065	九州旅客鉄道・筑肥線
009047	姪浜	33.58358	130.325065	福岡市・1号線(空港線)
009048	下里	33.58212	135.922105	西日本旅客鉄道・紀勢線
009049	薬院	33.58191	130.40181	西日本鉄道・天神大牟田線
009050	薬院	33.581755	130.4022	福岡市・3号線(七隈線)
009051	下山門	33.581723	130.308003	九州旅客鉄道・筑肥線
009052	藤崎	33.581357	130.348485	福岡市・1号線(空港線)
009053	室見	33.580675	130.33986	福岡市・1号線(空港線)
009054	薬院大通	33.580555	130.396655	福岡市・3号線(七隈線)
009055	今宿	33.579275	130.274175	九州旅客鉄道・筑肥線
009056	新原	33.57918	130.508785	九州旅客鉄道・香椎線
009057	後免	33.57918	133.645135	四国旅客鉄道・土讃線
009058	後免	33.57918	133.645135	土佐くろしお鉄道・阿佐線
009059	土佐一宮	33.57899	133.57723	四国旅客鉄道・土讃線
009060	伊予白滝	33.57844	132.526535	四国旅客鉄道・予讃線
009061	薊野	33.578373	133.560433	四国旅客鉄道・土讃線
009062	九大学研都市	33.578	130.258465	九州旅客鉄道・筑肥線
009063	六本松	33.5776	130.377385	福岡市・3号線(七隈線)
009064	桜坂	33.57725	130.38713	福岡市・3号線(七隈線)
009065	篠原	33.576877	133.631623	とさでん交通・後免線
009066	土佐大津	33.576595	133.611985	四国旅客鉄道・土讃線
009067	住吉通	33.57637	133.636473	とさでん交通・後免線
009068	東工業前	33.576247	133.637633	とさでん交通・後免線
009069	小篭通	33.576173	133.6261	とさでん交通・後免線
009070	後免西町	33.57577	133.64295	とさでん交通・後免線
009071	布師田	33.57553	133.59017	四国旅客鉄道・土讃線
009072	後免中町	33.575463	133.645983	とさでん交通・後免線
009073	長崎	33.575025	133.62098	とさでん交通・後免線
009074	清和学園前	33.57468	133.612555	とさでん交通・後免線
009075	明見橋	33.57468	133.617935	とさでん交通・後免線
009076	一条橋	33.57466	133.614075	とさでん交通・後免線
009077	後免町	33.574607	133.651173	土佐くろしお鉄道・阿佐線
009078	後免東町	33.574607	133.648263	とさでん交通・後免線
009079	後免町	33.574403	133.65032	とさでん交通・後免線
009080	別府	33.573973	130.369277	福岡市・3号線(七隈線)
009081	領石通	33.57382	133.607915	とさでん交通・後免線
009082	西鉄平尾	33.573805	130.40631	西日本鉄道・天神大牟田線
009083	西添田	33.573375	130.84715	九州旅客鉄道・日田彦山線
009084	北浦	33.57319	133.603525	とさでん交通・後免線
009085	今津	33.571985	131.26786	九州旅客鉄道・日豊線
009086	周船寺	33.570725	130.246395	九州旅客鉄道・筑肥線
009087	立田	33.57063	133.670423	土佐くろしお鉄道・阿佐線
009088	舟戸	33.57022	133.59967	とさでん交通・後免線
009089	宇美	33.56923	130.513415	九州旅客鉄道・香椎線
009090	竹下	33.56864	130.431655	九州旅客鉄道・鹿児島線
009091	添田	33.56732	130.85652	九州旅客鉄道・日田彦山線
009092	入明	33.567255	133.53032	四国旅客鉄道・土讃線
009093	鹿児	33.567005	133.597105	とさでん交通・後免線
009094	宍喰	33.56693	134.30072	阿佐海岸鉄道・阿佐東線
009095	高知	33.56692	133.54326	四国旅客鉄道・土讃線
009096	上穂波	33.566915	130.645275	九州旅客鉄道・筑豊線
009097	高宮	33.56687	130.41501	西日本鉄道・天神大牟田線
009098	高知駅前	33.566515	133.543695	とさでん交通・駅前線
009099	豊前善光寺	33.56644	131.322985	九州旅客鉄道・日豊線
009100	茶山	33.566205	130.365465	福岡市・3号線(七隈線)
009101	田辺島通	33.566085	133.592755	とさでん交通・後免線
009102	円行寺口	33.565755	133.520795	四国旅客鉄道・土讃線
009103	柳ヶ浦	33.56503	131.3627	九州旅客鉄道・日豊線
009104	豊前長洲	33.564641	131.383237	九州旅客鉄道・日豊線
009105	天津	33.56464	131.293005	九州旅客鉄道・日豊線
009106	東新木	33.56409	133.589745	とさでん交通・後免線
009107	高知橋	33.56389	133.54337	とさでん交通・駅前線
009108	波多江	33.56376	130.226345	九州旅客鉄道・筑肥線
009109	八多喜	33.56245	132.540775	四国旅客鉄道・予讃線
009110	新木	33.562235	133.58672	とさでん交通・後免線
009111	蓮池町通	33.562115	133.54316	とさでん交通・駅前線
009112	のいち	33.561901	133.69775	土佐くろしお鉄道・阿佐線
009113	糸島高校前	33.56078	130.213598	九州旅客鉄道・筑肥線
009114	紀伊浦神	33.560437	135.893973	西日本旅客鉄道・紀勢線
009115	介良通	33.560233	133.583667	とさでん交通・後免線
009116	金山	33.55961	130.361745	福岡市・3号線(七隈線)
009117	はりまや橋	33.55951	133.542847	とさでん交通・伊野線
009118	はりまや橋	33.55951	133.542847	とさでん交通・後免線
009119	堀詰	33.5595	133.539395	とさでん交通・伊野線
009120	デンテツターミナルビル前	33.559385	133.54406	とさでん交通・後免線
009121	文珠通	33.55916	133.580135	とさでん交通・後免線
009122	高須	33.55913	133.577115	とさでん交通・後免線
009123	はりまや橋	33.559103	133.542787	とさでん交通・駅前線
009124	はりまや橋	33.559103	133.542787	とさでん交通・桟橋線
009125	大橋	33.559085	130.426805	西日本鉄道・天神大牟田線
009126	菜園場町	33.55901	133.548565	とさでん交通・後免線
009127	大橋通	33.5589	133.53639	とさでん交通・伊野線
009128	県立美術館通	33.558865	133.575615	とさでん交通・後免線
009129	旭	33.558815	133.50848	四国旅客鉄道・土讃線
009130	宝永町	33.55859	133.55367	とさでん交通・後免線
009131	高知城前	33.55842	133.534185	とさでん交通・伊野線
009132	高知商業前	33.55836	133.49756	四国旅客鉄道・土讃線
009133	知寄町一丁目	33.558355	133.556715	とさでん交通・後免線
009134	西高須	33.55813	133.57314	とさでん交通・後免線
009135	知寄町二丁目	33.558075	133.55992	とさでん交通・後免線
009136	県庁前	33.55804	133.532265	とさでん交通・伊野線
009137	知寄町	33.5579	133.56151	とさでん交通・後免線
009138	グランド通	33.557555	133.52939	とさでん交通・伊野線
009139	知寄町三丁目	33.557475	133.5656	とさでん交通・後免線
009140	枡形	33.55733	133.52717	とさでん交通・伊野線
009141	上町一丁目	33.557315	133.525105	とさでん交通・伊野線
009142	上町二丁目	33.557285	133.52305	とさでん交通・伊野線
009143	上町四丁目	33.55727	133.51982	とさでん交通・伊野線
009144	上町五丁目	33.55726	133.5173	とさでん交通・伊野線
009145	筑前前原	33.557015	130.199175	九州旅客鉄道・筑肥線
009146	葛島橋東詰	33.556967	133.569713	とさでん交通・後免線
009147	旭町一丁目	33.5567	133.513595	とさでん交通・伊野線
009148	旭駅前通	33.555955	133.509645	とさでん交通・伊野線
009149	鏡川橋	33.5557	133.49875	とさでん交通・伊野線
009150	春賀	33.55565	132.555305	四国旅客鉄道・予讃線
009151	旭町三丁目	33.55562	133.50634	とさでん交通・伊野線
009152	蛍橋	33.55537	133.503435	とさでん交通・伊野線
009153	橋本	33.555115	130.320965	福岡市・3号線(七隈線)
009154	歓遊舎ひこさん	33.549426	130.85957	九州旅客鉄道・日田彦山線
009155	梅の辻	33.554125	133.543495	とさでん交通・桟橋線
009156	笹原	33.55326	130.44869	九州旅客鉄道・鹿児島線
009157	七隈	33.55293	130.3617	福岡市・3号線(七隈線)
009158	咥内	33.552525	133.47111	とさでん交通・伊野線
009159	宮の奥	33.55248	133.47578	とさでん交通・伊野線
009160	次郎丸	33.55241	130.329795	福岡市・3号線(七隈線)
009161	八代通	33.552255	133.456285	とさでん交通・伊野線
009162	井尻	33.552215	130.44301	西日本鉄道・天神大牟田線
009163	鴨部	33.552085	133.496575	とさでん交通・伊野線
009164	宇治団地前	33.552035	133.46116	とさでん交通・伊野線
009165	朝倉神社前	33.55203	133.480825	とさでん交通・伊野線
009166	中山	33.551775	133.452445	とさでん交通・伊野線
009167	曙町東町	33.551575	133.493545	とさでん交通・伊野線
009168	朝倉	33.551595	133.48564	四国旅客鉄道・土讃線
009169	枝川	33.551455	133.449515	とさでん交通・伊野線
009170	曙町	33.55112	133.49084	とさでん交通・伊野線
009171	朝倉駅前	33.550803	133.485823	とさでん交通・伊野線
009172	朝倉	33.550703	133.48834	とさでん交通・伊野線
009173	枝川	33.550675	133.448625	四国旅客鉄道・土讃線
009174	賀茂	33.550475	130.337865	福岡市・3号線(七隈線)
009175	伊野商業前	33.55038	133.444245	とさでん交通・伊野線
009176	桟橋通一丁目	33.550295	133.5461	とさでん交通・桟橋線
009177	美咲が丘	33.55017	130.18581	九州旅客鉄道・筑肥線
009178	北内	33.549985	133.442005	とさでん交通・伊野線
009179	内子	33.54948	132.64626	四国旅客鉄道・内子線
009180	内子	33.54948	132.64626	四国旅客鉄道・予讃線
009181	北山	33.549355	133.43848	とさでん交通・伊野線
009182	桟橋通二丁目	33.54908	133.54691	とさでん交通・桟橋線
009183	鳴谷	33.548805	133.432855	とさでん交通・伊野線
009184	伊野駅前	33.54859	133.429855	とさでん交通・伊野線
009185	伊野	33.54851	133.42852	とさでん交通・伊野線
009186	野芥	33.54822	130.34673	福岡市・3号線(七隈線)
009187	福大前	33.547455	130.36226	福岡市・3号線(七隈線)
009188	伊野	33.547437	133.430407	四国旅客鉄道・土讃線
009189	雑餉隈	33.54727	130.46236	西日本鉄道・天神大牟田線
009190	甲浦	33.546884	134.287841	阿佐海岸鉄道・阿佐東線
009191	周参見	33.54687	135.495755	西日本旅客鉄道・紀勢線
009192	桟橋通三丁目	33.54666	133.548555	とさでん交通・桟橋線
009193	よしかわ	33.54596	133.71041	土佐くろしお鉄道・阿佐線
009194	梅林	33.545645	130.354785	福岡市・3号線(七隈線)
009195	桟橋通四丁目	33.544635	133.54995	とさでん交通・桟橋線
009196	加布里	33.54382	130.176775	九州旅客鉄道・筑肥線
009197	波川	33.543755	133.41398	四国旅客鉄道・土讃線
009198	南福岡	33.54217	130.460355	九州旅客鉄道・鹿児島線
009199	五郎	33.54133	132.570525	四国旅客鉄道・予讃線
009200	桟橋車庫前	33.541285	133.552235	とさでん交通・桟橋線
009201	桟橋通五丁目	33.540455	133.55277	とさでん交通・桟橋線
009202	筑前内野	33.539945	130.63811	九州旅客鉄道・筑豊線
009203	あかおか	33.539916	133.722204	土佐くろしお鉄道・阿佐線
009204	小村神社前	33.53983	133.392675	四国旅客鉄道・土讃線
009205	香我美	33.539193	133.737363	土佐くろしお鉄道・阿佐線
009206	五十崎	33.538075	132.636355	四国旅客鉄道・内子線
009207	春日原	33.53795	130.47311	西日本鉄道・天神大牟田線
009208	紀伊田原	33.536475	135.86813	西日本旅客鉄道・紀勢線
009209	豊前桝田	33.5358	130.86224	九州旅客鉄道・日田彦山線
009210	春日	33.534665	130.46938	九州旅客鉄道・鹿児島線
009211	夜須	33.53438	133.754565	土佐くろしお鉄道・阿佐線
009212	一貴山	33.534305	130.168315	九州旅客鉄道・筑肥線
009213	新谷	33.534155	132.59853	四国旅客鉄道・内子線
009214	新谷	33.534155	132.59853	四国旅客鉄道・予讃線
009215	喜多山	33.533425	132.611435	四国旅客鉄道・内子線
009216	日下	33.53342	133.371305	四国旅客鉄道・土讃線
009217	宇佐	33.531445	131.41231	九州旅客鉄道・日豊線
009218	岡花	33.52992	133.351265	四国旅客鉄道・土讃線
009219	白木原	33.528565	130.48281	西日本鉄道・天神大牟田線
009220	大野城	33.524965	130.48007	九州旅客鉄道・鹿児島線
009221	土佐加茂	33.52356	133.3211	四国旅客鉄道・土讃線
009222	下大利	33.522495	130.489185	西日本鉄道・天神大牟田線
009223	伊予大洲	33.51855	132.54484	四国旅客鉄道・予讃線
009224	古座	33.51834	135.82087	西日本旅客鉄道・紀勢線
009225	太宰府	33.51834	130.5312	西日本鉄道・太宰府線
009226	博多南	33.51796	130.436885	西日本旅客鉄道・博多南線
009227	西分	33.517825	133.79091	土佐くろしお鉄道・阿佐線
009228	水城	33.517808	130.490203	九州旅客鉄道・鹿児島線
009229	和食	33.51781	133.809455	土佐くろしお鉄道・阿佐線
009230	赤野	33.51603	133.82479	土佐くろしお鉄道・阿佐線
009231	見老津	33.515605	135.57559	西日本旅客鉄道・紀勢線
009232	筑前深江	33.51543	130.139805	九州旅客鉄道・筑肥線
009233	西佐川	33.512635	133.28667	四国旅客鉄道・土讃線
009234	都府楼前	33.51164	130.50801	西日本鉄道・天神大牟田線
009235	西鉄五条	33.511055	130.526072	西日本鉄道・太宰府線
009236	江住	33.509485	135.60327	西日本旅客鉄道・紀勢線
009237	大入	33.50881	130.105585	九州旅客鉄道・筑肥線
009238	西大洲	33.508175	132.527125	四国旅客鉄道・予讃線
009239	穴内	33.506335	133.864555	土佐くろしお鉄道・阿佐線
009240	安芸	33.5048	133.906435	土佐くろしお鉄道・阿佐線
009241	西屋敷	33.50443	131.429545	九州旅客鉄道・日豊線
009242	あき総合病院前	33.504295	133.8975	土佐くろしお鉄道・阿佐線
009243	都府楼南	33.503142	130.506732	九州旅客鉄道・鹿児島線
009244	球場前	33.50269	133.89157	土佐くろしお鉄道・阿佐線
009245	西鉄二日市	33.502145	130.517885	西日本鉄道・太宰府線
009246	西鉄二日市	33.502145	130.517885	西日本鉄道・天神大牟田線
009247	福吉	33.501645	130.080425	九州旅客鉄道・筑肥線
009248	和深	33.50115	135.65492	西日本旅客鉄道・紀勢線
009249	彦山	33.50073	130.86904	九州旅客鉄道・日田彦山線
009250	佐川	33.500193	133.292747	四国旅客鉄道・土讃線
009251	紀伊姫	33.497295	135.796275	西日本旅客鉄道・紀勢線
009252	紫	33.49603	130.522563	西日本鉄道・天神大牟田線
009253	伊予平野	33.49561	132.518115	四国旅客鉄道・予讃線
009254	二日市	33.494455	130.518925	九州旅客鉄道・鹿児島線
009255	紀伊有田	33.490935	135.73626	西日本旅客鉄道・紀勢線
009256	伊尾木	33.490865	133.929225	土佐くろしお鉄道・阿佐線
009257	田子	33.4903	135.67753	西日本旅客鉄道・紀勢線
009258	襟野々	33.488725	133.30052	四国旅客鉄道・土讃線
009259	田並	33.48808	135.71913	西日本旅客鉄道・紀勢線
009260	鹿家	33.484405	130.04792	九州旅客鉄道・筑肥線
009261	朝倉街道	33.484025	130.532605	西日本鉄道・天神大牟田線
009262	立石	33.482084	131.477226	九州旅客鉄道・日豊線
009263	天拝山	33.48161	130.53058	九州旅客鉄道・鹿児島線
009264	筑前山家	33.477365	130.574095	九州旅客鉄道・筑豊線
009265	串本	33.47549	135.781615	西日本旅客鉄道・紀勢線
009266	斗賀野	33.47547	133.286385	四国旅客鉄道・土讃線
009267	桜台	33.471615	130.542415	西日本鉄道・天神大牟田線
009268	千丈	33.465435	132.45734	四国旅客鉄道・予讃線
009269	筑紫	33.46281	130.55296	西日本鉄道・天神大牟田線
009270	西唐津	33.46149	129.95788	九州旅客鉄道・唐津線
009271	下山	33.458548	133.947958	土佐くろしお鉄道・阿佐線
009272	八幡浜	33.45803	132.43618	四国旅客鉄道・予讃線
009273	原田	33.451772	130.539338	九州旅客鉄道・鹿児島線
009274	原田	33.451772	130.539338	九州旅客鉄道・筑豊線
009275	中山香	33.448685	131.505735	九州旅客鉄道・日豊線
009276	浜崎	33.44689	130.03731	九州旅客鉄道・筑肥線
009277	津古	33.446435	130.56557	西日本鉄道・天神大牟田線
009278	唐津	33.445923	129.968697	九州旅客鉄道・筑肥線
009279	唐津	33.445923	129.968697	九州旅客鉄道・唐津線
009280	唐浜	33.445936	133.966492	土佐くろしお鉄道・阿佐線
009281	安田	33.443345	133.984255	土佐くろしお鉄道・阿佐線
009282	虹ノ松原	33.44099	130.016325	九州旅客鉄道・筑肥線
009283	東唐津	33.439485	129.99708	九州旅客鉄道・筑肥線
009284	和多田	33.437065	129.980655	九州旅客鉄道・筑肥線
009285	三国が丘	33.436675	130.56317	西日本鉄道・天神大牟田線
009286	けやき台	33.434115	130.53336	九州旅客鉄道・鹿児島線
009287	筑前岩屋	33.43078	130.88156	九州旅客鉄道・日田彦山線
009288	田野	33.430415	134.007605	土佐くろしお鉄道・阿佐線
009289	吾桑	33.430275	133.295665	四国旅客鉄道・土讃線
009290	奈半利	33.425235	134.01825	土佐くろしお鉄道・阿佐線
009291	双岩	33.424275	132.45789	四国旅客鉄道・予讃線
009292	三沢	33.422815	130.560375	西日本鉄道・天神大牟田線
009293	基山	33.421282	130.532294	九州旅客鉄道・鹿児島線
009294	基山	33.421282	130.532294	甘木鉄道・甘木線
009295	鬼塚	33.421105	129.98711	九州旅客鉄道・唐津線
009296	甘木	33.418943	130.65284	甘木鉄道・甘木線
009297	甘木	33.41826	130.654785	西日本鉄道・甘木線
009298	高田	33.414205	130.63402	甘木鉄道・甘木線
009299	山隈	33.414055	130.61007	甘木鉄道・甘木線
009300	太刀洗	33.413925	130.618875	甘木鉄道・甘木線
009301	立野	33.41255	130.539283	甘木鉄道・甘木線
009302	大保	33.411465	130.55812	西日本鉄道・天神大牟田線
009303	杵築	33.41101	131.57568	九州旅客鉄道・日豊線
009304	多ノ郷	33.41068	133.294635	四国旅客鉄道・土讃線
009305	西太刀洗	33.407847	130.599243	甘木鉄道・甘木線
009306	馬田	33.40754	130.640675	西日本鉄道・甘木線
009307	大間	33.406995	133.28775	四国旅客鉄道・土讃線
009308	今隈	33.404145	130.594275	甘木鉄道・甘木線
009309	弥生が丘	33.402774	130.528656	九州旅客鉄道・鹿児島線
009310	松崎	33.399735	130.582105	甘木鉄道・甘木線
009311	上浦	33.39871	130.63715	西日本鉄道・甘木線
009312	大板井	33.3985	130.561085	甘木鉄道・甘木線
009313	小郡	33.39748	130.553165	甘木鉄道・甘木線
009314	大行司	33.3969	130.87474	九州旅客鉄道・日田彦山線
009315	西鉄小郡	33.396365	130.553645	西日本鉄道・天神大牟田線
009316	山本	33.39326	129.98127	九州旅客鉄道・筑肥線
009317	山本	33.39326	129.98127	九州旅客鉄道・唐津線
009318	須崎	33.392765	133.293185	四国旅客鉄道・土讃線
009319	伊予石城	33.39159	132.473055	四国旅客鉄道・予讃線
009320	土佐新荘	33.386392	133.27805	四国旅客鉄道・土讃線
009321	本郷	33.384845	130.62883	西日本鉄道・甘木線
009322	田代	33.38453	130.524855	九州旅客鉄道・鹿児島線
009323	大神	33.383605	131.57541	九州旅客鉄道・日豊線
009324	上宇和	33.379965	132.50138	四国旅客鉄道・予讃線
009325	端間	33.378843	130.550823	西日本鉄道・天神大牟田線
009326	宝珠山	33.37885	130.87947	九州旅客鉄道・日田彦山線
009327	鳥栖	33.374217	130.519843	九州旅客鉄道・鹿児島線
009328	鳥栖	33.374217	130.519843	九州旅客鉄道・長崎線
009329	大堰	33.37222	130.62406	西日本鉄道・甘木線
009330	本牟田部	33.372115	129.99669	九州旅客鉄道・唐津線
009331	新鳥栖	33.370527	130.491042	九州旅客鉄道・九州新幹線
009332	暘谷	33.37016	131.53063	九州旅客鉄道・日豊線
009333	新鳥栖	33.369691	130.490926	九州旅客鉄道・長崎線
009334	日出	33.368975	131.543105	九州旅客鉄道・日豊線
009335	安和	33.367057	133.259043	四国旅客鉄道・土讃線
009336	大鶴	33.36698	130.88548	九州旅客鉄道・日田彦山線
009337	御厨	33.365955	129.662575	松浦鉄道・西九州線
009338	肥前麓	33.36582	130.477515	九州旅客鉄道・長崎線
009339	卯之町	33.363175	132.509775	四国旅客鉄道・予讃線
009340	たびら平戸口	33.362505	129.58255	松浦鉄道・西九州線
009341	豊後豊岡	33.36196	131.50141	九州旅客鉄道・日豊線
009342	前浜	33.35875	129.735925	松浦鉄道・西九州線
009343	東田平	33.357745	129.62315	松浦鉄道・西九州線
009344	中田平	33.3558	129.611175	松浦鉄道・西九州線
009345	西木場	33.355735	129.638605	松浦鉄道・西九州線
009346	肥前久保	33.35572	130.00015	九州旅客鉄道・筑肥線
009347	鷹島口	33.35383	129.761705	松浦鉄道・西九州線
009348	金島	33.35324	130.623095	西日本鉄道・甘木線
009349	味坂	33.35296	130.540595	西日本鉄道・天神大牟田線
009350	調川	33.352175	129.72754	松浦鉄道・西九州線
009351	大城	33.35099	130.607815	西日本鉄道・甘木線
009352	下宇和	33.34978	132.531085	四国旅客鉄道・予讃線
009353	肥前旭	33.34977	130.4961	九州旅客鉄道・鹿児島線
009354	今福	33.348455	129.771735	松浦鉄道・西九州線
009355	西相知	33.34749	129.99045	九州旅客鉄道・筑肥線
009356	筑後大石	33.347185	130.8169	九州旅客鉄道・久大線
009357	松浦発電所前	33.347202	129.68589	松浦鉄道・西九州線
009358	相知	33.34695	130.01974	九州旅客鉄道・唐津線
009359	中原	33.34629	130.44012	九州旅客鉄道・長崎線
009360	北野	33.34538	130.582767	西日本鉄道・甘木線
009361	今山	33.345145	130.876935	九州旅客鉄道・日田彦山線
009362	西田平	33.345125	129.590495	松浦鉄道・西九州線
009363	松浦	33.34423	129.707825	松浦鉄道・西九州線
009364	古賀茶屋	33.343595	130.566995	西日本鉄道・甘木線
009365	筑後吉井	33.340955	130.752825	九州旅客鉄道・久大線
009366	田主丸	33.3388	130.69245	九州旅客鉄道・久大線
009367	福島口	33.338105	129.79024	松浦鉄道・西九州線
009368	佐里	33.337645	129.978705	九州旅客鉄道・筑肥線
009369	学校前	33.3363	130.54749	西日本鉄道・甘木線
009370	浦ノ崎	33.335282	129.792515	松浦鉄道・西九州線
009371	うきは	33.33504	130.78915	九州旅客鉄道・久大線
009372	岩屋	33.330805	130.038495	九州旅客鉄道・唐津線
009373	亀川	33.330692	131.49301	九州旅客鉄道・日豊線
009374	五郎丸	33.33047	130.539935	西日本鉄道・甘木線
009375	宮の陣	33.32935	130.530935	西日本鉄道・天神大牟田線
009376	土佐久礼	33.329035	133.226455	四国旅客鉄道・土讃線
009377	宮の陣	33.32897	130.53077	西日本鉄道・甘木線
009378	光岡	33.327605	130.91992	九州旅客鉄道・久大線
009379	吉野ヶ里公園	33.324575	130.39886	九州旅客鉄道・長崎線
009380	厳木	33.3234	130.0603	九州旅客鉄道・唐津線
009381	波瀬	33.322645	129.807255	松浦鉄道・西九州線
009382	筑後草野	33.322105	130.64218	九州旅客鉄道・久大線
009383	久留米	33.320729	130.501372	九州旅客鉄道・久大線
009384	久留米	33.320729	130.501372	九州旅客鉄道・鹿児島線
009385	久留米	33.320653	130.501079	九州旅客鉄道・九州新幹線
009386	善導寺	33.320025	130.60874	九州旅客鉄道・久大線
009387	夜明	33.319595	130.866215	九州旅客鉄道・久大線
009388	夜明	33.319595	130.866215	九州旅客鉄道・日田彦山線
009389	櫛原	33.319505	130.52433	西日本鉄道・天神大牟田線
009390	駒鳴	33.31942	129.97239	九州旅客鉄道・筑肥線
009391	日田	33.317885	130.938135	九州旅客鉄道・久大線
009392	すえたちばな	33.31651	129.61386	松浦鉄道・西九州線
009393	神埼	33.31596	130.374925	九州旅客鉄道・長崎線
009394	久原	33.313897	129.811967	松浦鉄道・西九州線
009395	別府大学	33.313265	131.499355	九州旅客鉄道・日豊線
009396	御井	33.312665	130.56266	九州旅客鉄道・久大線
009397	西鉄久留米	33.312265	130.521045	西日本鉄道・天神大牟田線
009398	久留米大学前	33.310797	130.54761	九州旅客鉄道・久大線
009399	大川野	33.3074	129.976665	九州旅客鉄道・筑肥線
009400	江迎鹿町	33.30678	129.627095	松浦鉄道・西九州線
009401	豊後三芳	33.305905	130.951505	九州旅客鉄道・久大線
009402	花畑	33.30586	130.515035	西日本鉄道・天神大牟田線
009403	南久留米	33.302795	130.532165	九州旅客鉄道・久大線
009404	聖マリア病院前	33.302145	130.510395	西日本鉄道・天神大牟田線
009405	鳴石	33.29962	129.816795	松浦鉄道・西九州線
009406	久留米高校前	33.298385	130.517095	九州旅客鉄道・久大線
009407	高岩	33.29775	129.637185	松浦鉄道・西九州線
009408	立間	33.296725	132.539465	四国旅客鉄道・予讃線
009409	津福	33.2965	130.497727	西日本鉄道・天神大牟田線
009410	肥前長野	33.295645	129.970995	九州旅客鉄道・筑肥線
009411	二名	33.29151	132.629025	四国旅客鉄道・予土線
009412	楠久	33.291415	129.82689	松浦鉄道・西九州線
009413	伊賀屋	33.290255	130.33684	九州旅客鉄道・長崎線
009414	伊予宮野下	33.288805	132.605855	四国旅客鉄道・予土線
009415	多久	33.28838	130.09628	九州旅客鉄道・唐津線
009416	大内	33.287315	132.64176	四国旅客鉄道・予土線
009417	安武	33.28654	130.48934	西日本鉄道・天神大牟田線
009418	小城	33.2855	130.199065	九州旅客鉄道・唐津線
009419	東多久	33.28541	130.143165	九州旅客鉄道・唐津線
009420	里	33.28467	129.835805	松浦鉄道・西九州線
009421	豊後中川	33.28446	131.005875	九州旅客鉄道・久大線
009422	中多久	33.28333	130.11229	九州旅客鉄道・唐津線
009423	務田	33.28286	132.60061	四国旅客鉄道・予土線
009424	いのつき	33.28261	129.667855	松浦鉄道・西九州線
009425	豊後森	33.28255	131.155695	九州旅客鉄道・久大線
009426	北山田	33.28202	131.100925	九州旅客鉄道・久大線
009427	潜竜ヶ滝	33.28079	129.683555	松浦鉄道・西九州線
009428	別府	33.27947	131.500255	九州旅客鉄道・日豊線
009429	東山代	33.277992	129.846052	松浦鉄道・西九州線
009430	荒木	33.27685	130.502695	九州旅客鉄道・鹿児島線
009431	影野	33.275957	133.173573	四国旅客鉄道・土讃線
009432	雲泉寺	33.274805	131.485523	ラクテンチ・別府ラクテンチケーブル線
009433	乙原	33.274446	131.482991	ラクテンチ・別府ラクテンチケーブル線
009434	伊予吉田	33.27341	132.544315	四国旅客鉄道・予讃線
009435	伊万里	33.27191	129.876315	九州旅客鉄道・筑肥線
009436	伊万里	33.27191	129.876315	松浦鉄道・西九州線
009437	桃川	33.271835	129.956665	九州旅客鉄道・筑肥線
009438	大善寺	33.27044	130.474065	西日本鉄道・天神大牟田線
009439	上伊万里	33.270045	129.89254	九州旅客鉄道・筑肥線
009440	東別府	33.26775	131.510525	九州旅客鉄道・日豊線
009441	深田	33.267635	132.660395	四国旅客鉄道・予土線
009442	川東	33.267365	129.863875	松浦鉄道・西九州線
009443	吉井	33.266365	129.68549	松浦鉄道・西九州線
009444	金石原	33.26542	129.93503	九州旅客鉄道・筑肥線
009445	杉河内	33.26434	131.065455	九州旅客鉄道・久大線
009446	佐賀	33.264125	130.29737	九州旅客鉄道・長崎線
009447	由布院	33.262452	131.354916	九州旅客鉄道・久大線
009448	六反地	33.26203	133.1694	四国旅客鉄道・土讃線
009449	神田	33.26135	129.67134	松浦鉄道・西九州線
009450	鍋島	33.25905	130.265695	九州旅客鉄道・長崎線
009451	三潴	33.256025	130.46947	西日本鉄道・天神大牟田線
009452	高光	33.25598	132.573505	四国旅客鉄道・予讃線
009453	久保田	33.25569	130.229425	九州旅客鉄道・長崎線
009454	久保田	33.25569	130.229425	九州旅客鉄道・唐津線
009455	近永	33.25566	132.67639	四国旅客鉄道・予土線
009456	恵良	33.25504	131.17442	九州旅客鉄道・久大線
009457	天ヶ瀬	33.254843	131.02382	九州旅客鉄道・久大線
009458	金武	33.25186	129.85453	松浦鉄道・西九州線
009459	出目	33.251795	132.691935	四国旅客鉄道・予土線
009460	牛津	33.24783	130.20133	九州旅客鉄道・長崎線
009461	清峰高校前	33.247745	129.65654	松浦鉄道・西九州線
009462	犬塚	33.247315	130.46287	西日本鉄道・天神大牟田線
009463	西牟田	33.246265	130.501017	九州旅客鉄道・鹿児島線
009464	仁井田	33.245115	133.16124	四国旅客鉄道・土讃線
009465	西大分	33.24465	131.58315	九州旅客鉄道・日豊線
009466	大在	33.24391	131.720525	九州旅客鉄道・日豊線
009467	高城	33.242845	131.65572	九州旅客鉄道・日豊線
009468	鶴崎	33.242815	131.686925	九州旅客鉄道・日豊線
009469	南由布	33.24219	131.333355	九州旅客鉄道・久大線
009470	野矢	33.240385	131.2519	九州旅客鉄道・久大線
009471	北宇和島	33.23924	132.569715	四国旅客鉄道・予讃線
009472	北宇和島	33.23924	132.569715	四国旅客鉄道・予土線
009473	牧	33.237125	131.63785	九州旅客鉄道・日豊線
009474	夫婦石	33.237035	129.85063	松浦鉄道・西九州線
009475	坂ノ市	33.236707	131.751497	九州旅客鉄道・日豊線
009476	佐々	33.236715	129.646865	松浦鉄道・西九州線
009477	十川	33.2349	132.85594	四国旅客鉄道・予土線
009478	幸崎	33.233695	131.79525	九州旅客鉄道・日豊線
009479	大分	33.2326	131.606695	九州旅客鉄道・久大線
009480	大分	33.2326	131.606695	九州旅客鉄道・日豊線
009481	大分	33.2326	131.606695	九州旅客鉄道・豊肥線
009482	山谷	33.22912	129.849125	松浦鉄道・西九州線
009483	引治	33.228995	131.183975	九州旅客鉄道・久大線
009484	松丸	33.22825	132.708885	四国旅客鉄道・予土線
009485	大溝	33.22694	130.44979	西日本鉄道・天神大牟田線
009486	宇和島	33.226185	132.56771	四国旅客鉄道・予讃線
009487	豊後中村	33.225785	131.207635	九州旅客鉄道・久大線
009488	吉野生	33.224515	132.729315	四国旅客鉄道・予土線
009489	真土	33.22409	132.74515	四国旅客鉄道・予土線
009490	小浦	33.22193	129.641645	松浦鉄道・西九州線
009491	大木	33.22155	129.850135	松浦鉄道・西九州線
009492	古国府	33.22064	131.608305	九州旅客鉄道・久大線
009493	土佐昭和	33.220023	132.897557	四国旅客鉄道・予土線
009494	江北	33.21911	130.16111	九州旅客鉄道・佐世保線
009495	江北	33.21911	130.16111	九州旅客鉄道・長崎線
009496	北方	33.21622	130.08327	九州旅客鉄道・佐世保線
009497	南大分	33.21401	131.586285	九州旅客鉄道・久大線
009498	皆瀬	33.213355	129.701765	松浦鉄道・西九州線
009499	賀来	33.21307	131.56262	九州旅客鉄道・久大線
009500	窪川	33.212675	133.137325	四国旅客鉄道・土讃線
009501	窪川	33.212675	133.137325	土佐くろしお鉄道・中村線
009502	大町	33.212445	130.10648	九州旅客鉄道・佐世保線
009503	野中	33.21171	129.708465	松浦鉄道・西九州線
009504	西有田	33.20991	129.850015	松浦鉄道・西九州線
009505	羽犬塚	33.20993	130.49765	九州旅客鉄道・鹿児島線
009506	滝尾	33.2094	131.623115	九州旅客鉄道・豊肥線
009507	左石	33.20891	129.722015	松浦鉄道・西九州線
009508	八丁牟田	33.20887	130.437525	西日本鉄道・天神大牟田線
009509	中里	33.208225	129.687465	松浦鉄道・西九州線
009510	高橋	33.208095	130.042375	九州旅客鉄道・佐世保線
009511	本山	33.207015	129.682265	松浦鉄道・西九州線
009512	真申	33.20651	129.651435	松浦鉄道・西九州線
009513	泉福寺	33.20593	129.72714	松浦鉄道・西九州線
009514	蔵宿	33.20199	129.850595	松浦鉄道・西九州線
009515	半家	33.20179	132.79196	四国旅客鉄道・予土線
009516	棚方	33.201595	129.651795	松浦鉄道・西九州線
009517	湯平	33.19734	131.354305	九州旅客鉄道・久大線
009518	武雄温泉	33.19669	130.023475	九州旅客鉄道・佐世保線
009519	向之原	33.19668	131.514065	九州旅客鉄道・久大線
009520	山の田	33.196455	129.72291	松浦鉄道・西九州線
009521	武雄温泉	33.196213	130.023079	九州旅客鉄道・西九州新幹線
009522	鬼瀬	33.195715	131.48547	九州旅客鉄道・久大線
009523	上相浦	33.195175	129.670405	松浦鉄道・西九州線
009524	豊後国分	33.19508	131.551265	九州旅客鉄道・久大線
009525	黒川	33.195075	129.85533	松浦鉄道・西九州線
009526	土佐大正	33.194843	132.975643	四国旅客鉄道・予土線
009527	三間坂	33.19473	129.94778	九州旅客鉄道・佐世保線
009528	永尾	33.193395	129.980435	九州旅客鉄道・佐世保線
009529	相浦	33.1925	129.657105	松浦鉄道・西九州線
009530	上有田	33.19031	129.90532	九州旅客鉄道・佐世保線
009531	蒲池	33.189945	130.42287	西日本鉄道・天神大牟田線
009532	大学	33.189395	129.66703	松浦鉄道・西九州線
009533	三代橋	33.18907	129.865935	松浦鉄道・西九州線
009534	敷戸	33.188105	131.615125	九州旅客鉄道・豊肥線
009535	若井	33.188045	133.105835	四国旅客鉄道・予土線
009536	若井	33.188045	133.105835	土佐くろしお鉄道・中村線
009537	西ヶ方	33.18745	132.76716	四国旅客鉄道・予土線
009538	北佐世保	33.187205	129.72037	松浦鉄道・西九州線
009539	天神山	33.187025	131.438905	九州旅客鉄道・久大線
009540	肥前白石	33.186925	130.1359	九州旅客鉄道・長崎線
009541	小野屋	33.185165	131.452605	九州旅客鉄道・久大線
009542	庄内	33.1851	131.40191	九州旅客鉄道・久大線
009543	有田	33.18374	129.88186	九州旅客鉄道・佐世保線
009544	有田	33.18374	129.88186	松浦鉄道・西九州線
009545	江川崎	33.178215	132.78318	四国旅客鉄道・予土線
009546	筑後船小屋	33.178069	130.491693	九州旅客鉄道・鹿児島線
009547	筑後船小屋	33.177977	130.492433	九州旅客鉄道・九州新幹線
009548	大分大学前	33.176785	131.619405	九州旅客鉄道・豊肥線
009549	打井川	33.1755	133.029745	四国旅客鉄道・予土線
009550	佐志生	33.174943	131.817707	九州旅客鉄道・日豊線
009551	矢加部	33.173865	130.415875	西日本鉄道・天神大牟田線
009552	中佐世保	33.172315	129.72272	松浦鉄道・西九州線
009553	佐世保中央	33.171037	129.720825	松浦鉄道・西九州線
009554	西鉄柳川	33.16511	130.419245	西日本鉄道・天神大牟田線
009555	中判田	33.163762	131.6387	九州旅客鉄道・豊肥線
009556	佐世保	33.163723	129.726633	九州旅客鉄道・佐世保線
009557	佐世保	33.163723	129.726633	松浦鉄道・西九州線
009558	家地川	33.16141	133.074745	四国旅客鉄道・予土線
009559	下ノ江	33.158683	131.811113	九州旅客鉄道・日豊線
009560	日宇	33.15742	129.758305	九州旅客鉄道・佐世保線
009561	瀬高	33.156985	130.485445	九州旅客鉄道・鹿児島線
009562	徳益	33.15544	130.42657	西日本鉄道・天神大牟田線
009563	三河内	33.150307	129.829097	九州旅客鉄道・佐世保線
009564	大塔	33.149215	129.78205	九州旅客鉄道・佐世保線
009565	肥前竜王	33.146585	130.12039	九州旅客鉄道・長崎線
009566	塩塚	33.14396	130.43118	西日本鉄道・天神大牟田線
009567	熊崎	33.135618	131.787667	九州旅客鉄道・日豊線
009568	早岐	33.133895	129.799313	九州旅客鉄道・佐世保線
009569	早岐	33.133895	129.799313	九州旅客鉄道・大村線
009570	南瀬高	33.133365	130.471215	九州旅客鉄道・鹿児島線
009571	荷稲	33.13303	133.11607	土佐くろしお鉄道・中村線
009572	西鉄中島	33.122505	130.440075	西日本鉄道・天神大牟田線
009573	竹中	33.121285	131.649465	九州旅客鉄道・豊肥線
009574	臼杵	33.118565	131.807645	九州旅客鉄道・日豊線
009575	肥前鹿島	33.113395	130.09805	九州旅客鉄道・長崎線
009576	上臼杵	33.112503	131.792963	九州旅客鉄道・日豊線
009577	江の浦	33.108985	130.44661	西日本鉄道・天神大牟田線
009578	嬉野温泉	33.106605	129.998953	九州旅客鉄道・西九州新幹線
009579	伊与喜	33.105077	133.098333	土佐くろしお鉄道・中村線
009580	渡瀬	33.099555	130.4601	九州旅客鉄道・鹿児島線
009581	開	33.097285	130.45307	西日本鉄道・天神大牟田線
009582	肥前浜	33.09541	130.11679	九州旅客鉄道・長崎線
009583	ハウステンボス	33.09223	129.796285	九州旅客鉄道・大村線
009584	南風崎	33.08708	129.800997	九州旅客鉄道・大村線
009585	西鉄渡瀬	33.086717	130.458803	西日本鉄道・天神大牟田線
009586	土佐佐賀	33.081282	133.101424	土佐くろしお鉄道・中村線
009587	犬飼	33.077955	131.636635	九州旅客鉄道・豊肥線
009588	吉野	33.07553	130.4664	九州旅客鉄道・鹿児島線
009589	津久見	33.07289	131.863715	九州旅客鉄道・日豊線
009590	倉永	33.071875	130.463785	西日本鉄道・天神大牟田線
009591	新大牟田	33.071316	130.488754	九州旅客鉄道・九州新幹線
009592	肥前七浦	33.07087	130.14526	九州旅客鉄道・長崎線
009593	川棚	33.06837	129.864085	九州旅客鉄道・大村線
009594	日代	33.06613	131.91869	九州旅客鉄道・日豊線
009595	佐賀公園	33.064227	133.106217	土佐くろしお鉄道・中村線
009596	小串郷	33.063725	129.834425	九州旅客鉄道・大村線
009597	東甘木	33.062225	130.46424	西日本鉄道・天神大牟田線
009598	土佐白浜	33.05695	133.097345	土佐くろしお鉄道・中村線
009599	肥前飯田	33.055695	130.158785	九州旅客鉄道・長崎線
009600	銀水	33.05491	130.460905	九州旅客鉄道・鹿児島線
009601	西鉄銀水	33.050955	130.458165	西日本鉄道・天神大牟田線
009602	浅海井	33.04357	131.91921	九州旅客鉄道・日豊線
009603	土佐上川口	33.04289	133.056035	土佐くろしお鉄道・中村線
009604	海の王迎	33.04051	133.04705	土佐くろしお鉄道・中村線
009605	彼杵	33.03982	129.914685	九州旅客鉄道・大村線
009606	有井川	33.039415	133.070975	土佐くろしお鉄道・中村線
009607	浮鞭	33.03939	133.02975	土佐くろしお鉄道・中村線
009608	新栄町	33.03843	130.4499	西日本鉄道・天神大牟田線
009609	大牟田	33.03015	130.44369	西日本鉄道・天神大牟田線
009610	大牟田	33.02939	130.443845	九州旅客鉄道・鹿児島線
009611	多良	33.02521	130.17611	九州旅客鉄道・長崎線
009612	土佐入野	33.023945	133.01158	土佐くろしお鉄道・中村線
009613	狩生	33.015365	131.904815	九州旅客鉄道・日豊線
009614	菅尾	33.01442	131.616675	九州旅客鉄道・豊肥線
009615	千綿	33.01307	129.945605	九州旅客鉄道・大村線
009616	西大方	33.008785	132.986805	土佐くろしお鉄道・中村線
009617	朝地	33.00426	131.43222	九州旅客鉄道・豊肥線
009618	海崎	32.99608	131.88793	九州旅客鉄道・日豊線
009619	荒尾	32.994525	130.434725	九州旅客鉄道・鹿児島線
009620	古津賀	32.985913	132.962307	土佐くろしお鉄道・中村線
009621	中村	32.984545	132.94405	土佐くろしお鉄道・宿毛線
009622	中村	32.984545	132.94405	土佐くろしお鉄道・中村線
009623	三重町	32.983645	131.583945	九州旅客鉄道・豊肥線
009624	具同	32.9794	132.91492	土佐くろしお鉄道・宿毛線
009625	国見	32.978787	132.88396	土佐くろしお鉄道・宿毛線
009626	松原	32.977455	129.94632	九州旅客鉄道・大村線
009627	肥前大浦	32.97507	130.207265	九州旅客鉄道・長崎線
009628	豊後清川	32.97284	131.52215	九州旅客鉄道・豊肥線
009629	佐伯	32.972645	131.901815	九州旅客鉄道・日豊線
009630	緒方	32.97106	131.476755	九州旅客鉄道・豊肥線
009631	豊後竹田	32.97094	131.38983	九州旅客鉄道・豊肥線
009632	南荒尾	32.96583	130.43313	九州旅客鉄道・鹿児島線
009633	有岡	32.96124	132.83305	土佐くろしお鉄道・宿毛線
009634	工業団地	32.95638	132.802005	土佐くろしお鉄道・宿毛線
009635	上岡	32.95626	131.861595	九州旅客鉄道・日豊線
009636	平田	32.955657	132.795033	土佐くろしお鉄道・宿毛線
009637	玉来	32.947755	131.376035	九州旅客鉄道・豊肥線
009638	新玉名	32.942709	130.573408	九州旅客鉄道・九州新幹線
009639	内牧	32.94214	131.043755	九州旅客鉄道・豊肥線
009640	竹松	32.94006	129.95303	九州旅客鉄道・大村線
009641	波野	32.938495	131.195255	九州旅客鉄道・豊肥線
009642	阿蘇	32.937425	131.08011	九州旅客鉄道・豊肥線
009643	宮地	32.937035	131.11807	九州旅客鉄道・豊肥線
009644	いこいの村	32.936555	131.09443	九州旅客鉄道・豊肥線
009645	長洲	32.935145	130.455595	九州旅客鉄道・鹿児島線
009646	東宿毛	32.933637	132.728583	土佐くろしお鉄道・宿毛線
009647	滝水	32.9333	131.242835	九州旅客鉄道・豊肥線
009648	新大村	32.933029	129.957134	九州旅客鉄道・西九州新幹線
009649	宿毛	32.93252	132.71359	土佐くろしお鉄道・宿毛線
009650	新大村	32.932424	129.957255	九州旅客鉄道・大村線
009651	直見	32.92821	131.807745	九州旅客鉄道・日豊線
009652	市ノ川	32.92807	131.00761	九州旅客鉄道・豊肥線
009653	豊後荻	32.92692	131.29762	九州旅客鉄道・豊肥線
009654	玉名	32.925975	130.5487	九州旅客鉄道・鹿児島線
009655	小長井	32.92418	130.186465	九州旅客鉄道・長崎線
009656	諏訪	32.92391	129.960085	九州旅客鉄道・大村線
009657	大野下	32.92165	130.50243	九州旅客鉄道・鹿児島線
009658	木葉	32.916365	130.626345	九州旅客鉄道・鹿児島線
009659	長里	32.9153	130.16551	九州旅客鉄道・長崎線
009660	肥後伊倉	32.913265	130.586775	九州旅客鉄道・鹿児島線
009661	赤水	32.91315	130.99288	九州旅客鉄道・豊肥線
009662	大村	32.91143	129.962265	九州旅客鉄道・大村線
009663	湯江	32.904835	130.14068	九州旅客鉄道・長崎線
009664	田原坂	32.899335	130.6532	九州旅客鉄道・鹿児島線
009665	直川	32.898665	131.779515	九州旅客鉄道・日豊線
009666	小江	32.891295	130.112235	九州旅客鉄道・長崎線
009667	岩松	32.89057	129.98127	九州旅客鉄道・大村線
009668	御代志	32.883156	130.749866	熊本電気鉄道・菊池線
009669	再春医療センター前	32.880286	130.747934	熊本電気鉄道・菊池線
009670	植木	32.88007	130.680895	九州旅客鉄道・鹿児島線
009671	熊本高専前	32.878212	130.746284	熊本電気鉄道・菊池線
009672	立野	32.87763	130.96514	九州旅客鉄道・豊肥線
009673	立野	32.87763	130.96514	南阿蘇鉄道・高森線
009674	肥後大津	32.87749	130.86631	九州旅客鉄道・豊肥線
009675	西郷	32.872918	130.243998	島原鉄道・島原鉄道線
009676	瀬田	32.8726	130.913915	九州旅客鉄道・豊肥線
009677	多比良	32.871898	130.308847	島原鉄道・島原鉄道線
009678	神代（鍋島邸前）	32.871545	130.26983	島原鉄道・島原鉄道線
009679	原水	32.87064	130.829055	九州旅客鉄道・豊肥線
009680	黒石	32.870445	130.742184	熊本電気鉄道・菊池線
009681	三ツ石	32.86389	130.738317	熊本電気鉄道・菊池線
009682	肥前長田	32.8618	130.080045	九州旅客鉄道・長崎線
009683	三里木	32.861697	130.796447	九州旅客鉄道・豊肥線
009684	大正	32.8604	130.225625	島原鉄道・島原鉄道線
009685	大草	32.860175	129.93904	九州旅客鉄道・長崎線
009686	須屋	32.858097	130.73644	熊本電気鉄道・菊池線
009687	有明湯江	32.857985	130.328515	島原鉄道・島原鉄道線
009688	光の森	32.85742	130.786035	九州旅客鉄道・豊肥線
009689	古部	32.856355	130.21336	島原鉄道・島原鉄道線
009690	西里	32.85458	130.70016	九州旅客鉄道・鹿児島線
009691	長陽	32.854215	131.0039	南阿蘇鉄道・高森線
009692	新須屋	32.85387	130.732388	熊本電気鉄道・菊池線
009693	東諫早	32.852795	130.06161	九州旅客鉄道・長崎線
009694	諫早	32.852373	130.040878	九州旅客鉄道・西九州新幹線
009695	諫早	32.851235	130.041505	九州旅客鉄道・大村線
009696	諫早	32.851235	130.041505	九州旅客鉄道・長崎線
009697	諫早（雲仙・島原口）	32.851235	130.041505	島原鉄道・島原鉄道線
009698	武蔵塚	32.850005	130.770295	九州旅客鉄道・豊肥線
009699	堀川	32.849	130.72533	熊本電気鉄道・菊池線
009700	加勢	32.847815	131.01011	南阿蘇鉄道・高森線
009701	東園	32.846975	129.96246	九州旅客鉄道・長崎線
009702	阿蘇下田城	32.84434	131.024553	南阿蘇鉄道・高森線
009703	大三東	32.8437	130.34472	島原鉄道・島原鉄道線
009704	本諫早（諫早市役所前）	32.84178	130.052737	島原鉄道・島原鉄道線
009705	八景水谷	32.841275	130.722985	熊本電気鉄道・菊池線
009706	吾妻（雲仙市役所前）	32.840375	130.18992	島原鉄道・島原鉄道線
009707	重岡	32.840305	131.715595	九州旅客鉄道・日豊線
009708	西諫早	32.839635	130.02133	九州旅客鉄道・長崎線
009709	亀井	32.837745	130.722295	熊本電気鉄道・菊池線
009710	幸	32.837253	130.066213	島原鉄道・島原鉄道線
009711	干拓の里	32.83615	130.093165	島原鉄道・島原鉄道線
009712	森山	32.835005	130.113495	島原鉄道・島原鉄道線
009713	松尾	32.834245	130.347608	島原鉄道・島原鉄道線
009714	南阿蘇水の生まれる里白水高原	32.834215	131.040085	南阿蘇鉄道・高森線
009715	釜ノ鼻	32.834055	130.13554	島原鉄道・島原鉄道線
009716	小野	32.834024	130.085781	島原鉄道・島原鉄道線
009717	喜々津	32.832705	129.98649	九州旅客鉄道・長崎線
009718	本川内	32.83188	129.89996	九州旅客鉄道・長崎線
009719	崇城大学前	32.830805	130.694935	九州旅客鉄道・鹿児島線
009720	阿母崎	32.83009	130.17023	島原鉄道・島原鉄道線
009721	北熊本	32.827605	130.721865	熊本電気鉄道・菊池線
009722	北熊本	32.827605	130.721865	熊本電気鉄道・藤崎線
009723	中松	32.827335	131.053605	南阿蘇鉄道・高森線
009724	池田	32.827165	130.7064	熊本電気鉄道・菊池線
009725	韓々坂	32.82408	130.70183	熊本電気鉄道・菊池線
009726	打越	32.82373	130.713825	熊本電気鉄道・菊池線
009727	諫早東高校	32.823444	130.149122	島原鉄道・島原鉄道線
009728	阿蘇白川	32.82232	131.084315	南阿蘇鉄道・高森線
009729	南阿蘇白川水源	32.822201	131.091294	南阿蘇鉄道・高森線
009730	坪井川公園	32.82142	130.719055	熊本電気鉄道・菊池線
009731	竜田口	32.820497	130.747007	九州旅客鉄道・豊肥線
009732	高田	32.81939	129.86965	九州旅客鉄道・長崎線
009733	高森	32.819385	131.122435	南阿蘇鉄道・高森線
009734	市布	32.819135	129.966155	九州旅客鉄道・長崎線
009735	長与	32.81892	129.879515	九州旅客鉄道・長崎線
009736	愛野	32.818875	130.1558	島原鉄道・島原鉄道線
009737	上熊本	32.81856	130.69981	熊本電気鉄道・菊池線
009738	黒髪町	32.81836	130.717245	熊本電気鉄道・藤崎線
009739	見晴台	32.817545	131.10971	南阿蘇鉄道・高森線
009740	上熊本	32.817479	130.699462	熊本市・上熊本線
009741	上熊本	32.817354	130.699072	九州旅客鉄道・鹿児島線
009742	県立体育館前	32.815055	130.69907	熊本市・上熊本線
009743	三会	32.814975	130.35714	島原鉄道・島原鉄道線
009744	本妙寺入口	32.81375	130.69849	熊本市・上熊本線
009745	東海学園前	32.811275	130.74266	九州旅客鉄道・豊肥線
009746	杉塘	32.81049	130.697105	熊本市・上熊本線
009747	藤崎宮前	32.80901	130.71325	熊本電気鉄道・藤崎線
009748	段山町	32.806595	130.695505	熊本市・上熊本線
009749	道ノ尾	32.804203	129.853007	九州旅客鉄道・長崎線
009750	熊本城・市役所前	32.80386	130.707985	熊本市・幹線
009751	蔚山町	32.8038	130.697025	熊本市・上熊本線
009752	通町筋	32.80318	130.70988	熊本市・幹線
009753	水道町	32.802365	130.712525	熊本市・幹線
009754	水道町	32.802365	130.712525	熊本市・水前寺線
009755	花畑町	32.801595	130.70593	熊本市・幹線
009756	九品寺交差点	32.800645	130.716535	熊本市・水前寺線
009757	新町	32.79959	130.697338	熊本市・上熊本線
009758	洗馬橋	32.79917	130.69886	熊本市・上熊本線
009759	辛島町	32.798935	130.705075	熊本市・幹線
009760	辛島町	32.798935	130.705075	熊本市・上熊本線
009761	西辛島町	32.79873	130.70217	熊本市・上熊本線
009762	肥前古賀	32.798315	129.951518	九州旅客鉄道・長崎線
009763	交通局前	32.797745	130.719825	熊本市・水前寺線
009764	慶徳校前	32.797045	130.7025	熊本市・幹線
009765	水前寺	32.796883	130.729743	九州旅客鉄道・豊肥線
009766	味噌天神前	32.795815	130.723425	熊本市・水前寺線
009767	呉服町	32.79555	130.6969	熊本市・幹線
009768	河原町	32.794885	130.700845	熊本市・幹線
009769	赤迫	32.793985	129.85739	長崎電気軌道・赤迫支線
009770	新水前寺	32.79331	130.725855	九州旅客鉄道・豊肥線
009771	新水前寺駅前	32.79331	130.72727	熊本市・水前寺線
009772	祇園橋	32.792805	130.694815	熊本市・幹線
009773	住吉	32.79199	129.85988	長崎電気軌道・赤迫支線
009774	住吉	32.79199	129.85988	長崎電気軌道・本線
009775	国府	32.791855	130.729445	熊本市・水前寺線
009776	現川	32.79113	129.926365	九州旅客鉄道・長崎線
009777	島原	32.790595	130.370605	島原鉄道・島原鉄道線
009778	昭和町通	32.790535	129.860705	長崎電気軌道・本線
009779	熊本	32.790539	130.688686	九州旅客鉄道・九州新幹線
009780	西浦上	32.79026	129.85901	九州旅客鉄道・長崎線
009781	熊本駅前	32.79007	130.69027	熊本市・幹線
009782	熊本駅前	32.79007	130.69027	熊本市・田崎線
009783	水前寺公園	32.79002	130.732235	熊本市・健軍線
009784	水前寺公園	32.79002	130.732235	熊本市・水前寺線
009785	熊本	32.78931	130.688657	九州旅客鉄道・鹿児島線
009786	熊本	32.78931	130.688657	九州旅客鉄道・豊肥線
009787	千歳町	32.789255	129.861185	長崎電気軌道・本線
009788	市立体育館前（県庁通）	32.788345	130.734775	熊本市・健軍線
009789	若葉町	32.787538	129.861746	長崎電気軌道・本線
009790	二本木口	32.78694	130.689405	熊本市・田崎線
009791	宗太郎	32.78634	131.706665	九州旅客鉄道・日豊線
009792	商業高校前	32.785515	130.738905	熊本市・健軍線
009793	南熊本	32.78512	130.711775	九州旅客鉄道・豊肥線
009794	長崎大学	32.784935	129.86245	長崎電気軌道・本線
009795	田崎橋	32.784895	130.68842	熊本市・田崎線
009796	八丁馬場	32.783645	130.74222	熊本市・健軍線
009797	神水交差点	32.78357	130.74557	熊本市・健軍線
009798	霊丘公園体育館	32.782578	130.374193	島原鉄道・島原鉄道線
009799	岩屋橋	32.78234	129.862385	長崎電気軌道・本線
009800	健軍校前	32.78184	130.751105	熊本市・健軍線
009801	平成	32.781515	130.703425	九州旅客鉄道・豊肥線
009802	動植物園入口	32.78041	130.75495	熊本市・健軍線
009803	浦上車庫	32.779542	129.861423	長崎電気軌道・本線
009804	健軍交番前	32.77946	130.757465	熊本市・健軍線
009805	健軍町	32.778355	130.76107	熊本市・健軍線
009806	大橋	32.777565	129.861515	長崎電気軌道・本線
009807	島原船津	32.7758	130.375575	島原鉄道・島原鉄道線
009808	平和公園	32.77449	129.86201	長崎電気軌道・本線
009809	原爆資料館	32.77056	129.86356	長崎電気軌道・本線
009810	大学病院	32.76913	129.864085	長崎電気軌道・本線
009811	島原港	32.768638	130.370109	島原鉄道・島原鉄道線
009812	浦上駅前	32.765475	129.86414	長崎電気軌道・本線
009813	浦上	32.765445	129.863285	九州旅客鉄道・長崎線
009814	茂里町	32.76398	129.86449	長崎電気軌道・本線
009815	西熊本	32.762507	130.683057	九州旅客鉄道・鹿児島線
009816	スタジアムシティノース	32.761325	129.865705	長崎電気軌道・本線
009817	スタジアムシティサウス	32.758105	129.86862	長崎電気軌道・本線
009818	八千代町	32.754605	129.87042	長崎電気軌道・本線
009819	長崎駅前	32.752555	129.87182	長崎電気軌道・桜町支線
009820	長崎駅前	32.752555	129.87182	長崎電気軌道・本線
009821	諏訪神社	32.752515	129.88426	長崎電気軌道・蛍茶屋支線
009822	長崎	32.752443	129.869079	九州旅客鉄道・西九州新幹線
009823	長崎	32.752424	129.868694	九州旅客鉄道・長崎線
009824	新中川町	32.752215	129.89055	長崎電気軌道・蛍茶屋支線
009825	新大工町	32.7522	129.88644	長崎電気軌道・蛍茶屋支線
009826	蛍茶屋	32.751395	129.89364	長崎電気軌道・蛍茶屋支線
009827	桜町	32.75066	129.87628	長崎電気軌道・桜町支線
009828	市役所	32.749525	129.88049	長崎電気軌道・桜町支線
009829	五島町	32.749267	129.872223	長崎電気軌道・本線
009830	市役所	32.74903	129.88047	長崎電気軌道・蛍茶屋支線
009831	めがね橋	32.746905	129.87835	長崎電気軌道・蛍茶屋支線
009832	大波止	32.74564	129.87206	長崎電気軌道・本線
009833	浜町アーケード	32.74466	129.876785	長崎電気軌道・蛍茶屋支線
009834	出島	32.743902	129.871807	長崎電気軌道・本線
009835	西浜町	32.74372	129.87604	長崎電気軌道・蛍茶屋支線
009836	西浜町	32.74372	129.87604	長崎電気軌道・本線
009837	川尻	32.74352	130.67972	九州旅客鉄道・鹿児島線
009838	観光通	32.743415	129.877785	長崎電気軌道・本線
009839	新地中華街	32.742835	129.87494	長崎電気軌道・大浦支線
009840	新地中華街	32.742835	129.87494	長崎電気軌道・本線
009841	思案橋	32.742675	129.88034	長崎電気軌道・本線
009842	崇福寺	32.74112	129.882585	長崎電気軌道・本線
009843	メディカルセンター	32.740435	129.87249	長崎電気軌道・大浦支線
009844	大浦海岸通	32.73788	129.870695	長崎電気軌道・大浦支線
009845	大浦天主堂	32.736255	129.870967	長崎電気軌道・大浦支線
009846	石橋	32.73448	129.872395	長崎電気軌道・大浦支線
009847	市棚	32.7283	131.71024	九州旅客鉄道・日豊線
009848	富合	32.713701	130.672837	九州旅客鉄道・鹿児島線
009849	住吉	32.702038	130.597933	九州旅客鉄道・三角線
009850	宇土	32.694349	130.669071	九州旅客鉄道・三角線
009851	宇土	32.694349	130.669071	九州旅客鉄道・鹿児島線
009852	緑川	32.69393	130.63135	九州旅客鉄道・三角線
009853	肥後長浜	32.690747	130.56065	九州旅客鉄道・三角線
009854	北川	32.69043	131.69766	九州旅客鉄道・日豊線
009855	網田	32.667447	130.54684	九州旅客鉄道・三角線
009856	日向長井	32.66423	131.70014	九州旅客鉄道・日豊線
009857	赤瀬	32.653153	130.51011	九州旅客鉄道・三角線
009858	松橋	32.65253	130.67049	九州旅客鉄道・鹿児島線
009859	石打ダム	32.642417	130.506817	九州旅客鉄道・三角線
009860	北延岡	32.630865	131.69018	九州旅客鉄道・日豊線
009861	波多浦	32.61524	130.487927	九州旅客鉄道・三角線
009862	三角	32.60788	130.46973	九州旅客鉄道・三角線
009863	小川	32.60128	130.69409	九州旅客鉄道・鹿児島線
009864	延岡	32.589962	131.672528	九州旅客鉄道・日豊線
009865	有佐	32.56284	130.67035	九州旅客鉄道・鹿児島線
009866	南延岡	32.559635	131.676885	九州旅客鉄道・日豊線
009867	千丁	32.532615	130.64569	九州旅客鉄道・鹿児島線
009868	旭ヶ丘	32.52847	131.68134	九州旅客鉄道・日豊線
009869	新八代	32.518093	130.634167	九州旅客鉄道・鹿児島線
009870	新八代	32.517586	130.635033	九州旅客鉄道・九州新幹線
009871	土々呂	32.50783	131.675125	九州旅客鉄道・日豊線
009872	八代	32.50463	130.620743	九州旅客鉄道・鹿児島線
009873	八代	32.50463	130.620743	九州旅客鉄道・肥薩線
009874	八代	32.50463	130.620743	肥薩おれんじ鉄道・肥薩おれんじ鉄道線
009875	門川	32.47754	131.654105	九州旅客鉄道・日豊線
009876	肥後高田	32.475155	130.612455	肥薩おれんじ鉄道・肥薩おれんじ鉄道線
009877	段	32.46818	130.645765	九州旅客鉄道・肥薩線
009878	日奈久温泉	32.436165	130.582045	肥薩おれんじ鉄道・肥薩おれんじ鉄道線
009879	坂本	32.435125	130.657955	九州旅客鉄道・肥薩線
009880	日向市	32.42592	131.62783	九州旅客鉄道・日豊線
009881	肥後二見	32.41982	130.549385	肥薩おれんじ鉄道・肥薩おれんじ鉄道線
009882	葉木	32.41035	130.645405	九州旅客鉄道・肥薩線
009883	財光寺	32.40585	131.627625	九州旅客鉄道・日豊線
009884	上田浦	32.39296	130.51861	肥薩おれんじ鉄道・肥薩おれんじ鉄道線
009885	鎌瀬	32.39105	130.65462	九州旅客鉄道・肥薩線
009886	瀬戸石	32.371565	130.64609	九州旅客鉄道・肥薩線
009887	南日向	32.369915	131.62781	九州旅客鉄道・日豊線
009888	たのうら御立岬公園	32.363425	130.506585	肥薩おれんじ鉄道・肥薩おれんじ鉄道線
009889	肥後田浦	32.350597	130.50467	肥薩おれんじ鉄道・肥薩おれんじ鉄道線
009890	海路	32.349385	130.619235	九州旅客鉄道・肥薩線
009891	吉尾	32.33084	130.600305	九州旅客鉄道・肥薩線
009892	海浦	32.32797	130.48869	肥薩おれんじ鉄道・肥薩おれんじ鉄道線
009893	美々津	32.32592	131.60231	九州旅客鉄道・日豊線
009894	白石	32.30574	130.60836	九州旅客鉄道・肥薩線
009895	佐敷	32.302425	130.497315	肥薩おれんじ鉄道・肥薩おれんじ鉄道線
009896	東都農	32.29025	131.582035	九州旅客鉄道・日豊線
009897	湯前	32.281365	130.979865	くま川鉄道・湯前線
009898	新鶴羽	32.275445	130.96621	くま川鉄道・湯前線
009899	東多良木	32.272245	130.9508	くま川鉄道・湯前線
009900	湯浦	32.271355	130.50454	肥薩おれんじ鉄道・肥薩おれんじ鉄道線
009901	球泉洞	32.26796	130.608165	九州旅客鉄道・肥薩線
009902	多良木	32.262755	130.93319	くま川鉄道・湯前線
009903	公立病院前	32.256035	130.92189	くま川鉄道・湯前線
009904	都農	32.25108	131.568455	九州旅客鉄道・日豊線
009905	一勝地	32.250215	130.652495	九州旅客鉄道・肥薩線
009906	東免田	32.2502	130.91302	くま川鉄道・湯前線
009907	那良口	32.243645	130.66746	九州旅客鉄道・肥薩線
009908	渡	32.23668	130.69484	九州旅客鉄道・肥薩線
009909	あさぎり	32.23625	130.89376	くま川鉄道・湯前線
009910	津奈木	32.2324	130.450215	肥薩おれんじ鉄道・肥薩おれんじ鉄道線
009911	おかどめ幸福	32.23145	130.875105	くま川鉄道・湯前線
009912	西人吉	32.228427	130.725877	九州旅客鉄道・肥薩線
009913	木上	32.224275	130.85891	くま川鉄道・湯前線
009914	相良藩願成寺	32.218365	130.769635	くま川鉄道・湯前線
009915	人吉	32.21614	130.753815	九州旅客鉄道・肥薩線
009916	人吉温泉	32.21614	130.753815	くま川鉄道・湯前線
009917	一武	32.21456	130.83994	くま川鉄道・湯前線
009918	新水俣	32.21095	130.42944	肥薩おれんじ鉄道・肥薩おれんじ鉄道線
009919	新水俣	32.210645	130.428765	九州旅客鉄道・九州新幹線
009920	川村	32.207235	130.79535	くま川鉄道・湯前線
009921	水俣	32.20493	130.396165	肥薩おれんじ鉄道・肥薩おれんじ鉄道線
009922	肥後西村	32.20227	130.808865	くま川鉄道・湯前線
009923	川南	32.19236	131.553305	九州旅客鉄道・日豊線
009924	袋	32.165565	130.37427	肥薩おれんじ鉄道・肥薩おれんじ鉄道線
009925	大畑	32.164965	130.787805	九州旅客鉄道・肥薩線
009926	高鍋	32.122655	131.533935	九州旅客鉄道・日豊線
009927	米ノ津	32.122145	130.341985	肥薩おれんじ鉄道・肥薩おれんじ鉄道線
009928	矢岳	32.10427	130.76982	九州旅客鉄道・肥薩線
009929	出水	32.089427	130.358457	九州旅客鉄道・九州新幹線
009930	出水	32.08932	130.35797	肥薩おれんじ鉄道・肥薩おれんじ鉄道線
009931	西出水	32.075385	130.339285	肥薩おれんじ鉄道・肥薩おれんじ鉄道線
009932	真幸	32.074525	130.72911	九州旅客鉄道・肥薩線
009933	日向新富	32.07231	131.501595	九州旅客鉄道・日豊線
009934	野田郷	32.063235	130.2674	肥薩おれんじ鉄道・肥薩おれんじ鉄道線
009935	高尾野	32.062485	130.301825	肥薩おれんじ鉄道・肥薩おれんじ鉄道線
009936	折口	32.060945	130.217505	肥薩おれんじ鉄道・肥薩おれんじ鉄道線
009937	京町温泉	32.045415	130.767925	九州旅客鉄道・吉都線
009938	えびの	32.04227	130.81617	九州旅客鉄道・吉都線
009939	えびの上江	32.03561	130.85003	九州旅客鉄道・吉都線
009940	鶴丸	32.03058	130.74871	九州旅客鉄道・吉都線
009941	えびの飯野	32.030325	130.871195	九州旅客鉄道・吉都線
009942	阿久根	32.02307	130.196395	肥薩おれんじ鉄道・肥薩おれんじ鉄道線
009943	佐土原	32.022525	131.47742	九州旅客鉄道・日豊線
009944	吉松	32.011865	130.738135	九州旅客鉄道・吉都線
009945	吉松	32.011865	130.738135	九州旅客鉄道・肥薩線
009946	西小林	32.00947	130.921795	九州旅客鉄道・吉都線
009947	日向住吉	31.99105	131.45788	九州旅客鉄道・日豊線
009948	小林	31.99072	130.976095	九州旅客鉄道・吉都線
009949	牛ノ浜	31.97402	130.207165	肥薩おれんじ鉄道・肥薩おれんじ鉄道線
009950	蓮ヶ池	31.960075	131.44273	九州旅客鉄道・日豊線
009951	広原	31.957785	130.984875	九州旅客鉄道・吉都線
009952	栗野	31.95051	130.72335	九州旅客鉄道・肥薩線
009953	薩摩大川	31.94941	130.21914	肥薩おれんじ鉄道・肥薩おれんじ鉄道線
009954	宮崎神宮	31.938685	131.430635	九州旅客鉄道・日豊線
009955	高原	31.926845	130.999	九州旅客鉄道・吉都線
009956	西方	31.9164	130.223745	肥薩おれんじ鉄道・肥薩おれんじ鉄道線
009957	宮崎	31.915815	131.432005	九州旅客鉄道・日豊線
009958	日向前田	31.90864	131.040345	九州旅客鉄道・吉都線
009959	大隅横川	31.90622	130.702925	九州旅客鉄道・肥薩線
009960	南宮崎	31.89529	131.42286	九州旅客鉄道・日南線
009961	南宮崎	31.89529	131.42286	九州旅客鉄道・日豊線
009962	薩摩高城	31.89254	130.22056	肥薩おれんじ鉄道・肥薩おれんじ鉄道線
009963	植村	31.890035	130.724195	九州旅客鉄道・肥薩線
009964	田吉	31.878915	131.43041	九州旅客鉄道・宮崎空港線
009965	田吉	31.878915	131.43041	九州旅客鉄道・日南線
009966	加納	31.876265	131.406525	九州旅客鉄道・日豊線
009967	高崎新田	31.875885	131.06265	九州旅客鉄道・吉都線
009968	宮崎空港	31.872478	131.43958	九州旅客鉄道・宮崎空港線
009969	霧島温泉	31.868147	130.734373	九州旅客鉄道・肥薩線
009970	南方	31.859445	131.434525	九州旅客鉄道・日南線
009971	清武	31.858895	131.388895	九州旅客鉄道・日豊線
009972	草道	31.85441	130.23353	肥薩おれんじ鉄道・肥薩おれんじ鉄道線
009973	日向沓掛	31.8415	131.34436	九州旅客鉄道・日豊線
009974	東高崎	31.84097	131.06502	九州旅客鉄道・吉都線
009975	田野	31.83839	131.30428	九州旅客鉄道・日豊線
009976	上川内	31.835945	130.291725	肥薩おれんじ鉄道・肥薩おれんじ鉄道線
009977	木花	31.83111	131.437035	九州旅客鉄道・日南線
009978	青井岳	31.827873	131.218103	九州旅客鉄道・日豊線
009979	嘉例川	31.826895	130.7229	九州旅客鉄道・肥薩線
009980	運動公園	31.81969	131.44249	九州旅客鉄道・日南線
009981	霧島神宮	31.818202	130.836993	九州旅客鉄道・日豊線
009982	万ヶ塚	31.817175	131.063955	九州旅客鉄道・吉都線
009983	中福良	31.813895	130.733025	九州旅客鉄道・肥薩線
009984	川内	31.81363	130.3122	九州旅客鉄道・鹿児島線
009985	川内	31.81363	130.3122	肥薩おれんじ鉄道・肥薩おれんじ鉄道線
009986	川内	31.813515	130.312405	九州旅客鉄道・九州新幹線
009987	曽山寺	31.81336	131.448345	九州旅客鉄道・日南線
009988	子供の国	31.80737	131.456965	九州旅客鉄道・日南線
009989	青島	31.799525	131.46702	九州旅客鉄道・日南線
009990	表木山	31.796085	130.745175	九州旅客鉄道・肥薩線
009991	隈之城	31.792575	130.307075	九州旅客鉄道・鹿児島線
009992	折生迫	31.789395	131.46748	九州旅客鉄道・日南線
009993	谷頭	31.789195	131.054005	九州旅客鉄道・吉都線
009994	山之口	31.782545	131.15281	九州旅客鉄道・日豊線
009995	北永野田	31.782075	130.87456	九州旅客鉄道・日豊線
009996	大隅大川原	31.772785	130.92428	九州旅客鉄道・日豊線
009997	木場茶屋	31.76612	130.30807	九州旅客鉄道・鹿児島線
009998	日当山	31.763525	130.74974	九州旅客鉄道・肥薩線
009999	日向庄内	31.762125	131.0615	九州旅客鉄道・吉都線
010000	内海	31.758505	131.46741	九州旅客鉄道・日南線
010001	餅原	31.757025	131.132665	九州旅客鉄道・日豊線
010002	北俣	31.74498	130.96003	九州旅客鉄道・日豊線
010003	隼人	31.743765	130.74021	九州旅客鉄道・日豊線
010004	隼人	31.743765	130.74021	九州旅客鉄道・肥薩線
010005	国分	31.743815	130.763607	九州旅客鉄道・日豊線
010006	加治木	31.73925	130.670675	九州旅客鉄道・日豊線
010007	小内海	31.73799	131.46606	九州旅客鉄道・日南線
010008	錦江	31.73688	130.6533	九州旅客鉄道・日豊線
010009	都城	31.7366	131.07401	九州旅客鉄道・吉都線
010010	都城	31.7366	131.07401	九州旅客鉄道・日豊線
010011	三股	31.73376	131.119445	九州旅客鉄道・日豊線
010012	財部	31.728775	130.99153	九州旅客鉄道・日豊線
010013	帖佐	31.72696	130.63281	九州旅客鉄道・日豊線
010014	西都城	31.72333	131.057	九州旅客鉄道・日豊線
010015	串木野	31.721836	130.274434	九州旅客鉄道・鹿児島線
010016	五十市	31.71848	131.033905	九州旅客鉄道・日豊線
010017	姶良	31.715245	130.623235	九州旅客鉄道・日豊線
010018	伊比井	31.71106	131.45614	九州旅客鉄道・日南線
010019	神村学園前	31.703809	130.284002	九州旅客鉄道・鹿児島線
010020	重富	31.702785	130.614135	九州旅客鉄道・日豊線
010021	市来	31.68993	130.302915	九州旅客鉄道・鹿児島線
010022	北郷	31.67836	131.373885	九州旅客鉄道・日南線
010023	湯之元	31.67392	130.336805	九州旅客鉄道・鹿児島線
010024	東市来	31.654995	130.34789	九州旅客鉄道・鹿児島線
010025	竜ヶ水	31.647435	130.60418	九州旅客鉄道・日豊線
010026	内之田	31.642493	131.372573	九州旅客鉄道・日南線
010027	伊集院	31.63016	130.39581	九州旅客鉄道・鹿児島線
010028	飫肥	31.62722	131.361655	九州旅客鉄道・日南線
010029	薩摩松元	31.60538	130.438845	九州旅客鉄道・鹿児島線
010030	日南	31.603025	131.38124	九州旅客鉄道・日南線
010031	鹿児島	31.60228	130.564384	九州旅客鉄道・鹿児島線
010032	鹿児島	31.60228	130.564384	九州旅客鉄道・日豊線
010033	鹿児島駅前	31.601195	130.56235	鹿児島市・第一期線
010034	桜島桟橋通	31.600015	130.56099	鹿児島市・第一期線
010035	水族館口	31.59868	130.55938	鹿児島市・第一期線
010036	市役所前	31.597265	130.55814	鹿児島市・第一期線
010037	朝日通	31.59478	130.557237	鹿児島市・第一期線
010038	上伊集院	31.59416	130.458827	九州旅客鉄道・鹿児島線
010039	いづろ通	31.59156	130.55734	鹿児島市・第一期線
010040	天文館通	31.590515	130.554745	鹿児島市・第一期線
010041	高見馬場	31.588145	130.54987	鹿児島市・第一期線
010042	高見馬場	31.588145	130.54987	鹿児島市・第二期線
010043	加治屋町	31.58705	130.547625	鹿児島市・第二期線
010044	油津	31.586867	131.396043	九州旅客鉄道・日南線
010045	甲東中学校前	31.585945	130.552875	鹿児島市・第一期線
010046	高見橋	31.58588	130.54525	鹿児島市・第二期線
010047	鹿児島中央	31.584283	130.54206	九州旅客鉄道・指宿枕崎線
010048	鹿児島中央	31.584283	130.54206	九州旅客鉄道・鹿児島線
010049	鹿児島中央	31.583775	130.54103	九州旅客鉄道・九州新幹線
010050	鹿児島中央駅前	31.583645	130.54352	鹿児島市・第二期線
010051	鹿児島中央駅前	31.583645	130.54352	鹿児島市・唐湊線
010052	新屋敷	31.58331	130.553847	鹿児島市・第一期線
010053	都通	31.58086	130.543015	鹿児島市・唐湊線
010054	武之橋	31.57946	130.55397	鹿児島市・第一期線
010055	武之橋	31.57946	130.55397	鹿児島市・谷山線
010056	中洲通	31.579025	130.5427	鹿児島市・唐湊線
010057	二中通	31.577397	130.55373	鹿児島市・谷山線
010058	広木	31.57699	130.503453	九州旅客鉄道・鹿児島線
010059	市立病院前	31.575485	130.5417	鹿児島市・唐湊線
010060	荒田八幡	31.573833	130.552995	鹿児島市・谷山線
010061	神田（交通局前）	31.57304	130.540567	鹿児島市・唐湊線
010062	唐湊	31.571405	130.54075	鹿児島市・唐湊線
010063	騎射場	31.569605	130.551935	鹿児島市・谷山線
010064	工学部前	31.56838	130.541845	鹿児島市・唐湊線
010065	純心学園前	31.565835	130.543585	鹿児島市・唐湊線
010066	郡元	31.56564	130.541985	九州旅客鉄道・指宿枕崎線
010067	鴨池	31.565347	130.550463	鹿児島市・谷山線
010068	中郡	31.565065	130.545095	鹿児島市・唐湊線
010069	郡元	31.56321	130.549505	鹿児島市・谷山線
010070	郡元	31.56321	130.549505	鹿児島市・唐湊線
010071	涙橋	31.55951	130.546945	鹿児島市・谷山線
010072	大堂津	31.55691	131.382105	九州旅客鉄道・日南線
010073	南鹿児島	31.5548	130.5436	九州旅客鉄道・指宿枕崎線
010074	南鹿児島駅前	31.554755	130.543895	鹿児島市・谷山線
010075	二軒茶屋	31.55014	130.54139	鹿児島市・谷山線
010076	宇宿一丁目	31.546465	130.539045	鹿児島市・谷山線
010077	脇田	31.54455	130.53784	鹿児島市・谷山線
010078	宇宿	31.544063	130.53622	九州旅客鉄道・指宿枕崎線
010079	笹貫	31.539445	130.53378	鹿児島市・谷山線
010080	南郷	31.535915	131.3721	九州旅客鉄道・日南線
010081	上塩屋	31.535595	130.529595	鹿児島市・谷山線
010082	榎原	31.534685	131.306545	九州旅客鉄道・日南線
010083	谷之口	31.533385	131.34463	九州旅客鉄道・日南線
010084	谷山	31.530165	130.5235	鹿児島市・谷山線
010085	谷山	31.52709	130.51898	九州旅客鉄道・指宿枕崎線
010086	慈眼寺	31.51691	130.50583	九州旅客鉄道・指宿枕崎線
010087	日向大束	31.510605	131.248725	九州旅客鉄道・日南線
010088	坂之上	31.50054	130.50766	九州旅客鉄道・指宿枕崎線
010089	日向北方	31.48305	131.24311	九州旅客鉄道・日南線
010090	五位野	31.475235	130.504085	九州旅客鉄道・指宿枕崎線
010091	志布志	31.47314	131.09853	九州旅客鉄道・日南線
010092	大隅夏井	31.469765	131.13642	九州旅客鉄道・日南線
010093	串間	31.462805	131.23065	九州旅客鉄道・日南線
010094	福島高松	31.45854	131.178305	九州旅客鉄道・日南線
010095	福島今町	31.45686	131.20339	九州旅客鉄道・日南線
010096	平川	31.44917	130.51384	九州旅客鉄道・指宿枕崎線
010097	瀬々串	31.42122	130.522735	九州旅客鉄道・指宿枕崎線
010098	中名	31.39378	130.53505	九州旅客鉄道・指宿枕崎線
010099	喜入	31.371335	130.53883	九州旅客鉄道・指宿枕崎線
010100	前之浜	31.343035	130.557285	九州旅客鉄道・指宿枕崎線
010101	生見	31.307265	130.577605	九州旅客鉄道・指宿枕崎線
010102	薩摩今和泉	31.290685	130.598945	九州旅客鉄道・指宿枕崎線
010103	宮ヶ浜	31.27714	130.619715	九州旅客鉄道・指宿枕崎線
010104	枕崎	31.27211	130.29943	九州旅客鉄道・指宿枕崎線
010105	薩摩板敷	31.262275	130.33108	九州旅客鉄道・指宿枕崎線
010106	石垣	31.259355	130.445205	九州旅客鉄道・指宿枕崎線
010107	松ヶ浦	31.25889	130.394665	九州旅客鉄道・指宿枕崎線
010108	頴娃大川	31.257945	130.413425	九州旅客鉄道・指宿枕崎線
010109	水成川	31.257155	130.43056	九州旅客鉄道・指宿枕崎線
010110	薩摩塩屋	31.25714	130.3762	九州旅客鉄道・指宿枕崎線
010111	白沢	31.25687	130.35665	九州旅客鉄道・指宿枕崎線
010112	二月田	31.25432	130.6301	九州旅客鉄道・指宿枕崎線
010113	御領	31.25208	130.468655	九州旅客鉄道・指宿枕崎線
010114	西頴娃	31.24117	130.491415	九州旅客鉄道・指宿枕崎線
010115	指宿	31.236967	130.64261	九州旅客鉄道・指宿枕崎線
010116	頴娃	31.229035	130.50038	九州旅客鉄道・指宿枕崎線
010117	山川	31.211615	130.63	九州旅客鉄道・指宿枕崎線
010118	入野	31.204325	130.51875	九州旅客鉄道・指宿枕崎線
010119	開聞	31.203975	130.534735	九州旅客鉄道・指宿枕崎線
010120	東開聞	31.200935	130.549875	九州旅客鉄道・指宿枕崎線
010121	大山	31.194985	130.599255	九州旅客鉄道・指宿枕崎線
010122	薩摩川尻	31.19478	130.565525	九州旅客鉄道・指宿枕崎線
010123	西大山	31.190305	130.576445	九州旅客鉄道・指宿枕崎線
010124	浦添前田	26.243837	127.732286	沖縄都市モノレール・沖縄都市モノレール線
010125	てだこ浦西	26.241737	127.741921	沖縄都市モノレール・沖縄都市モノレール線
010126	経塚	26.236704	127.728521	沖縄都市モノレール・沖縄都市モノレール線
010127	古島	26.23064	127.70294	沖縄都市モノレール・沖縄都市モノレール線
010128	市立病院前	26.227335	127.71027	沖縄都市モノレール・沖縄都市モノレール線
010129	石嶺	26.226993	127.729028	沖縄都市モノレール・沖縄都市モノレール線
010130	儀保	26.224495	127.719295	沖縄都市モノレール・沖縄都市モノレール線
010131	おもろまち	26.22266	127.69848	沖縄都市モノレール・沖縄都市モノレール線
010132	首里	26.219175	127.725558	沖縄都市モノレール・沖縄都市モノレール線
010133	美栄橋	26.21916	127.68442	沖縄都市モノレール・沖縄都市モノレール線
010134	牧志	26.217115	127.69256	沖縄都市モノレール・沖縄都市モノレール線
010135	安里	26.216745	127.69573	沖縄都市モノレール・沖縄都市モノレール線
010136	県庁前	26.21439	127.679315	沖縄都市モノレール・沖縄都市モノレール線
010137	旭橋	26.21195	127.67548	沖縄都市モノレール・沖縄都市モノレール線
010138	那覇空港	26.20666	127.652285	沖縄都市モノレール・沖縄都市モノレール線
010139	壺川	26.205785	127.67838	沖縄都市モノレール・沖縄都市モノレール線
010140	奥武山公園	26.200655	127.67524	沖縄都市モノレール・沖縄都市モノレール線
010141	小禄	26.19655	127.66703	沖縄都市モノレール・沖縄都市モノレール線
010142	赤嶺	26.193265	127.660665	沖縄都市モノレール・沖縄都市モノレール線
010143	東宿郷	36.558329	139.903016	宇都宮ライトレール・宇都宮芳賀ライトレール線
010144	駅東公園前	36.558015	139.907261	宇都宮ライトレール・宇都宮芳賀ライトレール線
010145	峰	36.557567	139.914922	宇都宮ライトレール・宇都宮芳賀ライトレール線
010146	陽東3丁目	36.557291	139.922308	宇都宮ライトレール・宇都宮芳賀ライトレール線
010147	宇都宮大学陽東キャンパス	36.557058	139.929161	宇都宮ライトレール・宇都宮芳賀ライトレール線
010148	平石	36.554998	139.939279	宇都宮ライトレール・宇都宮芳賀ライトレール線
010149	平石中央小学校前	36.554821	139.944689	宇都宮ライトレール・宇都宮芳賀ライトレール線
010150	飛山城跡	36.54834	139.963416	宇都宮ライトレール・宇都宮芳賀ライトレール線
010151	清陵高校前	36.544928	139.976308	宇都宮ライトレール・宇都宮芳賀ライトレール線
010152	清原地区市民センター前	36.547612	139.984255	宇都宮ライトレール・宇都宮芳賀ライトレール線
010153	グリーンスタジアム前	36.555797	139.982475	宇都宮ライトレール・宇都宮芳賀ライトレール線
010154	ゆいの杜西	36.567185	139.986254	宇都宮ライトレール・宇都宮芳賀ライトレール線
010155	ゆいの杜中央	36.567737	139.992026	宇都宮ライトレール・宇都宮芳賀ライトレール線
010156	ゆいの杜東	36.567628	139.997775	宇都宮ライトレール・宇都宮芳賀ライトレール線
010157	芳賀台	36.566405	140.005399	宇都宮ライトレール・宇都宮芳賀ライトレール線
010158	芳賀町工業団地管理センター前	36.564957	140.010657	宇都宮ライトレール・宇都宮芳賀ライトレール線
010159	かしの森公園前	36.57239	140.014588	宇都宮ライトレール・宇都宮芳賀ライトレール線
010160	芳賀・高根沢工業団地	36.578482	140.012047	宇都宮ライトレール・宇都宮芳賀ライトレール線
010161	宇都宮駅東口	36.559174	139.899547	宇都宮ライトレール・宇都宮芳賀ライトレール線
010162	櫛田神社前	33.591322	130.411586	福岡市・3号線(七隈線)
010163	博多	33.589675	130.418496	福岡市・3号線(七隈線)
010164	新横浜	35.508951	139.617261	相模鉄道・相鉄新横浜線
010165	新綱島	35.5361	139.636132	東急電鉄・東急新横浜線
010166	新横浜	35.508951	139.617261	東急電鉄・東急新横浜線
010167	日吉	35.55399	139.64703	東急電鉄・東急新横浜線
010168	幕張豊砂	35.658161	140.027073	東日本旅客鉄道・京葉線
010169	前潟	39.713064	141.100879	東日本旅客鉄道・田沢湖線
010170	福島	34.69718	135.48658	西日本旅客鉄道・東海道線
010171	釜石	39.2733	141.872745	三陸鉄道・南リアス線
010172	宮古	39.639895	141.947365	三陸鉄道・北リアス線
010173	大村車両基地	32.955382	129.944479	九州旅客鉄道・大村線
010174	西松任	36.517821	136.549101	IRいしかわ鉄道・IRいしかわ鉄道線
010175	大聖寺	36.30009	136.31385	IRいしかわ鉄道・IRいしかわ鉄道線
010176	小松	36.40234	136.453097	西日本旅客鉄道・北陸新幹線
010177	加賀温泉	36.320291	136.350813	西日本旅客鉄道・北陸新幹線
010178	芦原温泉	36.215428	136.235363	西日本旅客鉄道・北陸新幹線
010179	福井	36.061649	136.223383	西日本旅客鉄道・北陸新幹線
010180	越前たけふ	35.895668	136.198915	西日本旅客鉄道・北陸新幹線
010181	敦賀	35.644955	136.077918	西日本旅客鉄道・北陸新幹線
010182	加木屋中ノ池	35.000137	136.90235	名古屋鉄道・河和線
010183	箕面萱野	34.831523	135.489038	北大阪急行電鉄・南北線
010184	箕面船場阪大前	34.821701	135.490289	北大阪急行電鉄・南北線
010185	桜並木	33.544777	130.466472	西日本鉄道・天神大牟田線
010186	敦賀	35.644692	136.076587	ハピラインふくい・ハピラインふくい線
010187	上所	37.906952	139.045345	東日本旅客鉄道・越後線
010188	夢洲	34.651804	135.389316	大阪市高速電気軌道・4号線(中央線)
010189	稲荷町	34.393152	132.472169	広島電鉄・本線
010190	松川町	34.390238	132.471257	広島電鉄・皆実線
010191	仙巌園	31.616573	130.576646	九州旅客鉄道・日豊線
